{
  "name": "map_deck9",
  "theme": "summer_day",

  "id": 378731,
  "preview": 627697,

  "visual": {
    "angleX": -1,
    "angleZ": -0.5,

    "lightColor": 13090219,
    "shadowColor": 5530735,

    "fogAlpha": 0.25,
    "fogColor": 14545407,

    "farLimit": 10000,
    "nearLimit": 5000,

    "gravity": 1000,
    "skyboxRevolutionSpeed": 0,
    "ssaoColor": 2045258,

    "dustAlpha": 0.75,
    "dustDensity": 0.15000000596046448,
    "dustFarDistance": 7000,
    "dustNearDistance": 5000,
    "dustParticle": "summer",
    "dustSize": 200
  },
  "skybox": "Mountains",
  "resources": {
    "proplibs": [
      "Broken Walls",
      "Bush",
      "Industrial Bridge",
      "Land Rocks",
      "Land Tiles",
      "NuBu 5",
      "Outer Walls",
      "Promotion",
      "Stuffs"
    ],
    "map": { "id": 378731, "version": 1 }
  },
  "spawnPoints": [
    {
      "mode": "DM",
      "position": { "x": 5250, "y": 3750, "z": 0 },
      "rotation": { "x": 0, "y": 0, "z": 0 }
    },
    {
      "team": "RED",
      "position": { "x": 5250, "y": 1000, "z": 0 },
      "rotation": { "x": 0, "y": 0, "z": 0 }
    },
    {
      "mode": "DM",
      "position": { "x": -2875, "y": 2250, "z": -300 },
      "rotation": { "x": 0, "y": 0, "z": -300 }
    },
    {
      "mode": "CP",
      "team": "BLUE",
      "position": { "x": 0, "y": -500, "z": -300 },
      "rotation": { "x": 0, "y": 0, "z": -300 }
    },
    {
      "team": "RED",
      "position": { "x": 5250, "y": 2500, "z": 0 },
      "rotation": { "x": 0, "y": 0, "z": 0 }
    },
    {
      "mode": "DM",
      "position": { "x": -3125, "y": -625, "z": -300 },
      "rotation": { "x": 0, "y": 0, "z": -300 }
    },
    {
      "mode": "DM",
      "position": { "x": -250, "y": 3812.5, "z": -300 },
      "rotation": { "x": 0, "y": 0, "z": -300 }
    },
    {
      "team": "BLUE",
      "position": { "x": -3000, "y": 750, "z": -300 },
      "rotation": { "x": 0, "y": 0, "z": -300 }
    },
    {
      "team": "RED",
      "position": { "x": 1750, "y": 250, "z": 300 },
      "rotation": { "x": 0, "y": 0, "z": 300 }
    },
    {
      "team": "RED",
      "position": { "x": 1750, "y": 3250, "z": 300 },
      "rotation": { "x": 0, "y": 0, "z": 300 }
    },
    {
      "team": "BLUE",
      "position": { "x": -3000, "y": 2750, "z": -300 },
      "rotation": { "x": 0, "y": 0, "z": -300 }
    },
    {
      "mode": "CP",
      "team": "BLUE",
      "position": { "x": -3000, "y": -500, "z": -300 },
      "rotation": { "x": 0, "y": 0, "z": -300 }
    },
    {
      "mode": "CP",
      "team": "RED",
      "position": { "x": 4500, "y": 3500, "z": 0 },
      "rotation": { "x": 0, "y": 0, "z": 0 }
    },
    {
      "mode": "DM",
      "position": { "x": 5250, "y": 1750, "z": 0 },
      "rotation": { "x": 0, "y": 0, "z": 0 }
    },
    {
      "team": "RED",
      "position": { "x": 3312.5, "y": 2250, "z": 0 },
      "rotation": { "x": 0, "y": 0, "z": 0 }
    },
    {
      "team": "BLUE",
      "position": { "x": -1000, "y": 2750, "z": -300 },
      "rotation": { "x": 0, "y": 0, "z": -300 }
    },
    {
      "mode": "DM",
      "position": { "x": -3125, "y": 4125, "z": -300 },
      "rotation": { "x": 0, "y": 0, "z": -300 }
    },
    {
      "mode": "DM",
      "position": { "x": -250, "y": 3250, "z": 600 },
      "rotation": { "x": 0, "y": 0, "z": 600 }
    },
    {
      "mode": "DM",
      "position": { "x": -1187.5, "y": 2187.5, "z": -300 },
      "rotation": { "x": 0, "y": 0, "z": -300 }
    },
    {
      "team": "RED",
      "position": { "x": -250, "y": 250, "z": 600 },
      "rotation": { "x": 0, "y": 0, "z": 600 }
    },
    {
      "mode": "DM",
      "position": { "x": 2250, "y": -750, "z": 0 },
      "rotation": { "x": 0, "y": 0, "z": 0 }
    },
    {
      "mode": "CP",
      "team": "BLUE",
      "position": { "x": -1750, "y": -500, "z": -300 },
      "rotation": { "x": 0, "y": 0, "z": -300 }
    },
    {
      "mode": "DM",
      "position": { "x": -1750, "y": -250, "z": -300 },
      "rotation": { "x": 0, "y": 0, "z": -300 }
    },
    {
      "team": "RED",
      "position": { "x": 3312.5, "y": 1250, "z": 0 },
      "rotation": { "x": 0, "y": 0, "z": 0 }
    },
    {
      "team": "BLUE",
      "position": { "x": -1000, "y": 750, "z": -300 },
      "rotation": { "x": 0, "y": 0, "z": -300 }
    },
    {
      "team": "RED",
      "position": { "x": 3312.5, "y": 3250, "z": 0 },
      "rotation": { "x": 0, "y": 0, "z": 0 }
    },
    {
      "team": "RED",
      "position": { "x": -250, "y": 3250, "z": 600 },
      "rotation": { "x": 0, "y": 0, "z": 600 }
    },
    {
      "mode": "DM",
      "position": { "x": 4750, "y": -250, "z": 0 },
      "rotation": { "x": 0, "y": 0, "z": 0 }
    },
    {
      "team": "RED",
      "position": { "x": 3312.5, "y": 2750, "z": 0 },
      "rotation": { "x": 0, "y": 0, "z": 0 }
    },
    {
      "mode": "DM",
      "position": { "x": -250, "y": -500, "z": -300 },
      "rotation": { "x": 0, "y": 0, "z": -300 }
    },
    {
      "mode": "DM",
      "position": { "x": -250, "y": 250, "z": 600 },
      "rotation": { "x": 0, "y": 0, "z": 600 }
    },
    {
      "mode": "DM",
      "position": { "x": 750, "y": 1750, "z": 300 },
      "rotation": { "x": 0, "y": 0, "z": 300 }
    },
    {
      "mode": "CP",
      "team": "BLUE",
      "position": { "x": 4500, "y": 0, "z": 0 },
      "rotation": { "x": 0, "y": 0, "z": 0 }
    },
    {
      "mode": "DM",
      "position": { "x": 2250, "y": 4250, "z": 0 },
      "rotation": { "x": 0, "y": 0, "z": 0 }
    },
    {
      "team": "RED",
      "position": { "x": 3312.5, "y": 250, "z": 0 },
      "rotation": { "x": 0, "y": 0, "z": 0 }
    },
    {
      "mode": "CP",
      "team": "BLUE",
      "position": { "x": 5250, "y": 0, "z": 0 },
      "rotation": { "x": 0, "y": 0, "z": 0 }
    },
    {
      "mode": "CP",
      "team": "RED",
      "position": { "x": 3500, "y": 3500, "z": 0 },
      "rotation": { "x": 0, "y": 0, "z": 0 }
    },
    {
      "team": "BLUE",
      "position": { "x": -1250, "y": 1750, "z": -300 },
      "rotation": { "x": 0, "y": 0, "z": -300 }
    },
    {
      "team": "RED",
      "position": { "x": 3312.5, "y": 750, "z": 0 },
      "rotation": { "x": 0, "y": 0, "z": 0 }
    },
    {
      "mode": "CP",
      "team": "BLUE",
      "position": { "x": 3500, "y": 0, "z": 0 },
      "rotation": { "x": 0, "y": 0, "z": 0 }
    },
    {
      "mode": "DM",
      "position": { "x": -1750, "y": 3812.5, "z": -300 },
      "rotation": { "x": 0, "y": 0, "z": -300 }
    },
    {
      "mode": "CP",
      "team": "BLUE",
      "position": { "x": 4250, "y": 0, "z": 0 },
      "rotation": { "x": 0, "y": 0, "z": 0 }
    },
    {
      "mode": "CP",
      "team": "RED",
      "position": { "x": -1750, "y": 4000, "z": -300 },
      "rotation": { "x": 0, "y": 0, "z": -300 }
    },
    {
      "mode": "CP",
      "team": "RED",
      "position": { "x": -3000, "y": 4000, "z": -300 },
      "rotation": { "x": 0, "y": 0, "z": -300 }
    },
    {
      "mode": "CP",
      "team": "RED",
      "position": { "x": 0, "y": 4000, "z": -300 },
      "rotation": { "x": 0, "y": 0, "z": -300 }
    },
    {
      "team": "RED",
      "position": { "x": 3375, "y": 1750, "z": 0 },
      "rotation": { "x": 0, "y": 0, "z": 0 }
    },
    {
      "mode": "CP",
      "team": "RED",
      "position": { "x": 4250, "y": 3500, "z": 0 },
      "rotation": { "x": 0, "y": 0, "z": 0 }
    },
    {
      "mode": "CP",
      "team": "RED",
      "position": { "x": 5250, "y": 3500, "z": 0 },
      "rotation": { "x": 0, "y": 0, "z": 0 }
    },
    {
      "mode": "DM",
      "position": { "x": -2875, "y": 1250, "z": -300 },
      "rotation": { "x": 0, "y": 0, "z": -300 }
    },
    {
      "mode": "DM",
      "position": { "x": -1187.5, "y": 1312.5, "z": -300 },
      "rotation": { "x": 0, "y": 0, "z": -300 }
    },
    {
      "team": "BLUE",
      "position": { "x": -3000, "y": -500, "z": -300 },
      "rotation": { "x": 0, "y": 0, "z": -300 }
    },
    {
      "mode": "DM",
      "position": { "x": 4750, "y": 3750, "z": 0 },
      "rotation": { "x": 0, "y": 0, "z": 0 }
    },
    {
      "mode": "DM",
      "position": { "x": 5250, "y": -250, "z": 0 },
      "rotation": { "x": 0, "y": 0, "z": 0 }
    },
    {
      "team": "BLUE",
      "position": { "x": -3000, "y": 4000, "z": -300 },
      "rotation": { "x": 0, "y": 0, "z": -300 }
    }
  ],
  "flags": {
    "RED": {
      "position": { "x": 4250, "y": 1750, "z": 0 }
    },
    "BLUE": {
      "position": { "x": -750, "y": 1750, "z": -300 }
    }
  },
  "points": [
    {
      "id": "A",
      "distance": 1000,
      "free": false,
      "position": { "x": -750, "y": 1750, "z": -300 }
    },
    {
      "id": "B",
      "distance": 1000,
      "free": false,
      "position": { "x": 2750, "y": 1750, "z": 0 }
    }
  ],
  "bonuses": [
    {
      "name": "free-bonus",
      "free": true,
      "types": [ "double_armor" ],
      "modes": [ "CTF", "DM", "CP", "TDM" ],
      "parachute": true,
      "position": {
        "min": { "x": -3000, "y": 3750, "z": 150 },
        "max": { "x": -1500, "y": 4250, "z": 450 }
      },
      "rotation": { "x": 0, "y": 0, "z": 0 }
    },
    {
      "name": "free-bonus",
      "free": true,
      "types": [ "gold", "crystal" ],
      "modes": [ "CTF", "DM", "CP", "TDM" ],
      "parachute": true,
      "position": {
        "min": { "x": 1000, "y": 3625, "z": 900 },
        "max": { "x": 1500, "y": 4375, "z": 1200 }
      },
      "rotation": { "x": 0, "y": 0, "z": 0 }
    },
    {
      "name": "free-bonus",
      "free": true,
      "types": [ "double_damage" ],
      "modes": [ "CTF", "DM", "CP", "TDM" ],
      "parachute": true,
      "position": {
        "min": { "x": 3750, "y": 3250, "z": 600 },
        "max": { "x": 4750, "y": 3750, "z": 900 }
      },
      "rotation": { "x": 0, "y": 0, "z": 0 }
    },
    {
      "name": "free-bonus",
      "free": true,
      "types": [ "gold", "crystal" ],
      "modes": [ "CTF", "DM", "CP", "TDM" ],
      "parachute": true,
      "position": {
        "min": { "x": 500, "y": 3625, "z": 900 },
        "max": { "x": 1000, "y": 4375, "z": 1200 }
      },
      "rotation": { "x": 0, "y": 0, "z": 0 }
    },
    {
      "name": "free-bonus",
      "free": true,
      "types": [ "nitro" ],
      "modes": [ "CP" ],
      "parachute": true,
      "position": {
        "min": { "x": -375, "y": 1625, "z": -300 },
        "max": { "x": -125, "y": 1875, "z": 0 }
      },
      "rotation": { "x": 0, "y": 0, "z": 0 }
    },
    {
      "name": "free-bonus",
      "free": true,
      "types": [ "double_armor" ],
      "modes": [ "CTF", "DM", "CP", "TDM" ],
      "parachute": true,
      "position": {
        "min": { "x": 3750, "y": -250, "z": 600 },
        "max": { "x": 4750, "y": 250, "z": 900 }
      },
      "rotation": { "x": 0, "y": 0, "z": 0 }
    },
    {
      "name": "free-bonus",
      "free": true,
      "types": [ "gold", "crystal" ],
      "modes": [ "CTF", "DM", "CP", "TDM" ],
      "parachute": true,
      "position": {
        "min": { "x": 1000, "y": -875, "z": 900 },
        "max": { "x": 1500, "y": -125, "z": 1200 }
      },
      "rotation": { "x": 0, "y": 0, "z": 0 }
    },
    {
      "name": "free-bonus",
      "free": true,
      "types": [ "double_damage" ],
      "modes": [ "CTF", "DM", "CP", "TDM" ],
      "parachute": true,
      "position": {
        "min": { "x": -3000, "y": -750, "z": 150 },
        "max": { "x": -1500, "y": -250, "z": 450 }
      },
      "rotation": { "x": 0, "y": 0, "z": 0 }
    },
    {
      "name": "free-bonus",
      "free": true,
      "types": [ "health" ],
      "modes": [ "CTF", "DM", "CP", "TDM" ],
      "parachute": true,
      "position": {
        "min": { "x": -3250, "y": 1000, "z": 150 },
        "max": { "x": -2750, "y": 2500, "z": 450 }
      },
      "rotation": { "x": 0, "y": 0, "z": 0 }
    },
    {
      "name": "free-bonus",
      "free": true,
      "types": [ "gold", "crystal" ],
      "modes": [ "CTF", "DM", "CP", "TDM" ],
      "parachute": true,
      "position": {
        "min": { "x": 500, "y": -875, "z": 900 },
        "max": { "x": 1000, "y": -125, "z": 1200 }
      },
      "rotation": { "x": 0, "y": 0, "z": 0 }
    },
    {
      "name": "free-bonus",
      "free": true,
      "types": [ "nitro" ],
      "modes": [ "CP" ],
      "parachute": true,
      "position": {
        "min": { "x": 3125, "y": 1625, "z": 600 },
        "max": { "x": 3375, "y": 1875, "z": 900 }
      },
      "rotation": { "x": 0, "y": 0, "z": 0 }
    },
    {
      "name": "free-bonus",
      "free": true,
      "types": [ "health" ],
      "modes": [ "CTF", "DM", "CP", "TDM" ],
      "parachute": true,
      "position": {
        "min": { "x": -500, "y": 1250, "z": 1200 },
        "max": { "x": 0, "y": 2150, "z": 1500 }
      },
      "rotation": { "x": 0, "y": 0, "z": 0 }
    }
  ]
}
