{
  "name": "map_aleksandrovsk",
  "theme": "summer_night",

  "id": 803428,
  "preview": 639103,

  "visual": {
    "angleX": -0.6000000238418579,
    "angleZ": -0.800000011920929,

    "lightColor": 4216936,
    "shadowColor": 1382169,

    "fogAlpha": 0.25,
    "fogColor": 68116,

    "farLimit": 10000,
    "nearLimit": 5000,

    "gravity": 1000,
    "skyboxRevolutionSpeed": 0,
    "ssaoColor": 2045258,

    "dustAlpha": 0.75,
    "dustDensity": 0.15000000596046448,
    "dustFarDistance": 7000,
    "dustNearDistance": 5000,
    "dustParticle": "summer",
    "dustSize": 200
  },
  "skybox": "Hills Night",
  "resources": {
    "proplibs": [
      "Bridge Parts",
      "Bush",
      "City Builds",
      "Cliffs",
      "Concrete Tiles",
      "Concrete Walls",
      "Grass Tiles",
      "NuBu 12",
      "NuBu 2",
      "NuBu 3",
      "NuBu 9",
      "Roadblock",
      "Slopes Rises",
      "Trees",
      "Village Builds"
    ],
    "map": { "id": 803428, "version": 1 }
  },
  "spawnPoints": [
    {
      "mode": "DM",
      "position": { "x": -4750, "y": 11000, "z": 0 },
      "rotation": { "x": 0, "y": 0, "z": 0 }
    },
    {
      "mode": "DM",
      "position": { "x": 4250, "y": 9250, "z": 0 },
      "rotation": { "x": 0, "y": 0, "z": 0 }
    },
    {
      "mode": "DM",
      "position": { "x": 5687.5, "y": 7781.25, "z": 0 },
      "rotation": { "x": 0, "y": 0, "z": 0 }
    },
    {
      "mode": "DM",
      "position": { "x": -9500, "y": 2750, "z": -600 },
      "rotation": { "x": 0, "y": 0, "z": -600 }
    },
    {
      "team": "RED",
      "position": { "x": -9500, "y": 2750, "z": -600 },
      "rotation": { "x": 0, "y": 0, "z": -600 }
    },
    {
      "mode": "DM",
      "position": { "x": -2000, "y": 7750, "z": 300 },
      "rotation": { "x": 0, "y": 0, "z": 300 }
    },
    {
      "mode": "DM",
      "position": { "x": -7250, "y": 7250, "z": -600 },
      "rotation": { "x": 0, "y": 0, "z": -600 }
    },
    {
      "team": "BLUE",
      "position": { "x": 8250, "y": -8750, "z": 0 },
      "rotation": { "x": 0, "y": 0, "z": 0 }
    },
    {
      "mode": "DM",
      "position": { "x": -7500, "y": -7750, "z": -600 },
      "rotation": { "x": 0, "y": 0, "z": -600 }
    },
    {
      "team": "BLUE",
      "position": { "x": 8625, "y": -5750, "z": 0 },
      "rotation": { "x": 0, "y": 0, "z": 0 }
    },
    {
      "mode": "DM",
      "position": { "x": -2281.25, "y": -8468.75, "z": 0 },
      "rotation": { "x": 0, "y": 0, "z": 0 }
    },
    {
      "mode": "DM",
      "position": { "x": 6406.25, "y": -4468.75, "z": 0 },
      "rotation": { "x": 0, "y": 0, "z": 0 }
    },
    {
      "mode": "DM",
      "position": { "x": 500, "y": 9250, "z": 300 },
      "rotation": { "x": 0, "y": 0, "z": 300 }
    },
    {
      "mode": "DM",
      "position": { "x": -7750, "y": 1750, "z": 0 },
      "rotation": { "x": 0, "y": 0, "z": 0 }
    },
    {
      "team": "BLUE",
      "position": { "x": 3250, "y": -8750, "z": 0 },
      "rotation": { "x": 0, "y": 0, "z": 0 }
    },
    {
      "mode": "DM",
      "position": { "x": 4500, "y": -10500, "z": 0 },
      "rotation": { "x": 0, "y": 0, "z": 0 }
    },
    {
      "mode": "DM",
      "position": { "x": -9718.75, "y": 10750, "z": 0 },
      "rotation": { "x": 0, "y": 0, "z": 0 }
    },
    {
      "mode": "DM",
      "position": { "x": 6250, "y": -9500, "z": 0 },
      "rotation": { "x": 0, "y": 0, "z": 0 }
    },
    {
      "mode": "DM",
      "position": { "x": 4750, "y": -1500, "z": 0 },
      "rotation": { "x": 0, "y": 0, "z": 0 }
    },
    {
      "team": "BLUE",
      "position": { "x": 5000, "y": -10500, "z": 0 },
      "rotation": { "x": 0, "y": 0, "z": 0 }
    },
    {
      "mode": "DM",
      "position": { "x": -10500, "y": -6000, "z": -600 },
      "rotation": { "x": 0, "y": 0, "z": -600 }
    },
    {
      "mode": "DM",
      "position": { "x": -10750, "y": -10500, "z": 0 },
      "rotation": { "x": 0, "y": 0, "z": 0 }
    },
    {
      "mode": "DM",
      "position": { "x": -2500, "y": -4750, "z": 0 },
      "rotation": { "x": 0, "y": 0, "z": 0 }
    },
    {
      "team": "BLUE",
      "position": { "x": 5250, "y": -4750, "z": 0 },
      "rotation": { "x": 0, "y": 0, "z": 0 }
    },
    {
      "team": "RED",
      "position": { "x": -8250, "y": 10750, "z": 0 },
      "rotation": { "x": 0, "y": 0, "z": 0 }
    },
    {
      "mode": "DM",
      "position": { "x": 8250, "y": 6250, "z": 0 },
      "rotation": { "x": 0, "y": 0, "z": 0 }
    },
    {
      "mode": "DM",
      "position": { "x": 8500, "y": 1468.75, "z": 0 },
      "rotation": { "x": 0, "y": 0, "z": 0 }
    },
    {
      "team": "RED",
      "position": { "x": -10250, "y": 4250, "z": -600 },
      "rotation": { "x": 0, "y": 0, "z": -600 }
    },
    {
      "mode": "DM",
      "position": { "x": -1187.5, "y": -10500, "z": 0 },
      "rotation": { "x": 0, "y": 0, "z": 0 }
    },
    {
      "team": "BLUE",
      "position": { "x": 8750, "y": -4000, "z": 0 },
      "rotation": { "x": 0, "y": 0, "z": 0 }
    },
    {
      "mode": "DM",
      "position": { "x": -9250, "y": -3250, "z": -600 },
      "rotation": { "x": 0, "y": 0, "z": -600 }
    },
    {
      "team": "BLUE",
      "position": { "x": 5250, "y": -1500, "z": 0 },
      "rotation": { "x": 0, "y": 0, "z": 0 }
    },
    {
      "mode": "DM",
      "position": { "x": -7250, "y": 6250, "z": -600 },
      "rotation": { "x": 0, "y": 0, "z": -600 }
    },
    {
      "team": "RED",
      "position": { "x": -7250, "y": 6250, "z": -600 },
      "rotation": { "x": 0, "y": 0, "z": -600 }
    },
    {
      "team": "BLUE",
      "position": { "x": 8625, "y": -6750, "z": 0 },
      "rotation": { "x": 0, "y": 0, "z": 0 }
    },
    {
      "mode": "DM",
      "position": { "x": -3250, "y": -10500, "z": 0 },
      "rotation": { "x": 0, "y": 0, "z": 0 }
    },
    {
      "mode": "DM",
      "position": { "x": -10250, "y": 6750, "z": -600 },
      "rotation": { "x": 0, "y": 0, "z": -600 }
    },
    {
      "team": "RED",
      "position": { "x": -11000, "y": 8750, "z": 0 },
      "rotation": { "x": 0, "y": 0, "z": 0 }
    },
    {
      "mode": "DM",
      "position": { "x": 4500, "y": -6250, "z": 0 },
      "rotation": { "x": 0, "y": 0, "z": 0 }
    },
    {
      "team": "RED",
      "position": { "x": -7250, "y": 7250, "z": -600 },
      "rotation": { "x": 0, "y": 0, "z": -600 }
    },
    {
      "team": "RED",
      "position": { "x": -5750, "y": 11000, "z": 0 },
      "rotation": { "x": 0, "y": 0, "z": 0 }
    },
    {
      "team": "RED",
      "position": { "x": -10250, "y": 7250, "z": -600 },
      "rotation": { "x": 0, "y": 0, "z": -600 }
    },
    {
      "mode": "DM",
      "position": { "x": 8468.75, "y": 4312.5, "z": 0 },
      "rotation": { "x": 0, "y": 0, "z": 0 }
    }
  ],
  "flags": {
    "RED": {
      "position": { "x": -8500, "y": 6250, "z": -600 }
    },
    "BLUE": {
      "position": { "x": 6250, "y": -5750, "z": 0 }
    }
  },
  "points": [
    {
      "id": "A",
      "distance": 1000,
      "free": false,
      "position": { "x": 2250, "y": 1750, "z": 600 }
    }
  ],
  "bonuses": [
    {
      "name": "free-bonus",
      "free": true,
      "types": [ "nitro" ],
      "modes": [ "CP", "TDM", "CTF", "DM" ],
      "parachute": true,
      "position": {
        "min": { "x": -8750, "y": 9250, "z": 600 },
        "max": { "x": -8250, "y": 9750, "z": 900 }
      },
      "rotation": { "x": 0, "y": 0, "z": 0 }
    },
    {
      "name": "free-bonus",
      "free": true,
      "types": [ "double_damage" ],
      "modes": [ "CP", "TDM", "CTF", "DM" ],
      "parachute": true,
      "position": {
        "min": { "x": -3750, "y": 6000, "z": 750 },
        "max": { "x": -2750, "y": 6500, "z": 1050 }
      },
      "rotation": { "x": 0, "y": 0, "z": 0 }
    },
    {
      "name": "free-bonus",
      "free": true,
      "types": [ "crystal", "gold" ],
      "modes": [ "CP" ],
      "parachute": true,
      "position": {
        "min": { "x": 500, "y": -1250, "z": 1500 },
        "max": { "x": 1500, "y": -250, "z": 1800 }
      },
      "rotation": { "x": 0, "y": 0, "z": 0 }
    },
    {
      "name": "free-bonus",
      "free": true,
      "types": [ "nitro" ],
      "modes": [ "CP", "TDM", "CTF", "DM" ],
      "parachute": true,
      "position": {
        "min": { "x": 2250, "y": -8625, "z": 900 },
        "max": { "x": 2750, "y": -8125, "z": 1200 }
      },
      "rotation": { "x": 0, "y": 0, "z": 0 }
    },
    {
      "name": "free-bonus",
      "free": true,
      "types": [ "health" ],
      "modes": [ "CP", "TDM", "CTF", "DM" ],
      "parachute": true,
      "position": {
        "min": { "x": 4000, "y": 1250, "z": 1500 },
        "max": { "x": 4500, "y": 1750, "z": 1800 }
      },
      "rotation": { "x": 0, "y": 0, "z": 0 }
    },
    {
      "name": "free-bonus",
      "free": true,
      "types": [ "gold", "gold" ],
      "modes": [ "CP", "TDM", "CTF", "DM" ],
      "parachute": true,
      "position": {
        "min": { "x": 500, "y": -1000, "z": 1800 },
        "max": { "x": 1500, "y": -500, "z": 2100 }
      },
      "rotation": { "x": 0, "y": 0, "z": 0 }
    },
    {
      "name": "free-bonus",
      "free": true,
      "types": [ "gold", "gold" ],
      "modes": [ "CP", "DM" ],
      "parachute": true,
      "position": {
        "min": { "x": 500, "y": 6000, "z": 1050 },
        "max": { "x": 1000, "y": 6500, "z": 1350 }
      },
      "rotation": { "x": 0, "y": 0, "z": 0 }
    },
    {
      "name": "free-bonus",
      "free": true,
      "types": [ "gold" ],
      "modes": [ "CP", "DM" ],
      "parachute": true,
      "position": {
        "min": { "x": 3812.5, "y": 937.5, "z": 1500 },
        "max": { "x": 4812.5, "y": 1937.5, "z": 1800 }
      },
      "rotation": { "x": 0, "y": 0, "z": 0 }
    },
    {
      "name": "free-bonus",
      "free": true,
      "types": [ "double_armor" ],
      "modes": [ "CP", "TDM", "CTF", "DM" ],
      "parachute": true,
      "position": {
        "min": { "x": -9750, "y": -500, "z": 300 },
        "max": { "x": -9250, "y": 0, "z": 600 }
      },
      "rotation": { "x": 0, "y": 0, "z": 0 }
    },
    {
      "name": "free-bonus",
      "free": true,
      "types": [ "crystal", "gold" ],
      "modes": [ "CP", "TDM", "CTF", "DM" ],
      "parachute": true,
      "position": {
        "min": { "x": 4550, "y": -2450, "z": 900 },
        "max": { "x": 5050, "y": -1950, "z": 1200 }
      },
      "rotation": { "x": 0, "y": 0, "z": 0 }
    },
    {
      "name": "free-bonus",
      "free": true,
      "types": [ "double_damage" ],
      "modes": [ "CP", "TDM", "CTF", "DM" ],
      "parachute": true,
      "position": {
        "min": { "x": -7000, "y": 2000, "z": 900 },
        "max": { "x": -6500, "y": 2500, "z": 1200 }
      },
      "rotation": { "x": 0, "y": 0, "z": 0 }
    },
    {
      "name": "free-bonus",
      "free": true,
      "types": [ "double_damage" ],
      "modes": [ "CP", "TDM", "CTF", "DM" ],
      "parachute": true,
      "position": {
        "min": { "x": -2250, "y": -8250, "z": 900 },
        "max": { "x": -1750, "y": -7750, "z": 1200 }
      },
      "rotation": { "x": 0, "y": 0, "z": 0 }
    },
    {
      "name": "free-bonus",
      "free": true,
      "types": [ "double_damage", "double_armor" ],
      "modes": [ "CP", "TDM", "CTF", "DM" ],
      "parachute": true,
      "position": {
        "min": { "x": 7250, "y": 3000, "z": 900 },
        "max": { "x": 7750, "y": 3500, "z": 1200 }
      },
      "rotation": { "x": 0, "y": 0, "z": 0 }
    },
    {
      "name": "free-bonus",
      "free": true,
      "types": [ "health", "gold" ],
      "modes": [ "CP", "TDM", "CTF", "DM" ],
      "parachute": true,
      "position": {
        "min": { "x": -1000, "y": 1500, "z": 1500 },
        "max": { "x": -500, "y": 2000, "z": 1800 }
      },
      "rotation": { "x": 0, "y": 0, "z": 0 }
    },
    {
      "name": "free-bonus",
      "free": true,
      "types": [ "nitro" ],
      "modes": [ "CP", "TDM", "CTF", "DM" ],
      "parachute": true,
      "position": {
        "min": { "x": -5000, "y": -9750, "z": 900 },
        "max": { "x": -4500, "y": -9250, "z": 1200 }
      },
      "rotation": { "x": 0, "y": 0, "z": 0 }
    },
    {
      "name": "free-bonus",
      "free": true,
      "types": [ "gold", "health", "crystal", "gold" ],
      "modes": [ "CP", "TDM", "CTF", "DM" ],
      "parachute": true,
      "position": {
        "min": { "x": -5250, "y": -1750, "z": 1500 },
        "max": { "x": -4250, "y": -250, "z": 1800 }
      },
      "rotation": { "x": 0, "y": 0, "z": 0 }
    },
    {
      "name": "free-bonus",
      "free": true,
      "types": [ "nitro" ],
      "modes": [ "CP", "TDM", "CTF", "DM" ],
      "parachute": true,
      "position": {
        "min": { "x": 7500, "y": -2000, "z": 900 },
        "max": { "x": 8000, "y": -1500, "z": 1200 }
      },
      "rotation": { "x": 0, "y": 0, "z": 0 }
    },
    {
      "name": "free-bonus",
      "free": true,
      "types": [ "gold", "gold" ],
      "modes": [ "DM" ],
      "parachute": true,
      "position": {
        "min": { "x": 4500, "y": -2437.5, "z": 1125 },
        "max": { "x": 5000, "y": -1937.5, "z": 1425 }
      },
      "rotation": { "x": 0, "y": 0, "z": 0 }
    },
    {
      "name": "free-bonus",
      "free": true,
      "types": [ "gold", "crystal", "gold" ],
      "modes": [ "TDM", "CTF", "DM" ],
      "parachute": true,
      "position": {
        "min": { "x": 1750, "y": 1250, "z": 1500 },
        "max": { "x": 2750, "y": 2250, "z": 1800 }
      },
      "rotation": { "x": 0, "y": 0, "z": 0 }
    },
    {
      "name": "free-bonus",
      "free": true,
      "types": [ "double_armor" ],
      "modes": [ "CP", "TDM", "CTF", "DM" ],
      "parachute": true,
      "position": {
        "min": { "x": 2500, "y": -4000, "z": 900 },
        "max": { "x": 3000, "y": -3500, "z": 1200 }
      },
      "rotation": { "x": 0, "y": 0, "z": 0 }
    },
    {
      "name": "free-bonus",
      "free": true,
      "types": [ "double_armor" ],
      "modes": [ "CP", "TDM", "CTF", "DM" ],
      "parachute": true,
      "position": {
        "min": { "x": -6500, "y": 2500, "z": 900 },
        "max": { "x": -6000, "y": 3000, "z": 1200 }
      },
      "rotation": { "x": 0, "y": 0, "z": 0 }
    },
    {
      "name": "free-bonus",
      "free": true,
      "types": [ "crystal", "gold" ],
      "modes": [ "CP", "TDM", "CTF", "DM" ],
      "parachute": true,
      "position": {
        "min": { "x": 250, "y": 6000, "z": 750 },
        "max": { "x": 1250, "y": 6500, "z": 1050 }
      },
      "rotation": { "x": 0, "y": 0, "z": 0 }
    },
    {
      "name": "free-bonus",
      "free": true,
      "types": [ "nitro" ],
      "modes": [ "CP", "TDM", "CTF", "DM" ],
      "parachute": true,
      "position": {
        "min": { "x": 2750, "y": 6000, "z": 750 },
        "max": { "x": 3750, "y": 6500, "z": 1050 }
      },
      "rotation": { "x": 0, "y": 0, "z": 0 }
    },
    {
      "name": "free-bonus",
      "free": true,
      "types": [ "gold" ],
      "modes": [ "DM" ],
      "parachute": true,
      "position": {
        "min": { "x": 0, "y": -4250, "z": 900 },
        "max": { "x": 1000, "y": -3750, "z": 1200 }
      },
      "rotation": { "x": 0, "y": 0, "z": 0 }
    },
    {
      "name": "free-bonus",
      "free": true,
      "types": [ "double_damage" ],
      "modes": [ "CP", "TDM", "CTF", "DM" ],
      "parachute": true,
      "position": {
        "min": { "x": -500, "y": 8500, "z": 1200 },
        "max": { "x": 0, "y": 9000, "z": 1500 }
      },
      "rotation": { "x": 0, "y": 0, "z": 0 }
    }
  ]
}
