{
  "name": "map_shortbridge",
  "theme": "summer_day",

  "id": 520560,
  "preview": 582437,

  "visual": {
    "angleX": -1,
    "angleZ": -0.5,

    "lightColor": 13090219,
    "shadowColor": 5530735,

    "fogAlpha": 0.25,
    "fogColor": 10543615,

    "farLimit": 10000,
    "nearLimit": 5000,

    "gravity": 1000,
    "skyboxRevolutionSpeed": 0,
    "ssaoColor": 2045258,

    "dustAlpha": 0.75,
    "dustDensity": 0.15000000596046448,
    "dustFarDistance": 7000,
    "dustNearDistance": 5000,
    "dustParticle": "summer",
    "dustSize": 200
  },
  "skybox": "Hills",
  "resources": {
    "proplibs": [
      "Bush",
      "Cliffs",
      "Concrete Tiles",
      "Concrete Walls",
      "Grass Tiles",
      "Promotion",
      "Slopes Rises",
      "Village Builds"
    ],
    "map": { "id": 520560, "version": 1 }
  },
  "spawnPoints": [
    {
      "team": "RED",
      "position": { "x": -2735.81, "y": 3388.647, "z": 0 },
      "rotation": { "x": 0, "y": 0, "z": 0 }
    },
    {
      "team": "BLUE",
      "position": { "x": 7750, "y": -1000, "z": 300 },
      "rotation": { "x": 0, "y": 0, "z": 300 }
    },
    {
      "mode": "DM",
      "position": { "x": -2782.108, "y": -2979.274, "z": 0 },
      "rotation": { "x": 0, "y": 0, "z": 0 }
    },
    {
      "team": "RED",
      "position": { "x": -3087.31, "y": -3325.999, "z": 0 },
      "rotation": { "x": 0, "y": 0, "z": 0 }
    },
    {
      "mode": "DM",
      "position": { "x": -2386.853, "y": 2545.469, "z": 0 },
      "rotation": { "x": 0, "y": 0, "z": 0 }
    },
    {
      "mode": "DM",
      "position": { "x": 1074.456, "y": 2565.543, "z": 0 },
      "rotation": { "x": 0, "y": 0, "z": 0 }
    },
    {
      "team": "BLUE",
      "position": { "x": 9000, "y": 2250, "z": 0 },
      "rotation": { "x": 0, "y": 0, "z": 0 }
    },
    {
      "team": "BLUE",
      "position": { "x": 9122.267, "y": -3103.079, "z": 0 },
      "rotation": { "x": 0, "y": 0, "z": 0 }
    },
    {
      "mode": "DM",
      "position": { "x": 4750, "y": 1000, "z": 0 },
      "rotation": { "x": 0, "y": 0, "z": 0 }
    },
    {
      "team": "BLUE",
      "position": { "x": 6250, "y": 1000, "z": 300 },
      "rotation": { "x": 0, "y": 0, "z": 300 }
    },
    {
      "team": "RED",
      "position": { "x": -1634.96, "y": 1137.148, "z": 300 },
      "rotation": { "x": 0, "y": 0, "z": 300 }
    },
    {
      "mode": "DM",
      "position": { "x": 1280.696, "y": -1132.471, "z": 0 },
      "rotation": { "x": 0, "y": 0, "z": 0 }
    },
    {
      "mode": "DM",
      "position": { "x": 4205.672, "y": -2633.664, "z": 0 },
      "rotation": { "x": 0, "y": 0, "z": 0 }
    },
    {
      "mode": "DM",
      "position": { "x": 8391.146, "y": -2685.14, "z": 0 },
      "rotation": { "x": 0, "y": 0, "z": 0 }
    },
    {
      "team": "RED",
      "position": { "x": -500, "y": -1000, "z": 300 },
      "rotation": { "x": 0, "y": 0, "z": 300 }
    },
    {
      "team": "BLUE",
      "position": { "x": 8723.512, "y": 3233.048, "z": 0 },
      "rotation": { "x": 0, "y": 0, "z": 0 }
    },
    {
      "team": "BLUE",
      "position": { "x": 9000, "y": -2250, "z": 0 },
      "rotation": { "x": 0, "y": 0, "z": 0 }
    },
    {
      "mode": "DM",
      "position": { "x": 8782.297, "y": 2813.224, "z": 0 },
      "rotation": { "x": 0, "y": 0, "z": 0 }
    },
    {
      "team": "RED",
      "position": { "x": -3000, "y": -2500, "z": 0 },
      "rotation": { "x": 0, "y": 0, "z": 0 }
    },
    {
      "team": "RED",
      "position": { "x": -3000, "y": 2750, "z": 0 },
      "rotation": { "x": 0, "y": 0, "z": 0 }
    }
  ],
  "flags": {
    "RED": {
      "position": { "x": -1750, "y": -750, "z": 300 }
    },
    "BLUE": {
      "position": { "x": 7750, "y": 750, "z": 300 }
    }
  },
  "points": [
    {
      "id": "A",
      "distance": 1000,
      "free": false,
      "position": { "x": 3000, "y": 0, "z": 900 }
    }
  ],
  "bonuses": [
    {
      "name": "free-bonus",
      "free": true,
      "types": [ "double_armor" ],
      "modes": [ "CTF", "DM", "CP", "TDM" ],
      "parachute": true,
      "position": {
        "min": { "x": -1000, "y": -500, "z": 900 },
        "max": { "x": -500, "y": 500, "z": 1200 }
      },
      "rotation": { "x": 0, "y": 0, "z": 0 }
    },
    {
      "name": "free-bonus",
      "free": true,
      "types": [ "nitro" ],
      "modes": [ "CTF", "DM", "CP", "TDM" ],
      "parachute": true,
      "position": {
        "min": { "x": -3250, "y": -500, "z": 600 },
        "max": { "x": -2750, "y": 500, "z": 900 }
      },
      "rotation": { "x": 0, "y": 0, "z": 0 }
    },
    {
      "name": "free-bonus",
      "free": true,
      "types": [ "crystal", "double_damage" ],
      "modes": [ "CTF", "DM", "CP", "TDM" ],
      "parachute": true,
      "position": {
        "min": { "x": 1125, "y": 1150, "z": 900 },
        "max": { "x": 2125, "y": 2100, "z": 1200 }
      },
      "rotation": { "x": 0, "y": 0, "z": 0 }
    },
    {
      "name": "free-bonus",
      "free": true,
      "types": [ "double_armor" ],
      "modes": [ "CTF", "DM", "CP", "TDM" ],
      "parachute": true,
      "position": {
        "min": { "x": 6500, "y": -500, "z": 900 },
        "max": { "x": 7000, "y": 500, "z": 1200 }
      },
      "rotation": { "x": 0, "y": 0, "z": 0 }
    },
    {
      "name": "free-bonus",
      "free": true,
      "types": [ "nitro", "gold" ],
      "modes": [ "CTF", "DM", "CP", "TDM" ],
      "parachute": true,
      "position": {
        "min": { "x": 2750, "y": -4250, "z": 900 },
        "max": { "x": 3250, "y": -3750, "z": 1200 }
      },
      "rotation": { "x": 0, "y": 0, "z": 0 }
    },
    {
      "name": "free-bonus",
      "free": true,
      "types": [ "crystal" ],
      "modes": [ "CTF", "DM", "CP", "TDM" ],
      "parachute": true,
      "position": {
        "min": { "x": 4625, "y": 2250, "z": 900 },
        "max": { "x": 5125, "y": 2750, "z": 1200 }
      },
      "rotation": { "x": 0, "y": 0, "z": 0 }
    },
    {
      "name": "free-bonus",
      "free": true,
      "types": [ "gold" ],
      "modes": [ "CTF", "DM", "TDM" ],
      "parachute": true,
      "position": {
        "min": { "x": 2500, "y": -375, "z": 1650 },
        "max": { "x": 3500, "y": 375, "z": 1950 }
      },
      "rotation": { "x": 0, "y": 0, "z": 0 }
    },
    {
      "name": "free-bonus",
      "free": true,
      "types": [ "nitro", "gold" ],
      "modes": [ "CTF", "DM", "CP", "TDM" ],
      "parachute": true,
      "position": {
        "min": { "x": 2750, "y": 3750, "z": 900 },
        "max": { "x": 3250, "y": 4250, "z": 1200 }
      },
      "rotation": { "x": 0, "y": 0, "z": 0 }
    },
    {
      "name": "free-bonus",
      "free": true,
      "types": [ "crystal" ],
      "modes": [ "CTF", "DM", "CP", "TDM" ],
      "parachute": true,
      "position": {
        "min": { "x": 875, "y": -2750, "z": 900 },
        "max": { "x": 1375, "y": -2250, "z": 1200 }
      },
      "rotation": { "x": 0, "y": 0, "z": 0 }
    },
    {
      "name": "free-bonus",
      "free": true,
      "types": [ "nitro" ],
      "modes": [ "CTF", "DM", "CP", "TDM" ],
      "parachute": true,
      "position": {
        "min": { "x": 8750, "y": -500, "z": 600 },
        "max": { "x": 9250, "y": 500, "z": 900 }
      },
      "rotation": { "x": 0, "y": 0, "z": 0 }
    },
    {
      "name": "free-bonus",
      "free": true,
      "types": [ "crystal", "health", "gold" ],
      "modes": [ "CTF", "DM", "TDM" ],
      "parachute": true,
      "position": {
        "min": { "x": 2500, "y": -375, "z": 1650 },
        "max": { "x": 3500, "y": 375, "z": 1950 }
      },
      "rotation": { "x": 0, "y": 0, "z": 0 }
    },
    {
      "name": "free-bonus",
      "free": true,
      "types": [ "crystal", "double_damage" ],
      "modes": [ "CTF", "DM", "CP", "TDM" ],
      "parachute": true,
      "position": {
        "min": { "x": 3875, "y": -2125, "z": 900 },
        "max": { "x": 4875, "y": -1125, "z": 1200 }
      },
      "rotation": { "x": 0, "y": 0, "z": 0 }
    }
  ]
}
