{
  "name": "map_valley",
  "theme": "summer_day",

  "id": 945542,
  "preview": 312281,

  "visual": {
    "angleX": -1,
    "angleZ": -0.5,

    "lightColor": 13090219,
    "shadowColor": 5530735,

    "fogAlpha": 0.25,
    "fogColor": 14545407,

    "farLimit": 10000,
    "nearLimit": 5000,

    "gravity": 1000,
    "skyboxRevolutionSpeed": 0,
    "ssaoColor": 3025184,

    "dustAlpha": 0.75,
    "dustDensity": 0.15000000596046448,
    "dustFarDistance": 7000,
    "dustNearDistance": 5000,
    "dustParticle": "summer",
    "dustSize": 200
  },
  "skybox": "Mountains",
  "resources": {
    "proplibs": [
      "Bush",
      "Industrial Bridge",
      "Land Rocks",
      "Land Tiles",
      "Outer Walls",
      "Promotion",
      "Waffle Fence"
    ],
    "map": { "id": 945542, "version": 1 }
  },
  "spawnPoints": [
    {
      "team": "RED",
      "position": { "x": -2448.311, "y": -2465.788, "z": 0 },
      "rotation": { "x": 0, "y": 0, "z": 0 }
    },
    {
      "team": "BLUE",
      "position": { "x": -271.228, "y": 7694.502, "z": 0 },
      "rotation": { "x": 0, "y": 0, "z": 0 }
    },
    {
      "team": "BLUE",
      "position": { "x": -1252.285, "y": 6830.342, "z": 0 },
      "rotation": { "x": 0, "y": 0, "z": 0 }
    },
    {
      "team": "BLUE",
      "position": { "x": -3000, "y": 8000, "z": 0 },
      "rotation": { "x": 0, "y": 0, "z": 0 }
    },
    {
      "team": "RED",
      "position": { "x": -948.311, "y": -1340.788, "z": 0 },
      "rotation": { "x": 0, "y": 0, "z": 0 }
    },
    {
      "team": "RED",
      "position": { "x": -1271.228, "y": -2305.498, "z": 0 },
      "rotation": { "x": 0, "y": 0, "z": 0 }
    },
    {
      "mode": "DM",
      "position": { "x": -250, "y": -2750, "z": 0 },
      "rotation": { "x": 0, "y": 0, "z": 0 }
    },
    {
      "mode": "DM",
      "position": { "x": -1002.285, "y": 8080.342, "z": 0 },
      "rotation": { "x": 0, "y": 0, "z": 0 }
    },
    {
      "mode": "DM",
      "position": { "x": -2002.285, "y": 7580.342, "z": 0 },
      "rotation": { "x": 0, "y": 0, "z": 0 }
    },
    {
      "mode": "DM",
      "position": { "x": -2857.126, "y": -2434.132, "z": 0 },
      "rotation": { "x": 0, "y": 0, "z": 0 }
    },
    {
      "team": "BLUE",
      "position": { "x": -2502.285, "y": 7080.342, "z": 0 },
      "rotation": { "x": 0, "y": 0, "z": 0 }
    },
    {
      "mode": "DM",
      "position": { "x": -2127.285, "y": 3205.342, "z": 0 },
      "rotation": { "x": 0, "y": 0, "z": 0 }
    },
    {
      "mode": "DM",
      "position": { "x": -1750, "y": 4750, "z": 0 },
      "rotation": { "x": 0, "y": 0, "z": 0 }
    },
    {
      "mode": "DM",
      "position": { "x": -1252.285, "y": 1830.342, "z": 0 },
      "rotation": { "x": 0, "y": 0, "z": 0 }
    },
    {
      "mode": "DM",
      "position": { "x": -2002.285, "y": -1919.658, "z": 0 },
      "rotation": { "x": 0, "y": 0, "z": 0 }
    },
    {
      "team": "BLUE",
      "position": { "x": -2002.285, "y": 5580.342, "z": 0 },
      "rotation": { "x": 0, "y": 0, "z": 0 }
    },
    {
      "mode": "DM",
      "position": { "x": -2857.126, "y": 6565.868, "z": 0 },
      "rotation": { "x": 0, "y": 0, "z": 0 }
    },
    {
      "mode": "DM",
      "position": { "x": -3250, "y": 1500, "z": 0 },
      "rotation": { "x": 0, "y": 0, "z": 0 }
    },
    {
      "mode": "CP",
      "team": "BLUE",
      "position": { "x": -5500, "y": -1250, "z": 300 },
      "rotation": { "x": 0, "y": 0, "z": 300 }
    },
    {
      "mode": "CP",
      "team": "RED",
      "position": { "x": 2000, "y": 2750, "z": 300 },
      "rotation": { "x": 0, "y": 0, "z": 300 }
    },
    {
      "mode": "CP",
      "team": "BLUE",
      "position": { "x": -5500, "y": 8500, "z": 600 },
      "rotation": { "x": 0, "y": 0, "z": 600 }
    },
    {
      "mode": "CP",
      "team": "RED",
      "position": { "x": 2000, "y": 3000, "z": 300 },
      "rotation": { "x": 0, "y": 0, "z": 300 }
    },
    {
      "mode": "CP",
      "team": "RED",
      "position": { "x": 2000, "y": 2500, "z": 300 },
      "rotation": { "x": 0, "y": 0, "z": 300 }
    },
    {
      "mode": "CP",
      "team": "RED",
      "position": { "x": 2000, "y": 2250, "z": 300 },
      "rotation": { "x": 0, "y": 0, "z": 300 }
    },
    {
      "mode": "CP",
      "team": "RED",
      "position": { "x": 2000, "y": 3250, "z": 300 },
      "rotation": { "x": 0, "y": 0, "z": 300 }
    },
    {
      "mode": "CP",
      "team": "RED",
      "position": { "x": 2000, "y": 4750, "z": 300 },
      "rotation": { "x": 0, "y": 0, "z": 300 }
    },
    {
      "mode": "CP",
      "team": "RED",
      "position": { "x": 2000, "y": 6750, "z": 300 },
      "rotation": { "x": 0, "y": 0, "z": 300 }
    },
    {
      "mode": "CP",
      "team": "RED",
      "position": { "x": 2000, "y": 750, "z": 300 },
      "rotation": { "x": 0, "y": 0, "z": 300 }
    },
    {
      "mode": "CP",
      "team": "RED",
      "position": { "x": 2000, "y": -1250, "z": 300 },
      "rotation": { "x": 0, "y": 0, "z": 300 }
    },
    {
      "mode": "CP",
      "team": "RED",
      "position": { "x": 2000, "y": 8500, "z": 600 },
      "rotation": { "x": 0, "y": 0, "z": 600 }
    },
    {
      "mode": "CP",
      "team": "RED",
      "position": { "x": 2000, "y": -3000, "z": 600 },
      "rotation": { "x": 0, "y": 0, "z": 600 }
    },
    {
      "mode": "CP",
      "team": "BLUE",
      "position": { "x": -5500, "y": 2500, "z": 300 },
      "rotation": { "x": 0, "y": 0, "z": 300 }
    },
    {
      "mode": "CP",
      "team": "BLUE",
      "position": { "x": -5500, "y": 3000, "z": 300 },
      "rotation": { "x": 0, "y": 0, "z": 300 }
    },
    {
      "mode": "CP",
      "team": "BLUE",
      "position": { "x": -5500, "y": 750, "z": 300 },
      "rotation": { "x": 0, "y": 0, "z": 300 }
    },
    {
      "mode": "CP",
      "team": "BLUE",
      "position": { "x": -5500, "y": 4750, "z": 300 },
      "rotation": { "x": 0, "y": 0, "z": 300 }
    },
    {
      "mode": "CP",
      "team": "BLUE",
      "position": { "x": -5500, "y": -3000, "z": 600 },
      "rotation": { "x": 0, "y": 0, "z": 600 }
    },
    {
      "mode": "CP",
      "team": "BLUE",
      "position": { "x": -5500, "y": 2250, "z": 300 },
      "rotation": { "x": 0, "y": 0, "z": 300 }
    },
    {
      "mode": "CP",
      "team": "BLUE",
      "position": { "x": -5500, "y": 3250, "z": 300 },
      "rotation": { "x": 0, "y": 0, "z": 300 }
    },
    {
      "mode": "CP",
      "team": "BLUE",
      "position": { "x": -5500, "y": 6750, "z": 300 },
      "rotation": { "x": 0, "y": 0, "z": 300 }
    },
    {
      "mode": "CP",
      "team": "BLUE",
      "position": { "x": -5500, "y": 2750, "z": 300 },
      "rotation": { "x": 0, "y": 0, "z": 300 }
    },
    {
      "team": "RED",
      "position": { "x": -698.311, "y": -2465.788, "z": 0 },
      "rotation": { "x": 0, "y": 0, "z": 0 }
    },
    {
      "team": "RED",
      "position": { "x": -1948.311, "y": -340.788, "z": 0 },
      "rotation": { "x": 0, "y": 0, "z": 0 }
    }
  ],
  "flags": {
    "RED": {
      "position": { "x": -1750, "y": -3250, "z": 0 }
    },
    "BLUE": {
      "position": { "x": -1750, "y": 8750, "z": 0 }
    }
  },
  "points": [
    {
      "id": "A",
      "distance": 1000,
      "free": false,
      "position": { "x": -1750, "y": -3000, "z": 0 }
    },
    {
      "id": "B",
      "distance": 1000,
      "free": false,
      "position": { "x": -1750, "y": 2500, "z": 0 }
    },
    {
      "id": "C",
      "distance": 1000,
      "free": false,
      "position": { "x": -1750, "y": 8500, "z": 0 }
    }
  ],
  "bonuses": [
    {
      "name": "free-bonus",
      "free": true,
      "types": [ "crystal", "double_damage" ],
      "modes": [ "CP" ],
      "parachute": true,
      "position": {
        "min": { "x": -5750, "y": -3250, "z": 1500 },
        "max": { "x": -5250, "y": -2750, "z": 1800 }
      },
      "rotation": { "x": 0, "y": 0, "z": 0 }
    },
    {
      "name": "free-bonus",
      "free": true,
      "types": [ "gold" ],
      "modes": [ "CTF", "DM", "TDM" ],
      "parachute": true,
      "position": {
        "min": { "x": 1750, "y": 2500, "z": 1200 },
        "max": { "x": 2250, "y": 3000, "z": 1500 }
      },
      "rotation": { "x": 0, "y": 0, "z": 0 }
    },
    {
      "name": "free-bonus",
      "free": true,
      "types": [ "double_damage" ],
      "modes": [ "CTF", "DM", "TDM" ],
      "parachute": true,
      "position": {
        "min": { "x": -2000, "y": 4250, "z": 900 },
        "max": { "x": -1500, "y": 5250, "z": 1200 }
      },
      "rotation": { "x": 0, "y": 0, "z": 0 }
    },
    {
      "name": "free-bonus",
      "free": true,
      "types": [ "nitro", "double_armor" ],
      "modes": [ "CTF", "DM", "TDM" ],
      "parachute": true,
      "position": {
        "min": { "x": -3375, "y": 1250, "z": 900 },
        "max": { "x": -3125, "y": 2250, "z": 1200 }
      },
      "rotation": { "x": 0, "y": 0, "z": 0 }
    },
    {
      "name": "free-bonus",
      "free": true,
      "types": [ "double_damage" ],
      "modes": [ "CTF", "DM", "TDM" ],
      "parachute": true,
      "position": {
        "min": { "x": -2000, "y": -250, "z": 900 },
        "max": { "x": -1500, "y": 750, "z": 1200 }
      },
      "rotation": { "x": 0, "y": 0, "z": 0 }
    },
    {
      "name": "free-bonus",
      "free": true,
      "types": [ "health", "nitro" ],
      "modes": [ "CTF", "DM", "CP", "TDM" ],
      "parachute": true,
      "position": {
        "min": { "x": -3750, "y": -375, "z": 1500 },
        "max": { "x": -2750, "y": 375, "z": 1800 }
      },
      "rotation": { "x": 0, "y": 0, "z": 0 }
    },
    {
      "name": "free-bonus",
      "free": true,
      "types": [ "gold" ],
      "modes": [ "CTF", "DM", "TDM" ],
      "parachute": true,
      "position": {
        "min": { "x": -5750, "y": 2500, "z": 1200 },
        "max": { "x": -5250, "y": 3000, "z": 1500 }
      },
      "rotation": { "x": 0, "y": 0, "z": 0 }
    },
    {
      "name": "free-bonus",
      "free": true,
      "types": [ "crystal" ],
      "modes": [ "CTF", "DM", "CP", "TDM" ],
      "parachute": true,
      "position": {
        "min": { "x": -3750, "y": 4625, "z": 1500 },
        "max": { "x": -2750, "y": 5375, "z": 1800 }
      },
      "rotation": { "x": 0, "y": 0, "z": 0 }
    },
    {
      "name": "free-bonus",
      "free": true,
      "types": [ "double_armor" ],
      "modes": [ "CP" ],
      "parachute": true,
      "position": {
        "min": { "x": -5750, "y": 8250, "z": 1500 },
        "max": { "x": -5250, "y": 8750, "z": 1800 }
      },
      "rotation": { "x": 0, "y": 0, "z": 0 }
    },
    {
      "name": "free-bonus",
      "free": true,
      "types": [ "gold" ],
      "modes": [ "CTF", "DM", "CP", "TDM" ],
      "parachute": true,
      "position": {
        "min": { "x": -2375, "y": 2000, "z": 975 },
        "max": { "x": -875, "y": 3000, "z": 1275 }
      },
      "rotation": { "x": 0, "y": 0, "z": 0 }
    },
    {
      "name": "free-bonus",
      "free": true,
      "types": [ "crystal" ],
      "modes": [ "CTF", "DM", "TDM" ],
      "parachute": true,
      "position": {
        "min": { "x": -5625, "y": -25, "z": 750 },
        "max": { "x": -5375, "y": 1525, "z": 1050 }
      },
      "rotation": { "x": 0, "y": 0, "z": 0 }
    },
    {
      "name": "free-bonus",
      "free": true,
      "types": [ "crystal" ],
      "modes": [ "CTF", "DM", "TDM" ],
      "parachute": true,
      "position": {
        "min": { "x": 1875, "y": 4000, "z": 750 },
        "max": { "x": 2125, "y": 5500, "z": 1050 }
      },
      "rotation": { "x": 0, "y": 0, "z": 0 }
    },
    {
      "name": "free-bonus",
      "free": true,
      "types": [ "gold" ],
      "modes": [ "CTF", "DM", "CP", "TDM" ],
      "parachute": true,
      "position": {
        "min": { "x": -2125, "y": 2000, "z": 975 },
        "max": { "x": -1125, "y": 3000, "z": 1275 }
      },
      "rotation": { "x": 0, "y": 0, "z": 0 }
    },
    {
      "name": "free-bonus",
      "free": true,
      "types": [ "health", "nitro" ],
      "modes": [ "CTF", "DM", "CP", "TDM" ],
      "parachute": true,
      "position": {
        "min": { "x": -750, "y": 4625, "z": 1500 },
        "max": { "x": 250, "y": 5375, "z": 1800 }
      },
      "rotation": { "x": 0, "y": 0, "z": 0 }
    },
    {
      "name": "free-bonus",
      "free": true,
      "types": [ "double_armor", "nitro" ],
      "modes": [ "CTF", "DM", "TDM" ],
      "parachute": true,
      "position": {
        "min": { "x": -375, "y": 2750, "z": 900 },
        "max": { "x": -125, "y": 3750, "z": 1200 }
      },
      "rotation": { "x": 0, "y": 0, "z": 0 }
    },
    {
      "name": "free-bonus",
      "free": true,
      "types": [ "crystal" ],
      "modes": [ "CTF", "DM", "CP", "TDM" ],
      "parachute": true,
      "position": {
        "min": { "x": -750, "y": -375, "z": 1500 },
        "max": { "x": 250, "y": 375, "z": 1800 }
      },
      "rotation": { "x": 0, "y": 0, "z": 0 }
    },
    {
      "name": "free-bonus",
      "free": true,
      "types": [ "double_armor" ],
      "modes": [ "CP" ],
      "parachute": true,
      "position": {
        "min": { "x": 1750, "y": -3250, "z": 1500 },
        "max": { "x": 2250, "y": -2750, "z": 1800 }
      },
      "rotation": { "x": 0, "y": 0, "z": 0 }
    },
    {
      "name": "free-bonus",
      "free": true,
      "types": [ "gold" ],
      "modes": [ "CP" ],
      "parachute": true,
      "position": {
        "min": { "x": -3500, "y": 4750, "z": 1500 },
        "max": { "x": -3000, "y": 5250, "z": 1800 }
      },
      "rotation": { "x": 0, "y": 0, "z": 0 }
    },
    {
      "name": "free-bonus",
      "free": true,
      "types": [ "gold" ],
      "modes": [ "CP" ],
      "parachute": true,
      "position": {
        "min": { "x": -3500, "y": -250, "z": 1500 },
        "max": { "x": -3000, "y": 250, "z": 1800 }
      },
      "rotation": { "x": 0, "y": 0, "z": 0 }
    },
    {
      "name": "free-bonus",
      "free": true,
      "types": [ "gold" ],
      "modes": [ "CP" ],
      "parachute": true,
      "position": {
        "min": { "x": -500, "y": 4750, "z": 1500 },
        "max": { "x": 0, "y": 5250, "z": 1800 }
      },
      "rotation": { "x": 0, "y": 0, "z": 0 }
    },
    {
      "name": "free-bonus",
      "free": true,
      "types": [ "gold" ],
      "modes": [ "CP" ],
      "parachute": true,
      "position": {
        "min": { "x": -500, "y": -250, "z": 1500 },
        "max": { "x": 0, "y": 250, "z": 1800 }
      },
      "rotation": { "x": 0, "y": 0, "z": 0 }
    },
    {
      "name": "free-bonus",
      "free": true,
      "types": [ "crystal", "double_damage" ],
      "modes": [ "CP" ],
      "parachute": true,
      "position": {
        "min": { "x": 1750, "y": 8250, "z": 1500 },
        "max": { "x": 2250, "y": 8750, "z": 1800 }
      },
      "rotation": { "x": 0, "y": 0, "z": 0 }
    }
  ]
}
