{
  "name": "map_camp",
  "theme": "summer_day",

  "id": 273278,
  "preview": 483442,

  "visual": {
    "angleX": -1,
    "angleZ": -0.5,

    "lightColor": 13090219,
    "shadowColor": 5530735,

    "fogAlpha": 0.25,
    "fogColor": 14545407,

    "farLimit": 10000,
    "nearLimit": 5000,

    "gravity": 1000,
    "skyboxRevolutionSpeed": 0,
    "ssaoColor": 3025184,

    "dustAlpha": 0.75,
    "dustDensity": 0.15000000596046448,
    "dustFarDistance": 7000,
    "dustNearDistance": 5000,
    "dustParticle": "summer",
    "dustSize": 200
  },
  "skybox": "Mountains",
  "resources": {
    "proplibs": [
      "Bush",
      "City Buildings",
      "Desert Houses",
      "Industrial Bridge",
      "Industrial Elements",
      "Land Tiles",
      "Outer Walls",
      "Promotion",
      "Waffle Fence"
    ],
    "map": { "id": 273278, "version": 1 }
  },
  "spawnPoints": [
    {
      "team": "RED",
      "position": { "x": -8740.209, "y": 1094.182, "z": 0 },
      "rotation": { "x": 0, "y": 0, "z": 0 }
    },
    {
      "team": "RED",
      "position": { "x": -8678.125, "y": 421.392, "z": 0 },
      "rotation": { "x": 0, "y": 0, "z": 0 }
    },
    {
      "team": "RED",
      "position": { "x": -8681.768, "y": -55.52, "z": 0 },
      "rotation": { "x": 0, "y": 0, "z": 0 }
    },
    {
      "mode": "DM",
      "position": { "x": -6677.579, "y": 5396.143, "z": 0 },
      "rotation": { "x": 0, "y": 0, "z": 0 }
    },
    {
      "team": "BLUE",
      "position": { "x": 3394.306, "y": 2078.644, "z": 0 },
      "rotation": { "x": 0, "y": 0, "z": 0 }
    },
    {
      "team": "RED",
      "position": { "x": -4377.135, "y": 6064.275, "z": 0 },
      "rotation": { "x": 0, "y": 0, "z": 0 }
    },
    {
      "team": "BLUE",
      "position": { "x": 3373.101, "y": 823.357, "z": 0 },
      "rotation": { "x": 0, "y": 0, "z": 0 }
    },
    {
      "mode": "DM",
      "position": { "x": -7227.084, "y": 5451.977, "z": 0 },
      "rotation": { "x": 0, "y": 0, "z": 0 }
    },
    {
      "team": "BLUE",
      "position": { "x": 3379.301, "y": -1631.32, "z": 0 },
      "rotation": { "x": 0, "y": 0, "z": 0 }
    },
    {
      "mode": "DM",
      "position": { "x": -7265.038, "y": 2134.418, "z": 0 },
      "rotation": { "x": 0, "y": 0, "z": 0 }
    },
    {
      "mode": "DM",
      "position": { "x": -2743.3, "y": -1997.593, "z": 0 },
      "rotation": { "x": 0, "y": 0, "z": 0 }
    },
    {
      "team": "BLUE",
      "position": { "x": -383.551, "y": -2793.944, "z": 0 },
      "rotation": { "x": 0, "y": 0, "z": 0 }
    },
    {
      "team": "RED",
      "position": { "x": -5648.633, "y": 5937.391, "z": 0 },
      "rotation": { "x": 0, "y": 0, "z": 0 }
    },
    {
      "team": "BLUE",
      "position": { "x": 433.709, "y": -2799.096, "z": 0 },
      "rotation": { "x": 0, "y": 0, "z": 0 }
    },
    {
      "mode": "DM",
      "position": { "x": -5502.009, "y": 5473.53, "z": 0 },
      "rotation": { "x": 0, "y": 0, "z": 0 }
    },
    {
      "mode": "DM",
      "position": { "x": -413.47, "y": -1241.829, "z": 0 },
      "rotation": { "x": 0, "y": 0, "z": 0 }
    },
    {
      "mode": "DM",
      "position": { "x": -8883.01, "y": 4525.526, "z": 0 },
      "rotation": { "x": 0, "y": 0, "z": 0 }
    },
    {
      "team": "BLUE",
      "position": { "x": 3365.096, "y": -69.364, "z": 0 },
      "rotation": { "x": 0, "y": 0, "z": 0 }
    },
    {
      "mode": "DM",
      "position": { "x": -3636.394, "y": 4077.735, "z": 0 },
      "rotation": { "x": 0, "y": 0, "z": 0 }
    },
    {
      "team": "BLUE",
      "position": { "x": -788.059, "y": -2791.31, "z": 0 },
      "rotation": { "x": 0, "y": 0, "z": 0 }
    },
    {
      "mode": "DM",
      "position": { "x": -2770.635, "y": 5127.581, "z": 0 },
      "rotation": { "x": 0, "y": 0, "z": 0 }
    },
    {
      "team": "RED",
      "position": { "x": -8738.869, "y": 736.103, "z": 0 },
      "rotation": { "x": 0, "y": 0, "z": 0 }
    },
    {
      "mode": "DM",
      "position": { "x": -7411.706, "y": 3568.869, "z": 0 },
      "rotation": { "x": 0, "y": 0, "z": 0 }
    },
    {
      "team": "BLUE",
      "position": { "x": 3392.154, "y": 3463.038, "z": 0 },
      "rotation": { "x": 0, "y": 0, "z": 0 }
    },
    {
      "team": "RED",
      "position": { "x": -5209.37, "y": 5971.962, "z": 0 },
      "rotation": { "x": 0, "y": 0, "z": 0 }
    },
    {
      "team": "BLUE",
      "position": { "x": -1131.002, "y": -2794.303, "z": 0 },
      "rotation": { "x": 0, "y": 0, "z": 0 }
    },
    {
      "team": "RED",
      "position": { "x": -8998.062, "y": 2125.254, "z": 0 },
      "rotation": { "x": 0, "y": 0, "z": 0 }
    },
    {
      "team": "RED",
      "position": { "x": -4795.61, "y": 6049.097, "z": 0 },
      "rotation": { "x": 0, "y": 0, "z": 0 }
    },
    {
      "team": "BLUE",
      "position": { "x": 3363.141, "y": 1253.571, "z": 0 },
      "rotation": { "x": 0, "y": 0, "z": 0 }
    },
    {
      "team": "BLUE",
      "position": { "x": 3407.08, "y": 2542.456, "z": 0 },
      "rotation": { "x": 0, "y": 0, "z": 0 }
    },
    {
      "team": "BLUE",
      "position": { "x": 3362.725, "y": -807.371, "z": 0 },
      "rotation": { "x": 0, "y": 0, "z": 0 }
    },
    {
      "team": "RED",
      "position": { "x": -8980.081, "y": 2489.311, "z": 0 },
      "rotation": { "x": 0, "y": 0, "z": 0 }
    },
    {
      "team": "BLUE",
      "position": { "x": 3388.464, "y": 1677.25, "z": 0 },
      "rotation": { "x": 0, "y": 0, "z": 0 }
    },
    {
      "mode": "DM",
      "position": { "x": -5233.299, "y": 4178.506, "z": 0 },
      "rotation": { "x": 0, "y": 0, "z": 0 }
    },
    {
      "team": "BLUE",
      "position": { "x": -1513.298, "y": -2797.639, "z": 0 },
      "rotation": { "x": 0, "y": 0, "z": 0 }
    },
    {
      "mode": "DM",
      "position": { "x": -7328.079, "y": 625.364, "z": 0 },
      "rotation": { "x": 0, "y": 0, "z": 0 }
    },
    {
      "team": "BLUE",
      "position": { "x": 3393.411, "y": 2955.55, "z": 0 },
      "rotation": { "x": 0, "y": 0, "z": 0 }
    },
    {
      "team": "BLUE",
      "position": { "x": 3359.107, "y": -435.638, "z": 0 },
      "rotation": { "x": 0, "y": 0, "z": 0 }
    },
    {
      "team": "BLUE",
      "position": { "x": 3382.678, "y": -1188.096, "z": 0 },
      "rotation": { "x": 0, "y": 0, "z": 0 }
    },
    {
      "team": "RED",
      "position": { "x": -8707.11, "y": -725.791, "z": 0 },
      "rotation": { "x": 0, "y": 0, "z": 0 }
    },
    {
      "mode": "DM",
      "position": { "x": -8912.938, "y": 3459.778, "z": 0 },
      "rotation": { "x": 0, "y": 0, "z": 0 }
    },
    {
      "team": "RED",
      "position": { "x": -6180.781, "y": 5922.325, "z": 0 },
      "rotation": { "x": 0, "y": 0, "z": 0 }
    },
    {
      "team": "RED",
      "position": { "x": -8906.838, "y": 1396.742, "z": 0 },
      "rotation": { "x": 0, "y": 0, "z": 0 }
    },
    {
      "mode": "DM",
      "position": { "x": -279.051, "y": -2200.636, "z": 0 },
      "rotation": { "x": 0, "y": 0, "z": 0 }
    },
    {
      "team": "BLUE",
      "position": { "x": 8, "y": -2802.812, "z": 0 },
      "rotation": { "x": 0, "y": 0, "z": 0 }
    },
    {
      "team": "RED",
      "position": { "x": -7215.823, "y": 5954.592, "z": 0 },
      "rotation": { "x": 0, "y": 0, "z": 0 }
    },
    {
      "team": "RED",
      "position": { "x": -8986.783, "y": 1673.425, "z": 0 },
      "rotation": { "x": 0, "y": 0, "z": 0 }
    },
    {
      "team": "RED",
      "position": { "x": -8932.328, "y": 2993.872, "z": 0 },
      "rotation": { "x": 0, "y": 0, "z": 0 }
    },
    {
      "team": "RED",
      "position": { "x": -6746.219, "y": 5913.241, "z": 0 },
      "rotation": { "x": 0, "y": 0, "z": 0 }
    },
    {
      "team": "BLUE",
      "position": { "x": 3352.264, "y": 354.811, "z": 0 },
      "rotation": { "x": 0, "y": 0, "z": 0 }
    },
    {
      "mode": "DM",
      "position": { "x": 2655.099, "y": -86.576, "z": 0 },
      "rotation": { "x": 0, "y": 0, "z": 0 }
    },
    {
      "team": "RED",
      "position": { "x": -8651.912, "y": -393.992, "z": 0 },
      "rotation": { "x": 0, "y": 0, "z": 0 }
    },
    {
      "mode": "DM",
      "position": { "x": -3773.389, "y": 5503.193, "z": 0 },
      "rotation": { "x": 0, "y": 0, "z": 0 }
    }
  ],
  "flags": {
    "RED": {
      "position": { "x": 1750, "y": -1250, "z": 0 }
    },
    "BLUE": {
      "position": { "x": -7250, "y": 4250, "z": 0 }
    }
  },
  "points": [
    {
      "id": "D",
      "distance": 1000,
      "free": false,
      "position": { "x": -5000, "y": -3000, "z": -300 }
    },
    {
      "id": "C",
      "distance": 1000,
      "free": false,
      "position": { "x": -500, "y": 6000, "z": -300 }
    },
    {
      "id": "B",
      "distance": 1000,
      "free": false,
      "position": { "x": -5000, "y": 3000, "z": 0 }
    },
    {
      "id": "A",
      "distance": 1000,
      "free": false,
      "position": { "x": -500, "y": 0, "z": 0 }
    }
  ],
  "bonuses": [
    {
      "name": "free-bonus",
      "free": true,
      "types": [ "crystal" ],
      "modes": [ "CP", "DM", "CTF", "TDM" ],
      "parachute": true,
      "position": {
        "min": { "x": 1317.448, "y": -2517.873, "z": 900 },
        "max": { "x": 1817.448, "y": -2017.873, "z": 1200 }
      },
      "rotation": { "x": 0, "y": 0, "z": 0 }
    },
    {
      "name": "free-bonus",
      "free": true,
      "types": [ "nitro" ],
      "modes": [ "CP", "DM", "CTF", "TDM" ],
      "parachute": true,
      "position": {
        "min": { "x": -6411.946, "y": 3994.228, "z": 900 },
        "max": { "x": -5911.946, "y": 4244.228, "z": 1200 }
      },
      "rotation": { "x": 0, "y": 0, "z": 0 }
    },
    {
      "name": "free-bonus",
      "free": true,
      "types": [ "double_damage" ],
      "modes": [ "CP", "DM", "CTF", "TDM" ],
      "parachute": true,
      "position": {
        "min": { "x": -2926.872, "y": -1327.392, "z": 900 },
        "max": { "x": -2676.872, "y": -1077.392, "z": 1200 }
      },
      "rotation": { "x": 0, "y": 0, "z": 0 }
    },
    {
      "name": "free-bonus",
      "free": true,
      "types": [ "double_damage", "crystal" ],
      "modes": [ "CP", "DM", "CTF", "TDM" ],
      "parachute": true,
      "position": {
        "min": { "x": 1296.626, "y": 1011.083, "z": 900 },
        "max": { "x": 1796.626, "y": 1511.083, "z": 1200 }
      },
      "rotation": { "x": 0, "y": 0, "z": 0 }
    },
    {
      "name": "free-bonus",
      "free": true,
      "types": [ "double_armor" ],
      "modes": [ "CP", "DM", "CTF", "TDM" ],
      "parachute": true,
      "position": {
        "min": { "x": -7205.192, "y": -118.513, "z": 900 },
        "max": { "x": -6955.192, "y": 381.487, "z": 1200 }
      },
      "rotation": { "x": 0, "y": 0, "z": 0 }
    },
    {
      "name": "free-bonus",
      "free": true,
      "types": [ "nitro" ],
      "modes": [ "CP", "DM", "CTF", "TDM" ],
      "parachute": true,
      "position": {
        "min": { "x": 410.916, "y": -1333.309, "z": 900 },
        "max": { "x": 910.916, "y": -1083.309, "z": 1200 }
      },
      "rotation": { "x": 0, "y": 0, "z": 0 }
    },
    {
      "name": "free-bonus",
      "free": true,
      "types": [ "gold" ],
      "modes": [ "CP", "DM", "CTF", "TDM" ],
      "parachute": true,
      "position": {
        "min": { "x": -3500, "y": 1375, "z": 750 },
        "max": { "x": -2000, "y": 1625, "z": 1050 }
      },
      "rotation": { "x": 0, "y": 0, "z": 0 }
    },
    {
      "name": "free-bonus",
      "free": true,
      "types": [ "health" ],
      "modes": [ "CP", "DM", "CTF", "TDM" ],
      "parachute": true,
      "position": {
        "min": { "x": -7143.961, "y": 2654.499, "z": 900 },
        "max": { "x": -6893.961, "y": 3154.499, "z": 1200 }
      },
      "rotation": { "x": 0, "y": 0, "z": 0 }
    },
    {
      "name": "free-bonus",
      "free": true,
      "types": [ "gold" ],
      "modes": [ "CP", "DM", "CTF", "TDM" ],
      "parachute": true,
      "position": {
        "min": { "x": -625, "y": 3000, "z": 750 },
        "max": { "x": -375, "y": 4500, "z": 1050 }
      },
      "rotation": { "x": 0, "y": 0, "z": 0 }
    },
    {
      "name": "free-bonus",
      "free": true,
      "types": [ "gold" ],
      "modes": [ "CP", "DM", "CTF", "TDM" ],
      "parachute": true,
      "position": {
        "min": { "x": -5125, "y": -1500, "z": 750 },
        "max": { "x": -4875, "y": 0, "z": 1050 }
      },
      "rotation": { "x": 0, "y": 0, "z": 0 }
    },
    {
      "name": "free-bonus",
      "free": true,
      "types": [ "health" ],
      "modes": [ "CP", "DM", "CTF", "TDM" ],
      "parachute": true,
      "position": {
        "min": { "x": 1392.931, "y": -243.58, "z": 900 },
        "max": { "x": 1642.931, "y": 256.42, "z": 1200 }
      },
      "rotation": { "x": 0, "y": 0, "z": 0 }
    },
    {
      "name": "free-bonus",
      "free": true,
      "types": [ "gold", "crystal" ],
      "modes": [ "CP", "DM", "CTF", "TDM" ],
      "parachute": true,
      "position": {
        "min": { "x": -5250, "y": 1250, "z": 600 },
        "max": { "x": -4750, "y": 1750, "z": 900 }
      },
      "rotation": { "x": 0, "y": 0, "z": 0 }
    },
    {
      "name": "free-bonus",
      "free": true,
      "types": [ "double_armor" ],
      "modes": [ "CP", "DM", "CTF", "TDM" ],
      "parachute": true,
      "position": {
        "min": { "x": -1124.428, "y": -1320.667, "z": 900 },
        "max": { "x": -624.428, "y": -1070.667, "z": 1200 }
      },
      "rotation": { "x": 0, "y": 0, "z": 0 }
    },
    {
      "name": "free-bonus",
      "free": true,
      "types": [ "gold", "crystal" ],
      "modes": [ "CP", "DM", "CTF", "TDM" ],
      "parachute": true,
      "position": {
        "min": { "x": -750, "y": 1250, "z": 600 },
        "max": { "x": -250, "y": 1750, "z": 900 }
      },
      "rotation": { "x": 0, "y": 0, "z": 0 }
    },
    {
      "name": "free-bonus",
      "free": true,
      "types": [ "double_damage", "crystal" ],
      "modes": [ "CP", "DM", "CTF", "TDM" ],
      "parachute": true,
      "position": {
        "min": { "x": -7297.656, "y": 1399.836, "z": 900 },
        "max": { "x": -6797.656, "y": 1899.836, "z": 1200 }
      },
      "rotation": { "x": 0, "y": 0, "z": 0 }
    },
    {
      "name": "free-bonus",
      "free": true,
      "types": [ "double_armor" ],
      "modes": [ "CP", "DM", "CTF", "TDM" ],
      "parachute": true,
      "position": {
        "min": { "x": -4876.602, "y": 3981.586, "z": 900 },
        "max": { "x": -4376.602, "y": 4231.586, "z": 1200 }
      },
      "rotation": { "x": 0, "y": 0, "z": 0 }
    },
    {
      "name": "free-bonus",
      "free": true,
      "types": [ "double_armor" ],
      "modes": [ "CP", "DM", "CTF", "TDM" ],
      "parachute": true,
      "position": {
        "min": { "x": 1454.162, "y": 2529.432, "z": 900 },
        "max": { "x": 1704.162, "y": 3029.432, "z": 1200 }
      },
      "rotation": { "x": 0, "y": 0, "z": 0 }
    },
    {
      "name": "free-bonus",
      "free": true,
      "types": [ "double_damage" ],
      "modes": [ "CP", "DM", "CTF", "TDM" ],
      "parachute": true,
      "position": {
        "min": { "x": -2824.159, "y": 3988.311, "z": 900 },
        "max": { "x": -2574.159, "y": 4238.311, "z": 1200 }
      },
      "rotation": { "x": 0, "y": 0, "z": 0 }
    }
  ]
}
