{
  "name": "map_hill",
  "theme": "summer_day",

  "id": 45153,
  "preview": 374401,

  "visual": {
    "angleX": -1,
    "angleZ": -0.5,

    "lightColor": 13090219,
    "shadowColor": 5530735,

    "fogAlpha": 0.25,
    "fogColor": 14545407,

    "farLimit": 10000,
    "nearLimit": 5000,

    "gravity": 1000,
    "skyboxRevolutionSpeed": 0,
    "ssaoColor": 3025184,

    "dustAlpha": 0.75,
    "dustDensity": 0.15000000596046448,
    "dustFarDistance": 7000,
    "dustNearDistance": 5000,
    "dustParticle": "summer",
    "dustSize": 200
  },
  "skybox": "Mountains",
  "resources": {
    "proplibs": [
      "Bush",
      "Land Rocks",
      "Land Tiles",
      "Promotion"
    ],
    "map": { "id": 45153, "version": 1 }
  },
  "spawnPoints": [
    {
      "mode": "DM",
      "position": { "x": -6126.297, "y": -1047.715, "z": -3000 },
      "rotation": { "x": 0, "y": 0, "z": -3000 }
    },
    {
      "team": "RED",
      "position": { "x": -6074.329, "y": -35.337, "z": -3000 },
      "rotation": { "x": 0, "y": 0, "z": -3000 }
    },
    {
      "mode": "DM",
      "position": { "x": -6178.563, "y": -322.871, "z": -3000 },
      "rotation": { "x": 0, "y": 0, "z": -3000 }
    },
    {
      "mode": "DM",
      "position": { "x": -6164.76, "y": -2603.605, "z": -3000 },
      "rotation": { "x": 0, "y": 0, "z": -3000 }
    },
    {
      "mode": "DM",
      "position": { "x": 1160.076, "y": 825.875, "z": -3000 },
      "rotation": { "x": 0, "y": 0, "z": -3000 }
    },
    {
      "team": "RED",
      "position": { "x": -6073.158, "y": 608.297, "z": -3000 },
      "rotation": { "x": 0, "y": 0, "z": -3000 }
    },
    {
      "mode": "DM",
      "position": { "x": 1197.793, "y": -162.207, "z": -3000 },
      "rotation": { "x": 0, "y": 0, "z": -3000 }
    },
    {
      "mode": "DM",
      "position": { "x": 1178.809, "y": -2557.075, "z": -3000 },
      "rotation": { "x": 0, "y": 0, "z": -3000 }
    },
    {
      "team": "BLUE",
      "position": { "x": 545.13, "y": -90.662, "z": -3000 },
      "rotation": { "x": 0, "y": 0, "z": -3000 }
    },
    {
      "mode": "DM",
      "position": { "x": 1128.307, "y": -1133.657, "z": -3000 },
      "rotation": { "x": 0, "y": 0, "z": -3000 }
    },
    {
      "team": "RED",
      "position": { "x": -6030.482, "y": -1864.221, "z": -3000 },
      "rotation": { "x": 0, "y": 0, "z": -3000 }
    },
    {
      "team": "BLUE",
      "position": { "x": 389.842, "y": 649.625, "z": -3000 },
      "rotation": { "x": 0, "y": 0, "z": -3000 }
    },
    {
      "mode": "DM",
      "position": { "x": -6176.799, "y": 375.703, "z": -3000 },
      "rotation": { "x": 0, "y": 0, "z": -3000 }
    },
    {
      "mode": "DM",
      "position": { "x": -6195.783, "y": -2019.165, "z": -3000 },
      "rotation": { "x": 0, "y": 0, "z": -3000 }
    },
    {
      "team": "RED",
      "position": { "x": -6031.652, "y": -2507.855, "z": -3000 },
      "rotation": { "x": 0, "y": 0, "z": -3000 }
    },
    {
      "mode": "DM",
      "position": { "x": 1180.573, "y": -1858.501, "z": -3000 },
      "rotation": { "x": 0, "y": 0, "z": -3000 }
    },
    {
      "team": "BLUE",
      "position": { "x": 606.274, "y": -2626.987, "z": -3000 },
      "rotation": { "x": 0, "y": 0, "z": -3000 }
    },
    {
      "team": "BLUE",
      "position": { "x": 711.615, "y": -1721.816, "z": -3000 },
      "rotation": { "x": 0, "y": 0, "z": -3000 }
    }
  ],
  "flags": {
    "RED": {
      "position": { "x": -6022.342, "y": -1004.023, "z": -3000 }
    },
    "BLUE": {
      "position": { "x": 1014.505, "y": -955.041, "z": -3000 }
    }
  },
  "bonuses": [
    {
      "name": "free-bonus",
      "free": true,
      "types": [ "crystal", "health" ],
      "modes": [ "CP", "TDM", "DM", "CTF" ],
      "parachute": true,
      "position": {
        "min": { "x": -2890.926, "y": 263.885, "z": -1200 },
        "max": { "x": -2140.926, "y": 763.885, "z": -900 }
      },
      "rotation": { "x": 0, "y": 0, "z": 0 }
    },
    {
      "name": "free-bonus",
      "free": true,
      "types": [ "crystal" ],
      "modes": [ "CP", "TDM", "CTF" ],
      "parachute": true,
      "position": {
        "min": { "x": -2883.958, "y": -259.18, "z": -1200 },
        "max": { "x": -2133.958, "y": 240.82, "z": -900 }
      },
      "rotation": { "x": 0, "y": 0, "z": 0 }
    },
    {
      "name": "free-bonus",
      "free": true,
      "types": [ "double_armor", "double_damage" ],
      "modes": [ "CP", "TDM", "DM", "CTF" ],
      "parachute": true,
      "position": {
        "min": { "x": -3437.5, "y": -2000, "z": -1200 },
        "max": { "x": -2687.5, "y": 0, "z": -900 }
      },
      "rotation": { "x": 0, "y": 0, "z": 0 }
    },
    {
      "name": "free-bonus",
      "free": true,
      "types": [ "nitro" ],
      "modes": [ "CP", "TDM", "DM", "CTF" ],
      "parachute": true,
      "position": {
        "min": { "x": -1377.793, "y": -2179.749, "z": -1575 },
        "max": { "x": -127.793, "y": 320.251, "z": -1275 }
      },
      "rotation": { "x": 0, "y": 0, "z": 0 }
    },
    {
      "name": "free-bonus",
      "free": true,
      "types": [ "crystal", "health" ],
      "modes": [ "CP", "TDM", "DM", "CTF" ],
      "parachute": true,
      "position": {
        "min": { "x": -2879.643, "y": -2774.526, "z": -1200 },
        "max": { "x": -2129.643, "y": -2274.526, "z": -900 }
      },
      "rotation": { "x": 0, "y": 0, "z": 0 }
    },
    {
      "name": "free-bonus",
      "free": true,
      "types": [ "gold" ],
      "modes": [ "CP", "TDM", "DM", "CTF" ],
      "parachute": true,
      "position": {
        "min": { "x": -2750, "y": -2750, "z": -1125 },
        "max": { "x": -2250, "y": -1750, "z": -825 }
      },
      "rotation": { "x": 0, "y": 0, "z": 0 }
    },
    {
      "name": "free-bonus",
      "free": true,
      "types": [ "gold" ],
      "modes": [ "CP", "TDM", "DM", "CTF" ],
      "parachute": true,
      "position": {
        "min": { "x": -2781.25, "y": -250, "z": -1125 },
        "max": { "x": -2281.25, "y": 750, "z": -825 }
      },
      "rotation": { "x": 0, "y": 0, "z": 0 }
    },
    {
      "name": "free-bonus",
      "free": true,
      "types": [ "crystal" ],
      "modes": [ "CP", "TDM", "DM", "CTF" ],
      "parachute": true,
      "position": {
        "min": { "x": -2873.279, "y": -2256.965, "z": -1200 },
        "max": { "x": -2123.279, "y": -1756.965, "z": -900 }
      },
      "rotation": { "x": 0, "y": 0, "z": 0 }
    },
    {
      "name": "free-bonus",
      "free": true,
      "types": [ "nitro" ],
      "modes": [ "CP", "TDM", "DM", "CTF" ],
      "parachute": true,
      "position": {
        "min": { "x": -4878.207, "y": -2127.49, "z": -1575 },
        "max": { "x": -3628.207, "y": 372.51, "z": -1275 }
      },
      "rotation": { "x": 0, "y": 0, "z": 0 }
    },
    {
      "name": "free-bonus",
      "free": true,
      "types": [ "double_armor", "double_damage" ],
      "modes": [ "CP", "TDM", "DM", "CTF" ],
      "parachute": true,
      "position": {
        "min": { "x": -2312.5, "y": -2000, "z": -1200 },
        "max": { "x": -1562.5, "y": 0, "z": -900 }
      },
      "rotation": { "x": 0, "y": 0, "z": 0 }
    }
  ]
}
