{
  "name": "map_sandal",
  "theme": "winter_day",

  "id": 503652,
  "preview": 913735,

  "visual": {
    "angleX": -1,
    "angleZ": -0.5,

    "lightColor": 8419955,
    "shadowColor": 6184542,

    "fogAlpha": 0.25,
    "fogColor": 15333375,

    "farLimit": 10000,
    "nearLimit": 5000,

    "gravity": 1000,
    "skyboxRevolutionSpeed": 0,
    "ssaoColor": 2374217,

    "dustAlpha": 0.8999999761581421,
    "dustDensity": 0.15000000596046448,
    "dustFarDistance": 7000,
    "dustNearDistance": 5000,
    "dustParticle": "winter",
    "dustSize": 200
  },
  "skybox": "Winter",
  "resources": {
    "proplibs": [
      "Bush Winter",
      "City Builds Winter",
      "Cliffs Winter",
      "Concrete Tiles Winter",
      "Concrete Walls Winter",
      "Grass Tiles Winter",
      "NuBu 9 Winter",
      "Promotion Winter",
      "Slopes Rises Winter",
      "Small Bridge Winter",
      "Village Builds Winter"
    ],
    "map": { "id": 503652, "version": 1 }
  },
  "spawnPoints": [
    {
      "team": "BLUE",
      "position": { "x": -5276.874, "y": -2296.65, "z": 300 },
      "rotation": { "x": 0, "y": 0, "z": 300 }
    },
    {
      "team": "RED",
      "position": { "x": 4413.119, "y": 2730.732, "z": 0 },
      "rotation": { "x": 0, "y": 0, "z": 0 }
    },
    {
      "mode": "DM",
      "position": { "x": -1789.673, "y": -4706.713, "z": 0 },
      "rotation": { "x": 0, "y": 0, "z": 0 }
    },
    {
      "mode": "CP",
      "team": "BLUE",
      "position": { "x": 0, "y": -6250, "z": -300 },
      "rotation": { "x": 0, "y": 0, "z": -300 }
    },
    {
      "team": "RED",
      "position": { "x": 5501.064, "y": 3885.83, "z": 0 },
      "rotation": { "x": 0, "y": 0, "z": 0 }
    },
    {
      "team": "RED",
      "position": { "x": 3344.073, "y": -2463.118, "z": 0 },
      "rotation": { "x": 0, "y": 0, "z": 0 }
    },
    {
      "team": "RED",
      "position": { "x": 4795.511, "y": -4858.166, "z": 0 },
      "rotation": { "x": 0, "y": 0, "z": 0 }
    },
    {
      "mode": "CP",
      "team": "BLUE",
      "position": { "x": -3750, "y": -6250, "z": 0 },
      "rotation": { "x": 0, "y": 0, "z": 0 }
    },
    {
      "mode": "DM",
      "position": { "x": -5491.665, "y": -5394.505, "z": 0 },
      "rotation": { "x": 0, "y": 0, "z": 0 }
    },
    {
      "team": "BLUE",
      "position": { "x": -4390.491, "y": -3379.878, "z": 0 },
      "rotation": { "x": 0, "y": 0, "z": 0 }
    },
    {
      "mode": "DM",
      "position": { "x": 1668.182, "y": 1348.408, "z": 300 },
      "rotation": { "x": 0, "y": 0, "z": 300 }
    },
    {
      "mode": "DM",
      "position": { "x": -2343.67, "y": -2284.409, "z": 0 },
      "rotation": { "x": 0, "y": 0, "z": 0 }
    },
    {
      "team": "BLUE",
      "position": { "x": -3230.656, "y": -2950.312, "z": 0 },
      "rotation": { "x": 0, "y": 0, "z": 0 }
    },
    {
      "team": "RED",
      "position": { "x": 4937.457, "y": -5797.447, "z": 0 },
      "rotation": { "x": 0, "y": 0, "z": 0 }
    },
    {
      "team": "RED",
      "position": { "x": 3271.994, "y": 1340.931, "z": 0 },
      "rotation": { "x": 0, "y": 0, "z": 0 }
    },
    {
      "mode": "DM",
      "position": { "x": 5958.376, "y": -2485.116, "z": 300 },
      "rotation": { "x": 0, "y": 0, "z": 300 }
    },
    {
      "team": "BLUE",
      "position": { "x": -3971.824, "y": 1194.236, "z": 0 },
      "rotation": { "x": 0, "y": 0, "z": 0 }
    },
    {
      "team": "RED",
      "position": { "x": 4625, "y": 4750, "z": 0 },
      "rotation": { "x": 0, "y": 0, "z": 0 }
    },
    {
      "mode": "DM",
      "position": { "x": -1132.488, "y": -6465.493, "z": -300 },
      "rotation": { "x": 0, "y": 0, "z": -300 }
    },
    {
      "team": "RED",
      "position": { "x": 5186.874, "y": -2380.321, "z": 300 },
      "rotation": { "x": 0, "y": 0, "z": 300 }
    },
    {
      "mode": "DM",
      "position": { "x": 4773.971, "y": -6090.27, "z": 0 },
      "rotation": { "x": 0, "y": 0, "z": 0 }
    },
    {
      "team": "RED",
      "position": { "x": 4007.381, "y": -3155.867, "z": 0 },
      "rotation": { "x": 0, "y": 0, "z": 0 }
    },
    {
      "team": "BLUE",
      "position": { "x": -5503.853, "y": 4566.26, "z": 0 },
      "rotation": { "x": 0, "y": 0, "z": 0 }
    },
    {
      "team": "RED",
      "position": { "x": 6076.356, "y": -2480.87, "z": 300 },
      "rotation": { "x": 0, "y": 0, "z": 300 }
    },
    {
      "mode": "CP",
      "team": "BLUE",
      "position": { "x": -5500, "y": -5500, "z": 0 },
      "rotation": { "x": 0, "y": 0, "z": 0 }
    },
    {
      "mode": "DM",
      "position": { "x": 3277.963, "y": -3192.079, "z": 0 },
      "rotation": { "x": 0, "y": 0, "z": 0 }
    },
    {
      "mode": "CP",
      "team": "BLUE",
      "position": { "x": -1500, "y": -6500, "z": -300 },
      "rotation": { "x": 0, "y": 0, "z": -300 }
    },
    {
      "team": "RED",
      "position": { "x": 3250.658, "y": -3579.638, "z": 0 },
      "rotation": { "x": 0, "y": 0, "z": 0 }
    },
    {
      "mode": "DM",
      "position": { "x": 5952.298, "y": 470.51, "z": 300 },
      "rotation": { "x": 0, "y": 0, "z": 300 }
    },
    {
      "mode": "CP",
      "team": "RED",
      "position": { "x": 1750, "y": 4500, "z": -300 },
      "rotation": { "x": 0, "y": 0, "z": -300 }
    },
    {
      "mode": "DM",
      "position": { "x": 2348.764, "y": -3002.398, "z": 0 },
      "rotation": { "x": 0, "y": 0, "z": 0 }
    },
    {
      "mode": "DM",
      "position": { "x": -5538.152, "y": -6672.882, "z": 0 },
      "rotation": { "x": 0, "y": 0, "z": 0 }
    },
    {
      "mode": "CP",
      "team": "RED",
      "position": { "x": -750, "y": 4500, "z": -300 },
      "rotation": { "x": 0, "y": 0, "z": -300 }
    },
    {
      "mode": "CP",
      "team": "RED",
      "position": { "x": 5500, "y": 3250, "z": 0 },
      "rotation": { "x": 0, "y": 0, "z": 0 }
    },
    {
      "team": "BLUE",
      "position": { "x": -6017.36, "y": 518.69, "z": 300 },
      "rotation": { "x": 0, "y": 0, "z": 300 }
    },
    {
      "mode": "CP",
      "team": "RED",
      "position": { "x": 750, "y": 4500, "z": -300 },
      "rotation": { "x": 0, "y": 0, "z": -300 }
    },
    {
      "team": "RED",
      "position": { "x": 3238.075, "y": 97.358, "z": 0 },
      "rotation": { "x": 0, "y": 0, "z": 0 }
    },
    {
      "team": "RED",
      "position": { "x": 6101.614, "y": 497.109, "z": 300 },
      "rotation": { "x": 0, "y": 0, "z": 300 }
    },
    {
      "mode": "CP",
      "team": "BLUE",
      "position": { "x": -750, "y": -6500, "z": -300 },
      "rotation": { "x": 0, "y": 0, "z": -300 }
    },
    {
      "mode": "CP",
      "team": "BLUE",
      "position": { "x": 750, "y": -6500, "z": -300 },
      "rotation": { "x": 0, "y": 0, "z": -300 }
    },
    {
      "mode": "DM",
      "position": { "x": -5875, "y": 500, "z": 300 },
      "rotation": { "x": 0, "y": 0, "z": 300 }
    },
    {
      "team": "RED",
      "position": { "x": 3929.897, "y": -2594.211, "z": 0 },
      "rotation": { "x": 0, "y": 0, "z": 0 }
    },
    {
      "mode": "DM",
      "position": { "x": 3256.162, "y": 3379.599, "z": 0 },
      "rotation": { "x": 0, "y": 0, "z": 0 }
    },
    {
      "team": "BLUE",
      "position": { "x": -4750, "y": -4625, "z": 0 },
      "rotation": { "x": 0, "y": 0, "z": 0 }
    },
    {
      "team": "BLUE",
      "position": { "x": -5125, "y": 4125, "z": 0 },
      "rotation": { "x": 0, "y": 0, "z": 0 }
    },
    {
      "team": "BLUE",
      "position": { "x": -3730.284, "y": -3070.293, "z": 0 },
      "rotation": { "x": 0, "y": 0, "z": 0 }
    },
    {
      "mode": "CP",
      "team": "BLUE",
      "position": { "x": 3500, "y": -6250, "z": 0 },
      "rotation": { "x": 0, "y": 0, "z": 0 }
    },
    {
      "mode": "DM",
      "position": { "x": 4347.095, "y": 3157.703, "z": 0 },
      "rotation": { "x": 0, "y": 0, "z": 0 }
    },
    {
      "team": "BLUE",
      "position": { "x": -3940.008, "y": 488.219, "z": 0 },
      "rotation": { "x": 0, "y": 0, "z": 0 }
    },
    {
      "team": "BLUE",
      "position": { "x": -4986.659, "y": 2279.746, "z": 0 },
      "rotation": { "x": 0, "y": 0, "z": 0 }
    },
    {
      "team": "RED",
      "position": { "x": 4250, "y": -6500, "z": 0 },
      "rotation": { "x": 0, "y": 0, "z": 0 }
    },
    {
      "team": "BLUE",
      "position": { "x": -5404.966, "y": 2587.554, "z": 0 },
      "rotation": { "x": 0, "y": 0, "z": 0 }
    },
    {
      "team": "RED",
      "position": { "x": 5250, "y": 4625, "z": 0 },
      "rotation": { "x": 0, "y": 0, "z": 0 }
    },
    {
      "mode": "CP",
      "team": "RED",
      "position": { "x": -5375, "y": 2500, "z": 0 },
      "rotation": { "x": 0, "y": 0, "z": 0 }
    },
    {
      "mode": "DM",
      "position": { "x": 5558.176, "y": 4213.036, "z": 0 },
      "rotation": { "x": 0, "y": 0, "z": 0 }
    },
    {
      "team": "BLUE",
      "position": { "x": -5500, "y": -6750, "z": 0 },
      "rotation": { "x": 0, "y": 0, "z": 0 }
    },
    {
      "team": "BLUE",
      "position": { "x": -5487.645, "y": -5624.766, "z": 0 },
      "rotation": { "x": 0, "y": 0, "z": 0 }
    },
    {
      "mode": "DM",
      "position": { "x": -1231.852, "y": 4620.585, "z": -300 },
      "rotation": { "x": 0, "y": 0, "z": -300 }
    },
    {
      "team": "BLUE",
      "position": { "x": -3937.939, "y": -2052.581, "z": 0 },
      "rotation": { "x": 0, "y": 0, "z": 0 }
    },
    {
      "mode": "DM",
      "position": { "x": 1250, "y": -6500, "z": -300 },
      "rotation": { "x": 0, "y": 0, "z": -300 }
    },
    {
      "team": "BLUE",
      "position": { "x": -3201.218, "y": -2258.834, "z": 0 },
      "rotation": { "x": 0, "y": 0, "z": 0 }
    },
    {
      "mode": "CP",
      "team": "RED",
      "position": { "x": -3625, "y": 4375, "z": 0 },
      "rotation": { "x": 0, "y": 0, "z": 0 }
    },
    {
      "mode": "DM",
      "position": { "x": -1824.021, "y": -3360.458, "z": 0 },
      "rotation": { "x": 0, "y": 0, "z": 0 }
    },
    {
      "mode": "CP",
      "team": "RED",
      "position": { "x": -1750, "y": 4500, "z": -300 },
      "rotation": { "x": 0, "y": 0, "z": -300 }
    },
    {
      "mode": "DM",
      "position": { "x": -5594.307, "y": 4447.017, "z": 0 },
      "rotation": { "x": 0, "y": 0, "z": 0 }
    },
    {
      "mode": "CP",
      "team": "BLUE",
      "position": { "x": 1750, "y": -6500, "z": -300 },
      "rotation": { "x": 0, "y": 0, "z": -300 }
    },
    {
      "mode": "CP",
      "team": "BLUE",
      "position": { "x": 4750, "y": -5000, "z": 0 },
      "rotation": { "x": 0, "y": 0, "z": 0 }
    },
    {
      "team": "BLUE",
      "position": { "x": -5307.446, "y": 3321.883, "z": 0 },
      "rotation": { "x": 0, "y": 0, "z": 0 }
    },
    {
      "mode": "DM",
      "position": { "x": -5818.262, "y": -2473.346, "z": 300 },
      "rotation": { "x": 0, "y": 0, "z": 300 }
    },
    {
      "team": "RED",
      "position": { "x": 5598.161, "y": -5956.268, "z": 0 },
      "rotation": { "x": 0, "y": 0, "z": 0 }
    },
    {
      "team": "RED",
      "position": { "x": 4727.304, "y": 3098.359, "z": 0 },
      "rotation": { "x": 0, "y": 0, "z": 0 }
    },
    {
      "team": "RED",
      "position": { "x": 5470.592, "y": 2694.869, "z": 0 },
      "rotation": { "x": 0, "y": 0, "z": 0 }
    },
    {
      "mode": "DM",
      "position": { "x": -1245.442, "y": 327.345, "z": 0 },
      "rotation": { "x": 0, "y": 0, "z": 0 }
    },
    {
      "team": "BLUE",
      "position": { "x": -5504.874, "y": -5125.72, "z": 0 },
      "rotation": { "x": 0, "y": 0, "z": 0 }
    },
    {
      "mode": "CP",
      "team": "RED",
      "position": { "x": 0, "y": 4250, "z": -300 },
      "rotation": { "x": 0, "y": 0, "z": -300 }
    },
    {
      "team": "BLUE",
      "position": { "x": -3268.524, "y": 1597.089, "z": 0 },
      "rotation": { "x": 0, "y": 0, "z": 0 }
    },
    {
      "mode": "DM",
      "position": { "x": 2303.805, "y": 615.049, "z": 0 },
      "rotation": { "x": 0, "y": 0, "z": 0 }
    },
    {
      "mode": "DM",
      "position": { "x": 1343.854, "y": 4652.481, "z": -300 },
      "rotation": { "x": 0, "y": 0, "z": -300 }
    },
    {
      "mode": "CP",
      "team": "RED",
      "position": { "x": 3500, "y": 4250, "z": 0 },
      "rotation": { "x": 0, "y": 0, "z": 0 }
    },
    {
      "team": "RED",
      "position": { "x": 5189.408, "y": 361.864, "z": 300 },
      "rotation": { "x": 0, "y": 0, "z": 300 }
    },
    {
      "team": "BLUE",
      "position": { "x": -5304.474, "y": 510.558, "z": 300 },
      "rotation": { "x": 0, "y": 0, "z": 300 }
    },
    {
      "mode": "DM",
      "position": { "x": -2281.821, "y": 1247.841, "z": 0 },
      "rotation": { "x": 0, "y": 0, "z": 0 }
    },
    {
      "team": "BLUE",
      "position": { "x": -5924.325, "y": -2468.531, "z": 300 },
      "rotation": { "x": 0, "y": 0, "z": 300 }
    }
  ],
  "flags": {
    "RED": {
      "position": { "x": 5500, "y": 437.5, "z": 300 }
    },
    "BLUE": {
      "position": { "x": -5392.147, "y": -2447.888, "z": 300 }
    }
  },
  "points": [
    {
      "id": "A",
      "distance": 1000,
      "free": false,
      "position": { "x": 0, "y": -1000, "z": 0 }
    }
  ],
  "bonuses": [
    {
      "name": "free-bonus",
      "free": true,
      "types": [ "crystal" ],
      "modes": [ "DM", "TDM", "CTF", "CP" ],
      "parachute": true,
      "position": {
        "min": { "x": -2000, "y": -5000, "z": 900 },
        "max": { "x": -1500, "y": -4500, "z": 1200 }
      },
      "rotation": { "x": 0, "y": 0, "z": 0 }
    },
    {
      "name": "free-bonus",
      "free": true,
      "types": [ "health" ],
      "modes": [ "CP" ],
      "parachute": true,
      "position": {
        "min": { "x": -2000, "y": 500, "z": 1125 },
        "max": { "x": -1500, "y": 1000, "z": 1425 }
      },
      "rotation": { "x": 0, "y": 0, "z": 0 }
    },
    {
      "name": "free-bonus",
      "free": true,
      "types": [ "gold" ],
      "modes": [ "DM", "TDM", "CTF" ],
      "parachute": true,
      "position": {
        "min": { "x": -750, "y": -6875, "z": 1500 },
        "max": { "x": 750, "y": -6125, "z": 1800 }
      },
      "rotation": { "x": 0, "y": 0, "z": 0 }
    },
    {
      "name": "free-bonus",
      "free": true,
      "types": [ "crystal" ],
      "modes": [ "DM", "TDM", "CTF" ],
      "parachute": true,
      "position": {
        "min": { "x": -1062.5, "y": -2062.5, "z": 900 },
        "max": { "x": -412.5, "y": -1412.5, "z": 1200 }
      },
      "rotation": { "x": 0, "y": 0, "z": 0 }
    },
    {
      "name": "free-bonus",
      "free": true,
      "types": [ "crystal" ],
      "modes": [ "CP" ],
      "parachute": true,
      "position": {
        "min": { "x": 1500, "y": -1375, "z": 900 },
        "max": { "x": 2500, "y": -725, "z": 1200 }
      },
      "rotation": { "x": 0, "y": 0, "z": 0 }
    },
    {
      "name": "free-bonus",
      "free": true,
      "types": [ "double_armor" ],
      "modes": [ "DM", "TDM", "CTF", "CP" ],
      "parachute": true,
      "position": {
        "min": { "x": 5250, "y": 2500, "z": 900 },
        "max": { "x": 5750, "y": 3500, "z": 1200 }
      },
      "rotation": { "x": 0, "y": 0, "z": 0 }
    },
    {
      "name": "free-bonus",
      "free": true,
      "types": [ "double_damage" ],
      "modes": [ "DM", "TDM", "CTF", "CP" ],
      "parachute": true,
      "position": {
        "min": { "x": -3312.5, "y": 1937.5, "z": 900 },
        "max": { "x": -2962.5, "y": 2287.5, "z": 1200 }
      },
      "rotation": { "x": 0, "y": 0, "z": 0 }
    },
    {
      "name": "free-bonus",
      "free": true,
      "types": [ "nitro" ],
      "modes": [ "DM", "TDM", "CTF", "CP" ],
      "parachute": true,
      "position": {
        "min": { "x": -6000, "y": -1250, "z": 900 },
        "max": { "x": -5000, "y": -750, "z": 1500 }
      },
      "rotation": { "x": 0, "y": 0, "z": 0 }
    },
    {
      "name": "free-bonus",
      "free": true,
      "types": [ "nitro" ],
      "modes": [ "DM", "TDM", "CTF", "CP" ],
      "parachute": true,
      "position": {
        "min": { "x": 5000, "y": -1250, "z": 900 },
        "max": { "x": 6000, "y": -750, "z": 1500 }
      },
      "rotation": { "x": 0, "y": 0, "z": 0 }
    },
    {
      "name": "free-bonus",
      "free": true,
      "types": [ "double_damage" ],
      "modes": [ "DM", "TDM", "CTF", "CP" ],
      "parachute": true,
      "position": {
        "min": { "x": 2937.5, "y": -4312.5, "z": 900 },
        "max": { "x": 3287.5, "y": -3962.5, "z": 1200 }
      },
      "rotation": { "x": 0, "y": 0, "z": 0 }
    },
    {
      "name": "free-bonus",
      "free": true,
      "types": [ "double_armor" ],
      "modes": [ "DM", "TDM", "CTF", "CP" ],
      "parachute": true,
      "position": {
        "min": { "x": -5750, "y": -5750, "z": 900 },
        "max": { "x": -5250, "y": -4750, "z": 1200 }
      },
      "rotation": { "x": 0, "y": 0, "z": 0 }
    },
    {
      "name": "free-bonus",
      "free": true,
      "types": [ "crystal" ],
      "modes": [ "CP" ],
      "parachute": true,
      "position": {
        "min": { "x": -2500, "y": -1375, "z": 900 },
        "max": { "x": -1500, "y": -725, "z": 1200 }
      },
      "rotation": { "x": 0, "y": 0, "z": 0 }
    },
    {
      "name": "free-bonus",
      "free": true,
      "types": [ "crystal" ],
      "modes": [ "DM", "TDM", "CTF" ],
      "parachute": true,
      "position": {
        "min": { "x": 387.5, "y": -550, "z": 900 },
        "max": { "x": 887.5, "y": 200, "z": 1200 }
      },
      "rotation": { "x": 0, "y": 0, "z": 0 }
    },
    {
      "name": "free-bonus",
      "free": true,
      "types": [ "nitro" ],
      "modes": [ "DM", "TDM", "CTF", "CP" ],
      "parachute": true,
      "position": {
        "min": { "x": -750, "y": 4125, "z": 900 },
        "max": { "x": 750, "y": 4875, "z": 1500 }
      },
      "rotation": { "x": 0, "y": 0, "z": 0 }
    },
    {
      "name": "free-bonus",
      "free": true,
      "types": [ "gold" ],
      "modes": [ "DM", "TDM", "CTF" ],
      "parachute": true,
      "position": {
        "min": { "x": -375, "y": -4500, "z": 1500 },
        "max": { "x": 375, "y": -3000, "z": 1800 }
      },
      "rotation": { "x": 0, "y": 0, "z": 0 }
    },
    {
      "name": "free-bonus",
      "free": true,
      "types": [ "gold" ],
      "modes": [ "DM", "TDM", "CTF" ],
      "parachute": true,
      "position": {
        "min": { "x": -375, "y": 1000, "z": 1500 },
        "max": { "x": 375, "y": 2500, "z": 1800 }
      },
      "rotation": { "x": 0, "y": 0, "z": 0 }
    },
    {
      "name": "free-bonus",
      "free": true,
      "types": [ "gold" ],
      "modes": [ "DM", "TDM", "CTF" ],
      "parachute": true,
      "position": {
        "min": { "x": -750, "y": 4125, "z": 1500 },
        "max": { "x": 750, "y": 4875, "z": 1800 }
      },
      "rotation": { "x": 0, "y": 0, "z": 0 }
    },
    {
      "name": "free-bonus",
      "free": true,
      "types": [ "health", "gold" ],
      "modes": [ "DM", "TDM", "CTF" ],
      "parachute": true,
      "position": {
        "min": { "x": -500, "y": -1500, "z": 1500 },
        "max": { "x": 500, "y": -500, "z": 2100 }
      },
      "rotation": { "x": 0, "y": 0, "z": 0 }
    },
    {
      "name": "free-bonus",
      "free": true,
      "types": [ "health" ],
      "modes": [ "CP" ],
      "parachute": true,
      "position": {
        "min": { "x": 1250, "y": -4375, "z": 1200 },
        "max": { "x": 1750, "y": -3875, "z": 1500 }
      },
      "rotation": { "x": 0, "y": 0, "z": 0 }
    },
    {
      "name": "free-bonus",
      "free": true,
      "types": [ "nitro" ],
      "modes": [ "DM", "TDM", "CTF", "CP" ],
      "parachute": true,
      "position": {
        "min": { "x": -750, "y": -6875, "z": 900 },
        "max": { "x": 750, "y": -6125, "z": 1500 }
      },
      "rotation": { "x": 0, "y": 0, "z": 0 }
    },
    {
      "name": "free-bonus",
      "free": true,
      "types": [ "crystal" ],
      "modes": [ "DM", "TDM", "CTF", "CP" ],
      "parachute": true,
      "position": {
        "min": { "x": 1000, "y": 2500, "z": 900 },
        "max": { "x": 1750, "y": 3500, "z": 1200 }
      },
      "rotation": { "x": 0, "y": 0, "z": 0 }
    },
    {
      "name": "free-bonus",
      "free": true,
      "types": [ "crystal" ],
      "modes": [ "DM", "TDM", "CTF", "CP" ],
      "parachute": true,
      "position": {
        "min": { "x": -375, "y": -4500, "z": 1200 },
        "max": { "x": 375, "y": -3000, "z": 1500 }
      },
      "rotation": { "x": 0, "y": 0, "z": 0 }
    },
    {
      "name": "free-bonus",
      "free": true,
      "types": [ "gold" ],
      "modes": [ "DM", "TDM", "CTF", "CP" ],
      "parachute": true,
      "position": {
        "min": { "x": 1250, "y": -4375, "z": 1275 },
        "max": { "x": 1750, "y": -3875, "z": 1575 }
      },
      "rotation": { "x": 0, "y": 0, "z": 0 }
    },
    {
      "name": "free-bonus",
      "free": true,
      "types": [ "gold" ],
      "modes": [ "DM", "TDM", "CTF", "CP" ],
      "parachute": true,
      "position": {
        "min": { "x": -2000, "y": 500, "z": 1200 },
        "max": { "x": -1500, "y": 1000, "z": 1500 }
      },
      "rotation": { "x": 0, "y": 0, "z": 0 }
    }
  ]
}
