{
  "name": "map_gravity",
  "theme": "summer_day",

  "id": 307699,
  "preview": 125877,

  "visual": {
    "angleX": -1,
    "angleZ": -0.5,

    "lightColor": 13090219,
    "shadowColor": 5530735,

    "fogAlpha": 0.25,
    "fogColor": 14545407,

    "farLimit": 10000,
    "nearLimit": 5000,

    "gravity": 1000,
    "skyboxRevolutionSpeed": 0,
    "ssaoColor": 3025184,

    "dustAlpha": 0.75,
    "dustDensity": 0.15000000596046448,
    "dustFarDistance": 7000,
    "dustNearDistance": 5000,
    "dustParticle": "summer",
    "dustSize": 200
  },
  "skybox": "Mountains",
  "resources": {
    "proplibs": [
      "Industrial Bridge",
      "Industrial Elements",
      "Land Tiles",
      "Outer Walls",
      "Promotion",
      "Stuffs"
    ],
    "map": { "id": 307699, "version": 1 }
  },
  "spawnPoints": [
    {
      "mode": "DM",
      "position": { "x": 1750, "y": 2000, "z": 900 },
      "rotation": { "x": 0, "y": 0, "z": 900 }
    },
    {
      "mode": "DM",
      "position": { "x": -1500, "y": 1250, "z": 1500 },
      "rotation": { "x": 0, "y": 0, "z": 1500 }
    },
    {
      "mode": "CP",
      "team": "BLUE",
      "position": { "x": 2500, "y": 1500, "z": 900 },
      "rotation": { "x": 0, "y": 0, "z": 900 }
    },
    {
      "mode": "CP",
      "team": "RED",
      "position": { "x": -2750, "y": -3750, "z": 1500 },
      "rotation": { "x": 0, "y": 0, "z": 1500 }
    },
    {
      "team": "BLUE",
      "position": { "x": -1000, "y": 3750, "z": 300 },
      "rotation": { "x": 0, "y": 0, "z": 300 }
    },
    {
      "mode": "CP",
      "team": "BLUE",
      "position": { "x": 2000, "y": 2000, "z": 900 },
      "rotation": { "x": 0, "y": 0, "z": 900 }
    },
    {
      "team": "RED",
      "position": { "x": -1250, "y": -1750, "z": 3000 },
      "rotation": { "x": 0, "y": 0, "z": 3000 }
    },
    {
      "mode": "DM",
      "position": { "x": -500, "y": 2000, "z": 1500 },
      "rotation": { "x": 0, "y": 0, "z": 1500 }
    },
    {
      "mode": "DM",
      "position": { "x": 2500, "y": 1250, "z": 2100 },
      "rotation": { "x": 0, "y": 0, "z": 2100 }
    },
    {
      "team": "RED",
      "position": { "x": 1750, "y": 2000, "z": 2100 },
      "rotation": { "x": 0, "y": 0, "z": 2100 }
    },
    {
      "team": "BLUE",
      "position": { "x": 2500, "y": 1250, "z": 900 },
      "rotation": { "x": 0, "y": 0, "z": 900 }
    },
    {
      "mode": "DM",
      "position": { "x": 2500, "y": 1250, "z": 900 },
      "rotation": { "x": 0, "y": 0, "z": 900 }
    },
    {
      "mode": "CP",
      "team": "BLUE",
      "position": { "x": 2750, "y": 3250, "z": 1500 },
      "rotation": { "x": 0, "y": 0, "z": 1500 }
    },
    {
      "mode": "DM",
      "position": { "x": 1750, "y": -2250, "z": 1500 },
      "rotation": { "x": 0, "y": 0, "z": 1500 }
    },
    {
      "mode": "CP",
      "team": "RED",
      "position": { "x": -1750, "y": -3750, "z": 1500 },
      "rotation": { "x": 0, "y": 0, "z": 1500 }
    },
    {
      "mode": "CP",
      "team": "RED",
      "position": { "x": -2750, "y": -2750, "z": 1500 },
      "rotation": { "x": 0, "y": 0, "z": 1500 }
    },
    {
      "team": "BLUE",
      "position": { "x": 1750, "y": 2000, "z": 900 },
      "rotation": { "x": 0, "y": 0, "z": 900 }
    },
    {
      "mode": "CP",
      "team": "BLUE",
      "position": { "x": 3250, "y": 3250, "z": 1500 },
      "rotation": { "x": 0, "y": 0, "z": 1500 }
    },
    {
      "mode": "CP",
      "team": "RED",
      "position": { "x": -2250, "y": -3250, "z": 1500 },
      "rotation": { "x": 0, "y": 0, "z": 1500 }
    },
    {
      "team": "RED",
      "position": { "x": -750, "y": -2000, "z": 2100 },
      "rotation": { "x": 0, "y": 0, "z": 2100 }
    },
    {
      "mode": "CP",
      "team": "BLUE",
      "position": { "x": 3250, "y": 3750, "z": 1500 },
      "rotation": { "x": 0, "y": 0, "z": 1500 }
    },
    {
      "mode": "CP",
      "team": "RED",
      "position": { "x": -1250, "y": -3250, "z": 1500 },
      "rotation": { "x": 0, "y": 0, "z": 1500 }
    },
    {
      "mode": "CP",
      "team": "BLUE",
      "position": { "x": 4250, "y": 2250, "z": 1500 },
      "rotation": { "x": 0, "y": 0, "z": 1500 }
    },
    {
      "mode": "CP",
      "team": "BLUE",
      "position": { "x": 3750, "y": 3750, "z": 1500 },
      "rotation": { "x": 0, "y": 0, "z": 1500 }
    },
    {
      "mode": "CP",
      "team": "BLUE",
      "position": { "x": 4250, "y": 2750, "z": 1500 },
      "rotation": { "x": 0, "y": 0, "z": 1500 }
    },
    {
      "mode": "DM",
      "position": { "x": -3000, "y": -3500, "z": 1500 },
      "rotation": { "x": 0, "y": 0, "z": 1500 }
    },
    {
      "mode": "CP",
      "team": "BLUE",
      "position": { "x": 3750, "y": 2750, "z": 1500 },
      "rotation": { "x": 0, "y": 0, "z": 1500 }
    },
    {
      "mode": "CP",
      "team": "BLUE",
      "position": { "x": 3750, "y": 2250, "z": 1500 },
      "rotation": { "x": 0, "y": 0, "z": 1500 }
    },
    {
      "mode": "CP",
      "team": "BLUE",
      "position": { "x": 4250, "y": 3750, "z": 1500 },
      "rotation": { "x": 0, "y": 0, "z": 1500 }
    },
    {
      "mode": "CP",
      "team": "BLUE",
      "position": { "x": 4250, "y": 1250, "z": 1500 },
      "rotation": { "x": 0, "y": 0, "z": 1500 }
    },
    {
      "mode": "DM",
      "position": { "x": -1500, "y": -1250, "z": 2100 },
      "rotation": { "x": 0, "y": 0, "z": 2100 }
    },
    {
      "mode": "DM",
      "position": { "x": -750, "y": -2000, "z": 900 },
      "rotation": { "x": 0, "y": 0, "z": 900 }
    },
    {
      "mode": "DM",
      "position": { "x": -1000, "y": -1250, "z": 3000 },
      "rotation": { "x": 0, "y": 0, "z": 3000 }
    },
    {
      "mode": "CP",
      "team": "RED",
      "position": { "x": -3250, "y": -3750, "z": 1500 },
      "rotation": { "x": 0, "y": 0, "z": 1500 }
    },
    {
      "mode": "CP",
      "team": "RED",
      "position": { "x": -1000, "y": -2000, "z": 900 },
      "rotation": { "x": 0, "y": 0, "z": 900 }
    },
    {
      "mode": "DM",
      "position": { "x": 1750, "y": 2000, "z": 2100 },
      "rotation": { "x": 0, "y": 0, "z": 2100 }
    },
    {
      "mode": "DM",
      "position": { "x": -750, "y": -2000, "z": 2100 },
      "rotation": { "x": 0, "y": 0, "z": 2100 }
    },
    {
      "mode": "CP",
      "team": "RED",
      "position": { "x": -1000, "y": -2000, "z": 2100 },
      "rotation": { "x": 0, "y": 0, "z": 2100 }
    },
    {
      "mode": "CP",
      "team": "RED",
      "position": { "x": -2750, "y": -2250, "z": 1500 },
      "rotation": { "x": 0, "y": 0, "z": 1500 }
    },
    {
      "mode": "CP",
      "team": "RED",
      "position": { "x": -750, "y": -3750, "z": 1500 },
      "rotation": { "x": 0, "y": 0, "z": 1500 }
    },
    {
      "mode": "DM",
      "position": { "x": -750, "y": 3750, "z": 300 },
      "rotation": { "x": 0, "y": 0, "z": 300 }
    },
    {
      "team": "BLUE",
      "position": { "x": -750, "y": -2000, "z": 900 },
      "rotation": { "x": 0, "y": 0, "z": 900 }
    },
    {
      "mode": "CP",
      "team": "BLUE",
      "position": { "x": 2750, "y": 2250, "z": 2100 },
      "rotation": { "x": 0, "y": 0, "z": 2100 }
    },
    {
      "mode": "DM",
      "position": { "x": 1750, "y": -1250, "z": 2700 },
      "rotation": { "x": 0, "y": 0, "z": 2700 }
    },
    {
      "team": "RED",
      "position": { "x": 3000, "y": -1250, "z": 2700 },
      "rotation": { "x": 0, "y": 0, "z": 2700 }
    },
    {
      "mode": "CP",
      "team": "RED",
      "position": { "x": -1250, "y": -3750, "z": 1500 },
      "rotation": { "x": 0, "y": 0, "z": 1500 }
    },
    {
      "mode": "CP",
      "team": "BLUE",
      "position": { "x": 2000, "y": 2000, "z": 2100 },
      "rotation": { "x": 0, "y": 0, "z": 2100 }
    },
    {
      "mode": "CP",
      "team": "RED",
      "position": { "x": -3250, "y": -2750, "z": 1500 },
      "rotation": { "x": 0, "y": 0, "z": 1500 }
    },
    {
      "team": "RED",
      "position": { "x": -1500, "y": -1250, "z": 2100 },
      "rotation": { "x": 0, "y": 0, "z": 2100 }
    },
    {
      "mode": "CP",
      "team": "RED",
      "position": { "x": -3250, "y": -1750, "z": 1500 },
      "rotation": { "x": 0, "y": 0, "z": 1500 }
    },
    {
      "mode": "CP",
      "team": "RED",
      "position": { "x": -3250, "y": -2250, "z": 1500 },
      "rotation": { "x": 0, "y": 0, "z": 1500 }
    },
    {
      "mode": "CP",
      "team": "BLUE",
      "position": { "x": 1750, "y": 3750, "z": 1500 },
      "rotation": { "x": 0, "y": 0, "z": 1500 }
    },
    {
      "mode": "CP",
      "team": "RED",
      "position": { "x": -1750, "y": -2250, "z": 2100 },
      "rotation": { "x": 0, "y": 0, "z": 2100 }
    },
    {
      "mode": "CP",
      "team": "RED",
      "position": { "x": -2250, "y": -3750, "z": 1500 },
      "rotation": { "x": 0, "y": 0, "z": 1500 }
    },
    {
      "mode": "CP",
      "team": "RED",
      "position": { "x": -2750, "y": -1750, "z": 1500 },
      "rotation": { "x": 0, "y": 0, "z": 1500 }
    },
    {
      "mode": "CP",
      "team": "BLUE",
      "position": { "x": 2500, "y": 1500, "z": 2100 },
      "rotation": { "x": 0, "y": 0, "z": 2100 }
    },
    {
      "mode": "DM",
      "position": { "x": 2500, "y": -2000, "z": 300 },
      "rotation": { "x": 0, "y": 0, "z": 300 }
    },
    {
      "mode": "CP",
      "team": "RED",
      "position": { "x": -2750, "y": -1250, "z": 1500 },
      "rotation": { "x": 0, "y": 0, "z": 1500 }
    },
    {
      "team": "RED",
      "position": { "x": 1750, "y": -2500, "z": 2700 },
      "rotation": { "x": 0, "y": 0, "z": 2700 }
    },
    {
      "mode": "CP",
      "team": "RED",
      "position": { "x": -1750, "y": -3250, "z": 1500 },
      "rotation": { "x": 0, "y": 0, "z": 1500 }
    },
    {
      "mode": "DM",
      "position": { "x": 2000, "y": 1250, "z": 3000 },
      "rotation": { "x": 0, "y": 0, "z": 3000 }
    },
    {
      "mode": "CP",
      "team": "RED",
      "position": { "x": -1500, "y": -1500, "z": 2100 },
      "rotation": { "x": 0, "y": 0, "z": 2100 }
    },
    {
      "mode": "DM",
      "position": { "x": 4000, "y": 3500, "z": 1500 },
      "rotation": { "x": 0, "y": 0, "z": 1500 }
    },
    {
      "mode": "DM",
      "position": { "x": -1750, "y": 2250, "z": 300 },
      "rotation": { "x": 0, "y": 0, "z": 300 }
    },
    {
      "mode": "DM",
      "position": { "x": -750, "y": 1500, "z": 2700 },
      "rotation": { "x": 0, "y": 0, "z": 2700 }
    },
    {
      "mode": "CP",
      "team": "BLUE",
      "position": { "x": 3750, "y": 1750, "z": 1500 },
      "rotation": { "x": 0, "y": 0, "z": 1500 }
    },
    {
      "mode": "CP",
      "team": "RED",
      "position": { "x": -750, "y": -3250, "z": 1500 },
      "rotation": { "x": 0, "y": 0, "z": 1500 }
    },
    {
      "mode": "DM",
      "position": { "x": -1500, "y": -1250, "z": 900 },
      "rotation": { "x": 0, "y": 0, "z": 900 }
    },
    {
      "mode": "CP",
      "team": "BLUE",
      "position": { "x": 4250, "y": 1750, "z": 1500 },
      "rotation": { "x": 0, "y": 0, "z": 1500 }
    },
    {
      "mode": "CP",
      "team": "BLUE",
      "position": { "x": 1750, "y": 3250, "z": 1500 },
      "rotation": { "x": 0, "y": 0, "z": 1500 }
    },
    {
      "team": "BLUE",
      "position": { "x": -500, "y": 3750, "z": 300 },
      "rotation": { "x": 0, "y": 0, "z": 300 }
    },
    {
      "team": "RED",
      "position": { "x": -1000, "y": 1250, "z": 2700 },
      "rotation": { "x": 0, "y": 0, "z": 2700 }
    },
    {
      "team": "BLUE",
      "position": { "x": -2500, "y": 2000, "z": 300 },
      "rotation": { "x": 0, "y": 0, "z": 300 }
    },
    {
      "mode": "CP",
      "team": "BLUE",
      "position": { "x": 2250, "y": 3750, "z": 1500 },
      "rotation": { "x": 0, "y": 0, "z": 1500 }
    },
    {
      "mode": "DM",
      "position": { "x": 2500, "y": -1250, "z": 1500 },
      "rotation": { "x": 0, "y": 0, "z": 1500 }
    },
    {
      "mode": "CP",
      "team": "RED",
      "position": { "x": -3250, "y": -1250, "z": 1500 },
      "rotation": { "x": 0, "y": 0, "z": 1500 }
    },
    {
      "mode": "CP",
      "team": "BLUE",
      "position": { "x": 2250, "y": 3250, "z": 1500 },
      "rotation": { "x": 0, "y": 0, "z": 1500 }
    },
    {
      "mode": "CP",
      "team": "BLUE",
      "position": { "x": 4250, "y": 3250, "z": 1500 },
      "rotation": { "x": 0, "y": 0, "z": 1500 }
    },
    {
      "mode": "CP",
      "team": "BLUE",
      "position": { "x": 3750, "y": 1250, "z": 1500 },
      "rotation": { "x": 0, "y": 0, "z": 1500 }
    },
    {
      "mode": "CP",
      "team": "RED",
      "position": { "x": -1500, "y": -1500, "z": 900 },
      "rotation": { "x": 0, "y": 0, "z": 900 }
    },
    {
      "mode": "CP",
      "team": "BLUE",
      "position": { "x": 2750, "y": 3750, "z": 1500 },
      "rotation": { "x": 0, "y": 0, "z": 1500 }
    },
    {
      "team": "RED",
      "position": { "x": 2500, "y": 1250, "z": 2100 },
      "rotation": { "x": 0, "y": 0, "z": 2100 }
    },
    {
      "team": "RED",
      "position": { "x": 2250, "y": 1750, "z": 3000 },
      "rotation": { "x": 0, "y": 0, "z": 3000 }
    },
    {
      "mode": "CP",
      "team": "RED",
      "position": { "x": -3250, "y": -3250, "z": 1500 },
      "rotation": { "x": 0, "y": 0, "z": 1500 }
    },
    {
      "team": "BLUE",
      "position": { "x": -1500, "y": -1250, "z": 900 },
      "rotation": { "x": 0, "y": 0, "z": 900 }
    }
  ],
  "flags": {
    "RED": {
      "position": { "x": 2750, "y": -2250, "z": 2700 }
    },
    "BLUE": {
      "position": { "x": -750, "y": 2250, "z": 300 }
    }
  },
  "points": [
    {
      "id": "E",
      "distance": 1000,
      "free": false,
      "position": { "x": 2000, "y": 1500, "z": 3000 }
    },
    {
      "id": "B",
      "distance": 1000,
      "free": false,
      "position": { "x": -1250, "y": 1750, "z": 1500 }
    },
    {
      "id": "C",
      "distance": 1000,
      "free": false,
      "position": { "x": 2500, "y": -2000, "z": 1500 }
    },
    {
      "id": "D",
      "distance": 1000,
      "free": false,
      "position": { "x": -1000, "y": -1500, "z": 3000 }
    },
    {
      "id": "A",
      "distance": 1000,
      "free": false,
      "position": { "x": -2000, "y": 2500, "z": 300 }
    }
  ],
  "bonuses": [
    {
      "name": "free-bonus",
      "free": true,
      "types": [ "crystal" ],
      "modes": [ "TDM", "CP", "DM", "CTF" ],
      "parachute": true,
      "position": {
        "min": { "x": 3375, "y": 2875, "z": 2400 },
        "max": { "x": 4125, "y": 3625, "z": 2700 }
      },
      "rotation": { "x": 0, "y": 0, "z": 0 }
    },
    {
      "name": "free-bonus",
      "free": true,
      "types": [ "health", "double_damage" ],
      "modes": [ "TDM", "CP", "DM", "CTF" ],
      "parachute": true,
      "position": {
        "min": { "x": 2250, "y": -2250, "z": 300 },
        "max": { "x": 2750, "y": -1750, "z": 330 }
      },
      "rotation": { "x": 0, "y": 0, "z": 0 }
    },
    {
      "name": "free-bonus",
      "free": true,
      "types": [ "nitro", "double_armor" ],
      "modes": [ "TDM", "CP", "DM", "CTF" ],
      "parachute": true,
      "position": {
        "min": { "x": 1625, "y": -1875, "z": 3600 },
        "max": { "x": 2375, "y": -1125, "z": 3900 }
      },
      "rotation": { "x": 0, "y": 0, "z": 0 }
    },
    {
      "name": "free-bonus",
      "free": true,
      "types": [ "nitro", "double_armor" ],
      "modes": [ "CP" ],
      "parachute": true,
      "position": {
        "min": { "x": -750, "y": 2750, "z": 300 },
        "max": { "x": -250, "y": 3250, "z": 360 }
      },
      "rotation": { "x": 0, "y": 0, "z": 0 }
    },
    {
      "name": "free-bonus",
      "free": true,
      "types": [ "crystal" ],
      "modes": [ "TDM", "CP", "DM", "CTF" ],
      "parachute": true,
      "position": {
        "min": { "x": -3125, "y": -3625, "z": 2400 },
        "max": { "x": -2375, "y": -2875, "z": 2700 }
      },
      "rotation": { "x": 0, "y": 0, "z": 0 }
    },
    {
      "name": "free-bonus",
      "free": true,
      "types": [ "health", "double_damage" ],
      "modes": [ "TDM", "CP", "DM", "CTF" ],
      "parachute": true,
      "position": {
        "min": { "x": 1125, "y": 625, "z": 2100 },
        "max": { "x": 1375, "y": 875, "z": 2160 }
      },
      "rotation": { "x": 0, "y": 0, "z": 0 }
    },
    {
      "name": "free-bonus",
      "free": true,
      "types": [ "crystal", "gold" ],
      "modes": [ "TDM", "CP", "DM", "CTF" ],
      "parachute": true,
      "position": {
        "min": { "x": 1125, "y": -875, "z": 1500 },
        "max": { "x": 1875, "y": -625, "z": 1560 }
      },
      "rotation": { "x": 0, "y": 0, "z": 0 }
    },
    {
      "name": "free-bonus",
      "free": true,
      "types": [ "health", "double_damage" ],
      "modes": [ "TDM", "CP", "DM", "CTF" ],
      "parachute": true,
      "position": {
        "min": { "x": -1250, "y": 1250, "z": 3600 },
        "max": { "x": -750, "y": 1750, "z": 3900 }
      },
      "rotation": { "x": 0, "y": 0, "z": 0 }
    },
    {
      "name": "free-bonus",
      "free": true,
      "types": [ "nitro", "double_armor" ],
      "modes": [ "TDM", "DM", "CTF" ],
      "parachute": true,
      "position": {
        "min": { "x": -1750, "y": 2250, "z": 300 },
        "max": { "x": -1250, "y": 2750, "z": 360 }
      },
      "rotation": { "x": 0, "y": 0, "z": 0 }
    },
    {
      "name": "free-bonus",
      "free": true,
      "types": [ "nitro", "double_armor" ],
      "modes": [ "TDM", "CP", "DM", "CTF" ],
      "parachute": true,
      "position": {
        "min": { "x": 1125, "y": 625, "z": 900 },
        "max": { "x": 1375, "y": 875, "z": 960 }
      },
      "rotation": { "x": 0, "y": 0, "z": 0 }
    },
    {
      "name": "free-bonus",
      "free": true,
      "types": [ "crystal", "gold" ],
      "modes": [ "TDM", "CP", "DM", "CTF" ],
      "parachute": true,
      "position": {
        "min": { "x": -875, "y": 625, "z": 1500 },
        "max": { "x": -125, "y": 875, "z": 1560 }
      },
      "rotation": { "x": 0, "y": 0, "z": 0 }
    },
    {
      "name": "free-bonus",
      "free": true,
      "types": [ "nitro", "double_armor" ],
      "modes": [ "TDM", "CP", "DM", "CTF" ],
      "parachute": true,
      "position": {
        "min": { "x": -375, "y": -875, "z": 2100 },
        "max": { "x": -125, "y": -625, "z": 2160 }
      },
      "rotation": { "x": 0, "y": 0, "z": 0 }
    },
    {
      "name": "free-bonus",
      "free": true,
      "types": [ "health", "double_damage" ],
      "modes": [ "TDM", "CP", "DM", "CTF" ],
      "parachute": true,
      "position": {
        "min": { "x": -375, "y": -875, "z": 900 },
        "max": { "x": -125, "y": -625, "z": 960 }
      },
      "rotation": { "x": 0, "y": 0, "z": 0 }
    }
  ]
}
