{
  "name": "map_massacre",
  "theme": "summer_day",

  "id": 163968,
  "preview": 913170,

  "visual": {
    "angleX": -1,
    "angleZ": -0.5,

    "lightColor": 13090219,
    "shadowColor": 5530735,

    "fogAlpha": 0.25,
    "fogColor": 14545407,

    "farLimit": 10000,
    "nearLimit": 5000,

    "gravity": 1000,
    "skyboxRevolutionSpeed": 0,
    "ssaoColor": 3025184,

    "dustAlpha": 0.75,
    "dustDensity": 0.15000000596046448,
    "dustFarDistance": 7000,
    "dustNearDistance": 5000,
    "dustParticle": "summer",
    "dustSize": 200
  },
  "skybox": "Mountains",
  "resources": {
    "proplibs": [
      "Bush",
      "Land Hills",
      "Land Rise",
      "Land Rocks",
      "Land Tiles",
      "Outer Walls",
      "Promotion"
    ],
    "map": { "id": 163968, "version": 1 }
  },
  "spawnPoints": [
    {
      "team": "BLUE",
      "position": { "x": 2250, "y": 7500, "z": 0 },
      "rotation": { "x": 0, "y": 0, "z": 0 }
    },
    {
      "team": "BLUE",
      "position": { "x": -250, "y": 10000, "z": 0 },
      "rotation": { "x": 0, "y": 0, "z": 0 }
    },
    {
      "team": "RED",
      "position": { "x": -2750, "y": -6000, "z": 0 },
      "rotation": { "x": 0, "y": 0, "z": 0 }
    },
    {
      "mode": "DM",
      "position": { "x": -2750, "y": -6000, "z": 0 },
      "rotation": { "x": 0, "y": 0, "z": 0 }
    },
    {
      "team": "RED",
      "position": { "x": -250, "y": -8500, "z": 0 },
      "rotation": { "x": 0, "y": 0, "z": 0 }
    },
    {
      "mode": "DM",
      "position": { "x": -250, "y": -8500, "z": 0 },
      "rotation": { "x": 0, "y": 0, "z": 0 }
    },
    {
      "mode": "DM",
      "position": { "x": -2750, "y": 7500, "z": 0 },
      "rotation": { "x": 0, "y": 0, "z": 0 }
    },
    {
      "mode": "DM",
      "position": { "x": -250, "y": 10000, "z": 0 },
      "rotation": { "x": 0, "y": 0, "z": 0 }
    },
    {
      "mode": "DM",
      "position": { "x": 2250, "y": -6000, "z": 0 },
      "rotation": { "x": 0, "y": 0, "z": 0 }
    },
    {
      "team": "RED",
      "position": { "x": 2250, "y": -6000, "z": 0 },
      "rotation": { "x": 0, "y": 0, "z": 0 }
    },
    {
      "team": "BLUE",
      "position": { "x": -2750, "y": 7500, "z": 0 },
      "rotation": { "x": 0, "y": 0, "z": 0 }
    },
    {
      "mode": "DM",
      "position": { "x": 2250, "y": 7500, "z": 0 },
      "rotation": { "x": 0, "y": 0, "z": 0 }
    }
  ],
  "flags": {
    "RED": {
      "position": { "x": -250, "y": 7750, "z": 0 }
    },
    "BLUE": {
      "position": { "x": -250, "y": -5750, "z": 0 }
    }
  },
  "points": [
    {
      "id": "E",
      "distance": 1000,
      "free": false,
      "position": { "x": -250, "y": -5750, "z": 0 }
    },
    {
      "id": "A",
      "distance": 1000,
      "free": false,
      "position": { "x": -250, "y": 7750, "z": 0 }
    },
    {
      "id": "D",
      "distance": 1000,
      "free": false,
      "position": { "x": -4250, "y": -1750, "z": 600 }
    },
    {
      "id": "C",
      "distance": 1000,
      "free": false,
      "position": { "x": -750, "y": 1000, "z": 0 }
    },
    {
      "id": "B",
      "distance": 1000,
      "free": false,
      "position": { "x": 3750, "y": 3750, "z": 600 }
    }
  ],
  "bonuses": [
    {
      "name": "free-bonus",
      "free": true,
      "types": [ "crystal" ],
      "modes": [ "DM", "CP", "CTF", "TDM" ],
      "parachute": true,
      "position": {
        "min": { "x": 2000, "y": 1000, "z": 1500 },
        "max": { "x": 3000, "y": 2500, "z": 1800 }
      },
      "rotation": { "x": 0, "y": 0, "z": 0 }
    },
    {
      "name": "free-bonus",
      "free": true,
      "types": [ "health" ],
      "modes": [ "DM", "CP", "CTF", "TDM" ],
      "parachute": true,
      "position": {
        "min": { "x": 250, "y": 3562.5, "z": 1500 },
        "max": { "x": 1250, "y": 3962.5, "z": 1800 }
      },
      "rotation": { "x": 0, "y": 0, "z": 0 }
    },
    {
      "name": "free-bonus",
      "free": true,
      "types": [ "gold", "double_armor" ],
      "modes": [ "DM", "CP", "CTF", "TDM" ],
      "parachute": true,
      "position": {
        "min": { "x": 2375, "y": 375, "z": 1500 },
        "max": { "x": 3375, "y": 1375, "z": 1800 }
      },
      "rotation": { "x": 0, "y": 0, "z": 0 }
    },
    {
      "name": "free-bonus",
      "free": true,
      "types": [ "double_damage" ],
      "modes": [ "DM", "CP", "CTF", "TDM" ],
      "parachute": true,
      "position": {
        "min": { "x": 3500, "y": -5000, "z": 1200 },
        "max": { "x": 4000, "y": -4500, "z": 1500 }
      },
      "rotation": { "x": 0, "y": 0, "z": 0 }
    },
    {
      "name": "free-bonus",
      "free": true,
      "types": [ "crystal" ],
      "modes": [ "DM", "CP", "CTF", "TDM" ],
      "parachute": true,
      "position": {
        "min": { "x": 250, "y": 500, "z": 1200 },
        "max": { "x": 750, "y": 1500, "z": 1500 }
      },
      "rotation": { "x": 0, "y": 0, "z": 0 }
    },
    {
      "name": "free-bonus",
      "free": true,
      "types": [ "health", "crystal" ],
      "modes": [ "DM", "CP", "CTF", "TDM" ],
      "parachute": true,
      "position": {
        "min": { "x": -1750, "y": -1250, "z": 1200 },
        "max": { "x": -750, "y": -500, "z": 1500 }
      },
      "rotation": { "x": 0, "y": 0, "z": 0 }
    },
    {
      "name": "free-bonus",
      "free": true,
      "types": [ "nitro" ],
      "modes": [ "DM", "CP", "CTF", "TDM" ],
      "parachute": true,
      "position": {
        "min": { "x": -500, "y": 11500, "z": 1200 },
        "max": { "x": 0, "y": 12000, "z": 1500 }
      },
      "rotation": { "x": 0, "y": 0, "z": 0 }
    },
    {
      "name": "free-bonus",
      "free": true,
      "types": [ "double_armor" ],
      "modes": [ "DM", "CP", "CTF", "TDM" ],
      "parachute": true,
      "position": {
        "min": { "x": 3500, "y": 6500, "z": 1200 },
        "max": { "x": 4000, "y": 7000, "z": 1500 }
      },
      "rotation": { "x": 0, "y": 0, "z": 0 }
    },
    {
      "name": "free-bonus",
      "free": true,
      "types": [ "nitro" ],
      "modes": [ "DM", "CP", "CTF", "TDM" ],
      "parachute": true,
      "position": {
        "min": { "x": -500, "y": -10000, "z": 1200 },
        "max": { "x": 0, "y": -9500, "z": 1500 }
      },
      "rotation": { "x": 0, "y": 0, "z": 0 }
    },
    {
      "name": "free-bonus",
      "free": true,
      "types": [ "double_armor" ],
      "modes": [ "DM", "CP", "CTF", "TDM" ],
      "parachute": true,
      "position": {
        "min": { "x": -4500, "y": -5000, "z": 1200 },
        "max": { "x": -4000, "y": -4500, "z": 1500 }
      },
      "rotation": { "x": 0, "y": 0, "z": 0 }
    },
    {
      "name": "free-bonus",
      "free": true,
      "types": [ "gold" ],
      "modes": [ "DM", "CP", "CTF", "TDM" ],
      "parachute": true,
      "position": {
        "min": { "x": -4000, "y": 1000, "z": 1500 },
        "max": { "x": -2500, "y": 2000, "z": 1800 }
      },
      "rotation": { "x": 0, "y": 0, "z": 0 }
    },
    {
      "name": "free-bonus",
      "free": true,
      "types": [ "double_damage", "crystal" ],
      "modes": [ "DM", "CP", "CTF", "TDM" ],
      "parachute": true,
      "position": {
        "min": { "x": 3500, "y": -2000, "z": 1200 },
        "max": { "x": 4500, "y": -500, "z": 1500 }
      },
      "rotation": { "x": 0, "y": 0, "z": 0 }
    },
    {
      "name": "free-bonus",
      "free": true,
      "types": [ "gold" ],
      "modes": [ "DM", "CP", "CTF", "TDM" ],
      "parachute": true,
      "position": {
        "min": { "x": 0, "y": 250, "z": 1500 },
        "max": { "x": 1500, "y": 1750, "z": 1800 }
      },
      "rotation": { "x": 0, "y": 0, "z": 0 }
    },
    {
      "name": "free-bonus",
      "free": true,
      "types": [ "double_armor" ],
      "modes": [ "DM", "CP", "CTF", "TDM" ],
      "parachute": true,
      "position": {
        "min": { "x": -4250, "y": 3550, "z": 1500 },
        "max": { "x": -3250, "y": 3950, "z": 1800 }
      },
      "rotation": { "x": 0, "y": 0, "z": 0 }
    },
    {
      "name": "free-bonus",
      "free": true,
      "types": [ "double_damage" ],
      "modes": [ "DM", "CP", "CTF", "TDM" ],
      "parachute": true,
      "position": {
        "min": { "x": -4500, "y": 6500, "z": 900 },
        "max": { "x": -4000, "y": 7000, "z": 1200 }
      },
      "rotation": { "x": 0, "y": 0, "z": 0 }
    }
  ]
}
