{
  "name": "map_tribute",
  "theme": "winter_day",

  "id": 87012,
  "preview": 566575,

  "visual": {
    "angleX": -1,
    "angleZ": -0.5,

    "lightColor": 8419955,
    "shadowColor": 6184542,

    "fogAlpha": 0.25,
    "fogColor": 15333375,

    "farLimit": 10000,
    "nearLimit": 5000,

    "gravity": 1000,
    "skyboxRevolutionSpeed": 0,
    "ssaoColor": 2374217,

    "dustAlpha": 0.8999999761581421,
    "dustDensity": 0.15000000596046448,
    "dustFarDistance": 7000,
    "dustNearDistance": 5000,
    "dustParticle": "winter",
    "dustSize": 200
  },
  "skybox": "Winter",
  "resources": {
    "proplibs": [
      "Bridge Parts Winter",
      "Bush Winter",
      "City Builds Winter",
      "Cliffs Winter",
      "Concrete Tiles Winter",
      "Concrete Walls Winter",
      "Grass Tiles Winter",
      "NuBu 1 Winter",
      "NuBu 10 Winter",
      "NuBu 12 Winter",
      "NuBu 14 Winter",
      "NuBu 2 Winter",
      "NuBu 3 Winter",
      "NuBu 4 Winter",
      "NuBu 5 Winter",
      "NuBu 6 Winter",
      "NuBu 8 Winter",
      "NuBu 9 Winter",
      "Promotion Winter",
      "Slopes Rises Winter",
      "Small Bridge Winter"
    ],
    "map": { "id": 87012, "version": 1 }
  },
  "spawnPoints": [
    {
      "mode": "CP",
      "team": "RED",
      "position": { "x": -4250, "y": 6500, "z": 600 },
      "rotation": { "x": 0, "y": 0, "z": 600 }
    },
    {
      "mode": "CP",
      "team": "RED",
      "position": { "x": -3750, "y": 8000, "z": 600 },
      "rotation": { "x": 0, "y": 0, "z": 600 }
    },
    {
      "mode": "CP",
      "team": "RED",
      "position": { "x": -3000, "y": 9250, "z": 600 },
      "rotation": { "x": 0, "y": 0, "z": 600 }
    },
    {
      "mode": "CP",
      "team": "RED",
      "position": { "x": -1250, "y": 8500, "z": 600 },
      "rotation": { "x": 0, "y": 0, "z": 600 }
    },
    {
      "mode": "CP",
      "team": "RED",
      "position": { "x": -500, "y": 8250, "z": 600 },
      "rotation": { "x": 0, "y": 0, "z": 600 }
    },
    {
      "mode": "CP",
      "team": "RED",
      "position": { "x": -1250, "y": 9375, "z": 600 },
      "rotation": { "x": 0, "y": 0, "z": 600 }
    },
    {
      "team": "RED",
      "position": { "x": -350.923, "y": -3310.979, "z": 300 },
      "rotation": { "x": 0, "y": 0, "z": 300 }
    },
    {
      "mode": "DM",
      "position": { "x": -4547.408, "y": 992.058, "z": 300 },
      "rotation": { "x": 0, "y": 0, "z": 300 }
    },
    {
      "team": "RED",
      "position": { "x": 3181.362, "y": -2026.285, "z": 0 },
      "rotation": { "x": 0, "y": 0, "z": 0 }
    },
    {
      "mode": "DM",
      "position": { "x": 5942.891, "y": -1405.616, "z": 0 },
      "rotation": { "x": 0, "y": 0, "z": 0 }
    },
    {
      "mode": "DM",
      "position": { "x": 7625.17, "y": -4348.179, "z": 600 },
      "rotation": { "x": 0, "y": 0, "z": 600 }
    },
    {
      "team": "RED",
      "position": { "x": 5930.537, "y": -1837.301, "z": 0 },
      "rotation": { "x": 0, "y": 0, "z": 0 }
    },
    {
      "team": "RED",
      "position": { "x": 7439.944, "y": -3473.947, "z": 600 },
      "rotation": { "x": 0, "y": 0, "z": 600 }
    },
    {
      "mode": "DM",
      "position": { "x": -4017.157, "y": 9708.444, "z": 600 },
      "rotation": { "x": 0, "y": 0, "z": 600 }
    },
    {
      "team": "RED",
      "position": { "x": 7521.547, "y": -4971.136, "z": 600 },
      "rotation": { "x": 0, "y": 0, "z": 600 }
    },
    {
      "team": "RED",
      "position": { "x": 8077.643, "y": -4149.9, "z": 600 },
      "rotation": { "x": 0, "y": 0, "z": 600 }
    },
    {
      "team": "RED",
      "position": { "x": -700.302, "y": -2300.903, "z": 300 },
      "rotation": { "x": 0, "y": 0, "z": 300 }
    },
    {
      "team": "RED",
      "position": { "x": 6076.02, "y": -1358.004, "z": 0 },
      "rotation": { "x": 0, "y": 0, "z": 0 }
    },
    {
      "team": "BLUE",
      "position": { "x": 8352.386, "y": 9389.377, "z": 600 },
      "rotation": { "x": 0, "y": 0, "z": 600 }
    },
    {
      "mode": "CP",
      "team": "BLUE",
      "position": { "x": 4875, "y": 10375, "z": 600 },
      "rotation": { "x": 0, "y": 0, "z": 600 }
    },
    {
      "mode": "CP",
      "team": "BLUE",
      "position": { "x": 6125, "y": 11375, "z": 600 },
      "rotation": { "x": 0, "y": 0, "z": 600 }
    },
    {
      "mode": "CP",
      "team": "BLUE",
      "position": { "x": 2375, "y": 7625, "z": 600 },
      "rotation": { "x": 0, "y": 0, "z": 600 }
    },
    {
      "mode": "DM",
      "position": { "x": -423, "y": 10027.843, "z": 600 },
      "rotation": { "x": 0, "y": 0, "z": 600 }
    },
    {
      "team": "RED",
      "position": { "x": 716.059, "y": -1578.893, "z": 0 },
      "rotation": { "x": 0, "y": 0, "z": 0 }
    },
    {
      "mode": "CP",
      "team": "BLUE",
      "position": { "x": 2250, "y": 8250, "z": 600 },
      "rotation": { "x": 0, "y": 0, "z": 600 }
    },
    {
      "team": "RED",
      "position": { "x": -283.97, "y": -2146.753, "z": 300 },
      "rotation": { "x": 0, "y": 0, "z": 300 }
    },
    {
      "mode": "DM",
      "position": { "x": 569.183, "y": 8297.369, "z": 600 },
      "rotation": { "x": 0, "y": 0, "z": 600 }
    },
    {
      "mode": "CP",
      "team": "RED",
      "position": { "x": -1500, "y": 10000, "z": 600 },
      "rotation": { "x": 0, "y": 0, "z": 600 }
    },
    {
      "mode": "CP",
      "team": "RED",
      "position": { "x": 375, "y": 11875, "z": 600 },
      "rotation": { "x": 0, "y": 0, "z": 600 }
    },
    {
      "mode": "CP",
      "team": "BLUE",
      "position": { "x": 2875, "y": 12000, "z": 600 },
      "rotation": { "x": 0, "y": 0, "z": 600 }
    },
    {
      "mode": "DM",
      "position": { "x": 1160.451, "y": -2708.085, "z": 0 },
      "rotation": { "x": 0, "y": 0, "z": 0 }
    },
    {
      "mode": "CP",
      "team": "BLUE",
      "position": { "x": 9500, "y": 8375, "z": 600 },
      "rotation": { "x": 0, "y": 0, "z": 600 }
    },
    {
      "team": "RED",
      "position": { "x": -4145.855, "y": -4134.453, "z": 300 },
      "rotation": { "x": 0, "y": 0, "z": 300 }
    },
    {
      "team": "BLUE",
      "position": { "x": 9474.962, "y": 8409.863, "z": 600 },
      "rotation": { "x": 0, "y": 0, "z": 600 }
    },
    {
      "mode": "CP",
      "team": "BLUE",
      "position": { "x": 3750, "y": 10375, "z": 600 },
      "rotation": { "x": 0, "y": 0, "z": 600 }
    },
    {
      "mode": "CP",
      "team": "RED",
      "position": { "x": 500, "y": 8250, "z": 600 },
      "rotation": { "x": 0, "y": 0, "z": 600 }
    },
    {
      "mode": "CP",
      "team": "BLUE",
      "position": { "x": 4375, "y": 7250, "z": 600 },
      "rotation": { "x": 0, "y": 0, "z": 600 }
    },
    {
      "mode": "DM",
      "position": { "x": -4524.234, "y": -1806.437, "z": 300 },
      "rotation": { "x": 0, "y": 0, "z": 300 }
    },
    {
      "mode": "DM",
      "position": { "x": 4858.27, "y": 1625.47, "z": 0 },
      "rotation": { "x": 0, "y": 0, "z": 0 }
    },
    {
      "team": "RED",
      "position": { "x": 4887.494, "y": -2038.03, "z": 0 },
      "rotation": { "x": 0, "y": 0, "z": 0 }
    },
    {
      "team": "BLUE",
      "position": { "x": 7745.622, "y": 10048.942, "z": 600 },
      "rotation": { "x": 0, "y": 0, "z": 600 }
    },
    {
      "team": "RED",
      "position": { "x": -563.17, "y": -4178.005, "z": 300 },
      "rotation": { "x": 0, "y": 0, "z": 300 }
    },
    {
      "mode": "DM",
      "position": { "x": 2291.807, "y": 8248.134, "z": 600 },
      "rotation": { "x": 0, "y": 0, "z": 600 }
    },
    {
      "mode": "DM",
      "position": { "x": 9871.674, "y": 8446.97, "z": 600 },
      "rotation": { "x": 0, "y": 0, "z": 600 }
    },
    {
      "mode": "CP",
      "team": "RED",
      "position": { "x": -875, "y": 10000, "z": 600 },
      "rotation": { "x": 0, "y": 0, "z": 600 }
    },
    {
      "mode": "CP",
      "team": "BLUE",
      "position": { "x": 6750, "y": 11375, "z": 600 },
      "rotation": { "x": 0, "y": 0, "z": 600 }
    },
    {
      "team": "BLUE",
      "position": { "x": -3721.235, "y": 11352.888, "z": 600 },
      "rotation": { "x": 0, "y": 0, "z": 600 }
    },
    {
      "team": "BLUE",
      "position": { "x": -3769.372, "y": 9538.606, "z": 600 },
      "rotation": { "x": 0, "y": 0, "z": 600 }
    },
    {
      "mode": "CP",
      "team": "BLUE",
      "position": { "x": 7750, "y": 10000, "z": 600 },
      "rotation": { "x": 0, "y": 0, "z": 600 }
    },
    {
      "mode": "DM",
      "position": { "x": 3068.344, "y": 11395.709, "z": 600 },
      "rotation": { "x": 0, "y": 0, "z": 600 }
    },
    {
      "team": "BLUE",
      "position": { "x": 561.907, "y": 11590.036, "z": 600 },
      "rotation": { "x": 0, "y": 0, "z": 600 }
    },
    {
      "mode": "DM",
      "position": { "x": 8140.291, "y": 9979.79, "z": 600 },
      "rotation": { "x": 0, "y": 0, "z": 600 }
    },
    {
      "team": "BLUE",
      "position": { "x": 4281.956, "y": 10383.29, "z": 600 },
      "rotation": { "x": 0, "y": 0, "z": 600 }
    },
    {
      "mode": "CP",
      "team": "BLUE",
      "position": { "x": 6500, "y": 7375, "z": 600 },
      "rotation": { "x": 0, "y": 0, "z": 600 }
    },
    {
      "team": "BLUE",
      "position": { "x": 4842.566, "y": 10368.496, "z": 600 },
      "rotation": { "x": 0, "y": 0, "z": 600 }
    },
    {
      "team": "BLUE",
      "position": { "x": 8192.576, "y": 9889.749, "z": 600 },
      "rotation": { "x": 0, "y": 0, "z": 600 }
    },
    {
      "team": "RED",
      "position": { "x": -4660.708, "y": -4139.195, "z": 300 },
      "rotation": { "x": 0, "y": 0, "z": 300 }
    },
    {
      "mode": "DM",
      "position": { "x": -1381.011, "y": 9997.19, "z": 600 },
      "rotation": { "x": 0, "y": 0, "z": 600 }
    },
    {
      "mode": "DM",
      "position": { "x": -360.435, "y": -3178.624, "z": 300 },
      "rotation": { "x": 0, "y": 0, "z": 300 }
    },
    {
      "team": "BLUE",
      "position": { "x": -1120.681, "y": 9608.637, "z": 600 },
      "rotation": { "x": 0, "y": 0, "z": 600 }
    },
    {
      "team": "RED",
      "position": { "x": 1792.214, "y": -4287.765, "z": 0 },
      "rotation": { "x": 0, "y": 0, "z": 0 }
    },
    {
      "mode": "CP",
      "team": "RED",
      "position": { "x": -4375, "y": 8750, "z": 600 },
      "rotation": { "x": 0, "y": 0, "z": 600 }
    },
    {
      "team": "BLUE",
      "position": { "x": 2310.815, "y": 11654.381, "z": 600 },
      "rotation": { "x": 0, "y": 0, "z": 600 }
    },
    {
      "team": "BLUE",
      "position": { "x": -3056.243, "y": 9286.91, "z": 600 },
      "rotation": { "x": 0, "y": 0, "z": 600 }
    },
    {
      "team": "RED",
      "position": { "x": 1189.568, "y": -3737.256, "z": 0 },
      "rotation": { "x": 0, "y": 0, "z": 0 }
    },
    {
      "mode": "DM",
      "position": { "x": 6245.843, "y": 11645.448, "z": 600 },
      "rotation": { "x": 0, "y": 0, "z": 600 }
    },
    {
      "mode": "DM",
      "position": { "x": -1243.435, "y": -2207.456, "z": 300 },
      "rotation": { "x": 0, "y": 0, "z": 300 }
    },
    {
      "mode": "CP",
      "team": "BLUE",
      "position": { "x": 4250, "y": 10375, "z": 600 },
      "rotation": { "x": 0, "y": 0, "z": 600 }
    },
    {
      "team": "BLUE",
      "position": { "x": -4215.506, "y": 9367.931, "z": 600 },
      "rotation": { "x": 0, "y": 0, "z": 600 }
    },
    {
      "team": "BLUE",
      "position": { "x": -871.149, "y": 10009.723, "z": 600 },
      "rotation": { "x": 0, "y": 0, "z": 600 }
    },
    {
      "mode": "CP",
      "team": "BLUE",
      "position": { "x": 8375, "y": 9375, "z": 600 },
      "rotation": { "x": 0, "y": 0, "z": 600 }
    },
    {
      "mode": "CP",
      "team": "RED",
      "position": { "x": -875, "y": 12000, "z": 600 },
      "rotation": { "x": 0, "y": 0, "z": 600 }
    },
    {
      "team": "RED",
      "position": { "x": -4420.568, "y": -3695.276, "z": 300 },
      "rotation": { "x": 0, "y": 0, "z": 300 }
    },
    {
      "team": "BLUE",
      "position": { "x": -1681.983, "y": 9688.527, "z": 600 },
      "rotation": { "x": 0, "y": 0, "z": 600 }
    },
    {
      "mode": "CP",
      "team": "RED",
      "position": { "x": -3875, "y": 9375, "z": 600 },
      "rotation": { "x": 0, "y": 0, "z": 600 }
    },
    {
      "mode": "CP",
      "team": "RED",
      "position": { "x": -4375, "y": 7750, "z": 600 },
      "rotation": { "x": 0, "y": 0, "z": 600 }
    },
    {
      "team": "BLUE",
      "position": { "x": -895.71, "y": 11725.291, "z": 600 },
      "rotation": { "x": 0, "y": 0, "z": 600 }
    },
    {
      "team": "BLUE",
      "position": { "x": 3733.528, "y": 10341.897, "z": 600 },
      "rotation": { "x": 0, "y": 0, "z": 600 }
    },
    {
      "mode": "DM",
      "position": { "x": -3993.927, "y": 6273.997, "z": 600 },
      "rotation": { "x": 0, "y": 0, "z": 600 }
    },
    {
      "mode": "CP",
      "team": "RED",
      "position": { "x": -125, "y": 7750, "z": 600 },
      "rotation": { "x": 0, "y": 0, "z": 600 }
    },
    {
      "mode": "DM",
      "position": { "x": -3121.419, "y": -2229.937, "z": 300 },
      "rotation": { "x": 0, "y": 0, "z": 300 }
    },
    {
      "team": "BLUE",
      "position": { "x": 3045.154, "y": 11892.153, "z": 600 },
      "rotation": { "x": 0, "y": 0, "z": 600 }
    },
    {
      "mode": "CP",
      "team": "RED",
      "position": { "x": -3375, "y": 7125, "z": 600 },
      "rotation": { "x": 0, "y": 0, "z": 600 }
    },
    {
      "mode": "CP",
      "team": "RED",
      "position": { "x": -3875, "y": 7000, "z": 600 },
      "rotation": { "x": 0, "y": 0, "z": 600 }
    },
    {
      "mode": "CP",
      "team": "BLUE",
      "position": { "x": 8125, "y": 9875, "z": 600 },
      "rotation": { "x": 0, "y": 0, "z": 600 }
    },
    {
      "mode": "CP",
      "team": "RED",
      "position": { "x": -4125, "y": 11375, "z": 600 },
      "rotation": { "x": 0, "y": 0, "z": 600 }
    },
    {
      "mode": "CP",
      "team": "BLUE",
      "position": { "x": 7750, "y": 7750, "z": 600 },
      "rotation": { "x": 0, "y": 0, "z": 600 }
    }
  ],
  "flags": {
    "RED": {
      "position": { "x": -4237.295, "y": -2004.251, "z": 300 }
    },
    "BLUE": {
      "position": { "x": 6421.193, "y": 11989.436, "z": 600 }
    }
  },
  "points": [
    {
      "id": "A",
      "distance": 1000,
      "free": false,
      "position": { "x": 3250, "y": -750, "z": 0 }
    },
    {
      "id": "B",
      "distance": 1000,
      "free": false,
      "position": { "x": 7750, "y": -1875, "z": 600 }
    },
    {
      "id": "C",
      "distance": 1000,
      "free": false,
      "position": { "x": -1750, "y": -1250, "z": 300 }
    }
  ],
  "bonuses": [
    {
      "name": "free-bonus",
      "free": true,
      "types": [ "crystal" ],
      "modes": [ "CP", "TDM", "CTF", "DM" ],
      "parachute": true,
      "position": {
        "min": { "x": 2875, "y": 5000, "z": 1200 },
        "max": { "x": 3625, "y": 6000, "z": 1500 }
      },
      "rotation": { "x": 0, "y": 0, "z": 0 }
    },
    {
      "name": "free-bonus",
      "free": true,
      "types": [ "nitro" ],
      "modes": [ "CP" ],
      "parachute": true,
      "position": {
        "min": { "x": 7375, "y": -5000, "z": 1200 },
        "max": { "x": 8125, "y": -4500, "z": 1500 }
      },
      "rotation": { "x": 0, "y": 0, "z": 0 }
    },
    {
      "name": "free-bonus",
      "free": true,
      "types": [ "double_armor" ],
      "modes": [ "CP", "TDM", "CTF", "DM" ],
      "parachute": true,
      "position": {
        "min": { "x": 7375, "y": -1250, "z": 1200 },
        "max": { "x": 8125, "y": 250, "z": 1500 }
      },
      "rotation": { "x": 0, "y": 0, "z": 0 }
    },
    {
      "name": "free-bonus",
      "free": true,
      "types": [ "nitro" ],
      "modes": [ "CP", "TDM", "CTF", "DM" ],
      "parachute": true,
      "position": {
        "min": { "x": -750, "y": 11750, "z": 1200 },
        "max": { "x": 250, "y": 12250, "z": 1500 }
      },
      "rotation": { "x": 0, "y": 0, "z": 0 }
    },
    {
      "name": "free-bonus",
      "free": true,
      "types": [ "crystal", "gold" ],
      "modes": [ "CP", "TDM", "CTF", "DM" ],
      "parachute": true,
      "position": {
        "min": { "x": 7375, "y": 1000, "z": 1350 },
        "max": { "x": 8125, "y": 2500, "z": 1650 }
      },
      "rotation": { "x": 0, "y": 0, "z": 0 }
    },
    {
      "name": "free-bonus",
      "free": true,
      "types": [ "health", "crystal" ],
      "modes": [ "CP", "TDM", "CTF", "DM" ],
      "parachute": true,
      "position": {
        "min": { "x": 7376.489, "y": 2613.928, "z": 1350 },
        "max": { "x": 8126.489, "y": 3613.928, "z": 1650 }
      },
      "rotation": { "x": 0, "y": 0, "z": 0 }
    },
    {
      "name": "free-bonus",
      "free": true,
      "types": [ "double_armor" ],
      "modes": [ "CP", "TDM", "CTF", "DM" ],
      "parachute": true,
      "position": {
        "min": { "x": -3027.853, "y": 7575.379, "z": 1200 },
        "max": { "x": -2027.853, "y": 8575.379, "z": 1500 }
      },
      "rotation": { "x": 0, "y": 0, "z": 0 }
    },
    {
      "name": "free-bonus",
      "free": true,
      "types": [ "nitro" ],
      "modes": [ "TDM", "CTF", "DM" ],
      "parachute": true,
      "position": {
        "min": { "x": 2084.598, "y": -1250.664, "z": 600 },
        "max": { "x": 3584.598, "y": 249.336, "z": 900 }
      },
      "rotation": { "x": 0, "y": 0, "z": 0 }
    },
    {
      "name": "free-bonus",
      "free": true,
      "types": [ "double_damage" ],
      "modes": [ "CP", "TDM", "CTF", "DM" ],
      "parachute": true,
      "position": {
        "min": { "x": 8750, "y": 6125, "z": 1200 },
        "max": { "x": 9750, "y": 7125, "z": 1500 }
      },
      "rotation": { "x": 0, "y": 0, "z": 0 }
    },
    {
      "name": "free-bonus",
      "free": true,
      "types": [ "crystal", "gold" ],
      "modes": [ "CP", "TDM", "CTF", "DM" ],
      "parachute": true,
      "position": {
        "min": { "x": -2786.931, "y": 3443.355, "z": 1200 },
        "max": { "x": -2286.931, "y": 4443.355, "z": 1500 }
      },
      "rotation": { "x": 0, "y": 0, "z": 0 }
    },
    {
      "name": "free-bonus",
      "free": true,
      "types": [ "double_damage" ],
      "modes": [ "CP", "TDM", "CTF", "DM" ],
      "parachute": true,
      "position": {
        "min": { "x": -2750, "y": 2250, "z": 1200 },
        "max": { "x": -2250, "y": 3250, "z": 1500 }
      },
      "rotation": { "x": 0, "y": 0, "z": 0 }
    },
    {
      "name": "free-bonus",
      "free": true,
      "types": [ "nitro" ],
      "modes": [ "CP" ],
      "parachute": true,
      "position": {
        "min": { "x": 1750, "y": 1000, "z": 600 },
        "max": { "x": 2250, "y": 1500, "z": 900 }
      },
      "rotation": { "x": 0, "y": 0, "z": 0 }
    },
    {
      "name": "free-bonus",
      "free": true,
      "types": [ "health" ],
      "modes": [ "CP" ],
      "parachute": true,
      "position": {
        "min": { "x": -1250, "y": 1375, "z": 900 },
        "max": { "x": -750, "y": 1875, "z": 1200 }
      },
      "rotation": { "x": 0, "y": 0, "z": 0 }
    },
    {
      "name": "free-bonus",
      "free": true,
      "types": [ "nitro" ],
      "modes": [ "TDM", "CTF", "DM" ],
      "parachute": true,
      "position": {
        "min": { "x": 7375, "y": -3000, "z": 1200 },
        "max": { "x": 8125, "y": -1500, "z": 1500 }
      },
      "rotation": { "x": 0, "y": 0, "z": 0 }
    },
    {
      "name": "free-bonus",
      "free": true,
      "types": [ "crystal", "double_armor", "gold" ],
      "modes": [ "CP", "TDM", "CTF", "DM" ],
      "parachute": true,
      "position": {
        "min": { "x": 2875, "y": 3250, "z": 1200 },
        "max": { "x": 3625, "y": 5250, "z": 1500 }
      },
      "rotation": { "x": 0, "y": 0, "z": 0 }
    },
    {
      "name": "free-bonus",
      "free": true,
      "types": [ "health" ],
      "modes": [ "TDM", "CTF", "DM" ],
      "parachute": true,
      "position": {
        "min": { "x": -2250, "y": -500, "z": 900 },
        "max": { "x": -1250, "y": 500, "z": 1200 }
      },
      "rotation": { "x": 0, "y": 0, "z": 0 }
    },
    {
      "name": "free-bonus",
      "free": true,
      "types": [ "health" ],
      "modes": [ "CP", "TDM", "CTF", "DM" ],
      "parachute": true,
      "position": {
        "min": { "x": 4029.729, "y": 9003.931, "z": 1200 },
        "max": { "x": 6029.729, "y": 10003.931, "z": 1500 }
      },
      "rotation": { "x": 0, "y": 0, "z": 0 }
    },
    {
      "name": "free-bonus",
      "free": true,
      "types": [ "crystal", "nitro" ],
      "modes": [ "CP", "TDM", "CTF", "DM" ],
      "parachute": true,
      "position": {
        "min": { "x": 2848.336, "y": 2708.012, "z": 1200 },
        "max": { "x": 3598.336, "y": 3708.012, "z": 1500 }
      },
      "rotation": { "x": 0, "y": 0, "z": 0 }
    }
  ]
}
