{
  "name": "map_silence",
  "theme": "summer_night",

  "id": 221358,
  "preview": 59887,

  "visual": {
    "angleX": -0.6000000238418579,
    "angleZ": 1.7999999523162842,

    "lightColor": 4216936,
    "shadowColor": 1250326,

    "fogAlpha": 0.25,
    "fogColor": 1646362,

    "farLimit": 10000,
    "nearLimit": 5000,

    "gravity": 1000,
    "skyboxRevolutionSpeed": 0,
    "ssaoColor": 2045258,

    "dustAlpha": 0.75,
    "dustDensity": 0.15000000596046448,
    "dustFarDistance": 7000,
    "dustNearDistance": 5000,
    "dustParticle": "summer",
    "dustSize": 200
  },
  "skybox": "Mountains Night",
  "resources": {
    "proplibs": [
      "Broken Walls",
      "Bush",
      "City Buildings",
      "Industrial Bridge",
      "Industrial Elements",
      "Land Rocks",
      "Land Tiles",
      "NuBu 6",
      "NuBu 9",
      "Outer Walls",
      "Promotion",
      "Stuffs",
      "Waffle Fence"
    ],
    "map": { "id": 221358, "version": 1 }
  },
  "spawnPoints": [
    {
      "team": "RED",
      "position": { "x": 3783.975, "y": -6255.312, "z": 1200 },
      "rotation": { "x": 0, "y": 0, "z": 1200 }
    },
    {
      "team": "BLUE",
      "position": { "x": -4227.334, "y": 21.246, "z": 1800 },
      "rotation": { "x": 0, "y": 0, "z": 1800 }
    },
    {
      "mode": "DM",
      "position": { "x": -1579.379, "y": -6190.588, "z": 2400 },
      "rotation": { "x": 0, "y": 0, "z": 2400 }
    },
    {
      "mode": "CP",
      "team": "BLUE",
      "position": { "x": -1875, "y": 2500, "z": 1800 },
      "rotation": { "x": 0, "y": 0, "z": 1800 }
    },
    {
      "team": "BLUE",
      "position": { "x": -1750, "y": -6750, "z": 2400 },
      "rotation": { "x": 0, "y": 0, "z": 2400 }
    },
    {
      "mode": "CP",
      "team": "RED",
      "position": { "x": 5875, "y": -6750, "z": 1200 },
      "rotation": { "x": 0, "y": 0, "z": 1200 }
    },
    {
      "team": "RED",
      "position": { "x": 8500, "y": -6500, "z": 1500 },
      "rotation": { "x": 0, "y": 0, "z": 1500 }
    },
    {
      "mode": "CP",
      "team": "BLUE",
      "position": { "x": -3250, "y": 0, "z": 1800 },
      "rotation": { "x": 0, "y": 0, "z": 1800 }
    },
    {
      "team": "BLUE",
      "position": { "x": 250, "y": 2000, "z": 1800 },
      "rotation": { "x": 0, "y": 0, "z": 1800 }
    },
    {
      "mode": "CP",
      "team": "RED",
      "position": { "x": 7000, "y": -5875, "z": 1200 },
      "rotation": { "x": 0, "y": 0, "z": 1200 }
    },
    {
      "mode": "CP",
      "team": "BLUE",
      "position": { "x": -3000, "y": 625, "z": 1800 },
      "rotation": { "x": 0, "y": 0, "z": 1800 }
    },
    {
      "team": "BLUE",
      "position": { "x": -2500, "y": 500, "z": 1800 },
      "rotation": { "x": 0, "y": 0, "z": 1800 }
    },
    {
      "team": "BLUE",
      "position": { "x": -1672.725, "y": -377.569, "z": 1800 },
      "rotation": { "x": 0, "y": 0, "z": 1800 }
    },
    {
      "mode": "DM",
      "position": { "x": -250, "y": -4000, "z": 2400 },
      "rotation": { "x": 0, "y": 0, "z": 2400 }
    },
    {
      "mode": "CP",
      "team": "RED",
      "position": { "x": 7000, "y": -5250, "z": 1200 },
      "rotation": { "x": 0, "y": 0, "z": 1200 }
    },
    {
      "team": "RED",
      "position": { "x": 5750, "y": -5500, "z": 1200 },
      "rotation": { "x": 0, "y": 0, "z": 1200 }
    },
    {
      "team": "BLUE",
      "position": { "x": -3125, "y": -6000, "z": 2400 },
      "rotation": { "x": 0, "y": 0, "z": 2400 }
    },
    {
      "mode": "CP",
      "team": "RED",
      "position": { "x": 7125, "y": -1625, "z": 1200 },
      "rotation": { "x": 0, "y": 0, "z": 1200 }
    },
    {
      "team": "RED",
      "position": { "x": 2000, "y": -4125, "z": 1200 },
      "rotation": { "x": 0, "y": 0, "z": 1200 }
    },
    {
      "mode": "DM",
      "position": { "x": -1795.687, "y": -4190.894, "z": 2400 },
      "rotation": { "x": 0, "y": 0, "z": 2400 }
    },
    {
      "team": "BLUE",
      "position": { "x": -500, "y": -4500, "z": 2400 },
      "rotation": { "x": 0, "y": 0, "z": 2400 }
    },
    {
      "team": "RED",
      "position": { "x": 7250, "y": 0, "z": 1200 },
      "rotation": { "x": 0, "y": 0, "z": 1200 }
    },
    {
      "mode": "CP",
      "team": "RED",
      "position": { "x": 6875, "y": -2500, "z": 1200 },
      "rotation": { "x": 0, "y": 0, "z": 1200 }
    },
    {
      "team": "RED",
      "position": { "x": 6750, "y": -5500, "z": 1200 },
      "rotation": { "x": 0, "y": 0, "z": 1200 }
    },
    {
      "mode": "CP",
      "team": "BLUE",
      "position": { "x": 250, "y": 2062.5, "z": 1800 },
      "rotation": { "x": 0, "y": 0, "z": 1800 }
    },
    {
      "mode": "DM",
      "position": { "x": 1875, "y": 750, "z": 1800 },
      "rotation": { "x": 0, "y": 0, "z": 1800 }
    },
    {
      "team": "RED",
      "position": { "x": 2646.111, "y": -1981.77, "z": 1200 },
      "rotation": { "x": 0, "y": 0, "z": 1200 }
    },
    {
      "mode": "CP",
      "team": "RED",
      "position": { "x": 5000, "y": 2000, "z": 1200 },
      "rotation": { "x": 0, "y": 0, "z": 1200 }
    },
    {
      "mode": "CP",
      "team": "RED",
      "position": { "x": 7250, "y": -3750, "z": 1200 },
      "rotation": { "x": 0, "y": 0, "z": 1200 }
    },
    {
      "team": "BLUE",
      "position": { "x": -4125, "y": -5437.5, "z": 2400 },
      "rotation": { "x": 0, "y": 0, "z": 2400 }
    },
    {
      "team": "RED",
      "position": { "x": 5875, "y": -6750, "z": 1200 },
      "rotation": { "x": 0, "y": 0, "z": 1200 }
    },
    {
      "mode": "CP",
      "team": "BLUE",
      "position": { "x": -1250, "y": 2375, "z": 1800 },
      "rotation": { "x": 0, "y": 0, "z": 1800 }
    },
    {
      "team": "RED",
      "position": { "x": 3750, "y": -1750, "z": 1200 },
      "rotation": { "x": 0, "y": 0, "z": 1200 }
    },
    {
      "team": "BLUE",
      "position": { "x": -1500, "y": -3750, "z": 2400 },
      "rotation": { "x": 0, "y": 0, "z": 2400 }
    },
    {
      "team": "RED",
      "position": { "x": 7006.111, "y": -2407.525, "z": 1200 },
      "rotation": { "x": 0, "y": 0, "z": 1200 }
    },
    {
      "mode": "DM",
      "position": { "x": -1747.34, "y": 204.029, "z": 1800 },
      "rotation": { "x": 0, "y": 0, "z": 1800 }
    },
    {
      "mode": "DM",
      "position": { "x": 3750, "y": -1000, "z": 1200 },
      "rotation": { "x": 0, "y": 0, "z": 1200 }
    },
    {
      "mode": "CP",
      "team": "RED",
      "position": { "x": 7250, "y": -1125, "z": 1200 },
      "rotation": { "x": 0, "y": 0, "z": 1200 }
    },
    {
      "mode": "CP",
      "team": "RED",
      "position": { "x": 7250, "y": 250, "z": 1200 },
      "rotation": { "x": 0, "y": 0, "z": 1200 }
    },
    {
      "team": "BLUE",
      "position": { "x": -1500, "y": 2250, "z": 1800 },
      "rotation": { "x": 0, "y": 0, "z": 1800 }
    },
    {
      "mode": "CP",
      "team": "RED",
      "position": { "x": 8500, "y": -2500, "z": 1500 },
      "rotation": { "x": 0, "y": 0, "z": 1500 }
    },
    {
      "mode": "CP",
      "team": "RED",
      "position": { "x": 3250, "y": -2000, "z": 1200 },
      "rotation": { "x": 0, "y": 0, "z": 1200 }
    },
    {
      "mode": "CP",
      "team": "BLUE",
      "position": { "x": 750, "y": 2062.5, "z": 1800 },
      "rotation": { "x": 0, "y": 0, "z": 1800 }
    },
    {
      "mode": "DM",
      "position": { "x": 1750, "y": -6375, "z": 1200 },
      "rotation": { "x": 0, "y": 0, "z": 1200 }
    },
    {
      "mode": "CP",
      "team": "BLUE",
      "position": { "x": -2250, "y": 500, "z": 1800 },
      "rotation": { "x": 0, "y": 0, "z": 1800 }
    },
    {
      "mode": "CP",
      "team": "BLUE",
      "position": { "x": -1500, "y": 1750, "z": 1800 },
      "rotation": { "x": 0, "y": 0, "z": 1800 }
    },
    {
      "team": "BLUE",
      "position": { "x": -1131.422, "y": 848.448, "z": 1800 },
      "rotation": { "x": 0, "y": 0, "z": 1800 }
    },
    {
      "team": "RED",
      "position": { "x": 5000, "y": -1500, "z": 1200 },
      "rotation": { "x": 0, "y": 0, "z": 1200 }
    },
    {
      "mode": "DM",
      "position": { "x": 3750, "y": 1750, "z": 1800 },
      "rotation": { "x": 0, "y": 0, "z": 1800 }
    }
  ],
  "flags": {
    "RED": {
      "position": { "x": 6707.406, "y": -3726.431, "z": 1200 }
    },
    "BLUE": {
      "position": { "x": -3000, "y": -5000, "z": 2400 }
    }
  },
  "points": [
    {
      "id": "C",
      "distance": 850,
      "free": false,
      "position": { "x": 3000, "y": 2250, "z": 1800 }
    },
    {
      "id": "B",
      "distance": 1000,
      "free": false,
      "position": { "x": 1500, "y": -6500, "z": 1200 }
    },
    {
      "id": "A",
      "distance": 1000,
      "free": false,
      "position": { "x": -2250, "y": -5250, "z": 2400 }
    }
  ],
  "bonuses": [
    {
      "name": "free-bonus",
      "free": true,
      "types": [ "gold" ],
      "modes": [ "CTF", "DM", "TDM" ],
      "parachute": true,
      "position": {
        "min": { "x": 2375, "y": 250, "z": 2850 },
        "max": { "x": 2625, "y": 1000, "z": 3150 }
      },
      "rotation": { "x": 0, "y": 0, "z": 0 }
    },
    {
      "name": "free-bonus",
      "free": true,
      "types": [ "gold" ],
      "modes": [ "CP", "CTF", "DM", "TDM" ],
      "parachute": true,
      "position": {
        "min": { "x": 1125, "y": 750, "z": 3300 },
        "max": { "x": 1875, "y": 1250, "z": 3600 }
      },
      "rotation": { "x": 0, "y": 0, "z": 0 }
    },
    {
      "name": "free-bonus",
      "free": true,
      "types": [ "double_damage" ],
      "modes": [ "CP", "CTF", "DM", "TDM" ],
      "parachute": true,
      "position": {
        "min": { "x": -2000, "y": -750, "z": 2700 },
        "max": { "x": -1000, "y": 250, "z": 3000 }
      },
      "rotation": { "x": 0, "y": 0, "z": 0 }
    },
    {
      "name": "free-bonus",
      "free": true,
      "types": [ "nitro", "double_damage" ],
      "modes": [ "CP", "CTF", "DM", "TDM" ],
      "parachute": true,
      "position": {
        "min": { "x": 125, "y": -1500, "z": 2700 },
        "max": { "x": 625, "y": -500, "z": 3000 }
      },
      "rotation": { "x": 0, "y": 0, "z": 0 }
    },
    {
      "name": "free-bonus",
      "free": true,
      "types": [ "double_armor" ],
      "modes": [ "TDM", "DM" ],
      "parachute": true,
      "position": {
        "min": { "x": -2250, "y": -5750, "z": 3300 },
        "max": { "x": -1750, "y": -5250, "z": 3600 }
      },
      "rotation": { "x": 0, "y": 0, "z": 0 }
    },
    {
      "name": "free-bonus",
      "free": true,
      "types": [ "nitro" ],
      "modes": [ "CP" ],
      "parachute": true,
      "position": {
        "min": { "x": 3250, "y": -1125, "z": 2325 },
        "max": { "x": 4250, "y": -125, "z": 2625 }
      },
      "rotation": { "x": 0, "y": 0, "z": 0 }
    },
    {
      "name": "free-bonus",
      "free": true,
      "types": [ "double_armor" ],
      "modes": [ "CP", "CTF", "DM", "TDM" ],
      "parachute": true,
      "position": {
        "min": { "x": 2437.5, "y": -1375, "z": 2700 },
        "max": { "x": 2687.5, "y": -625, "z": 3000 }
      },
      "rotation": { "x": 0, "y": 0, "z": 0 }
    },
    {
      "name": "free-bonus",
      "free": true,
      "types": [ "crystal" ],
      "modes": [ "CP", "CTF", "DM", "TDM" ],
      "parachute": true,
      "position": {
        "min": { "x": 2375, "y": 250, "z": 2775 },
        "max": { "x": 2625, "y": 1000, "z": 3075 }
      },
      "rotation": { "x": 0, "y": 0, "z": 0 }
    },
    {
      "name": "free-bonus",
      "free": true,
      "types": [ "nitro", "crystal" ],
      "modes": [ "CTF", "TDM", "DM" ],
      "parachute": true,
      "position": {
        "min": { "x": 2937.5, "y": 1437.5, "z": 2700 },
        "max": { "x": 3937.5, "y": 2437.5, "z": 3000 }
      },
      "rotation": { "x": 0, "y": 0, "z": 0 }
    },
    {
      "name": "free-bonus",
      "free": true,
      "types": [ "gold" ],
      "modes": [ "CP", "CTF", "DM", "TDM" ],
      "parachute": true,
      "position": {
        "min": { "x": -750, "y": -8750, "z": 3150 },
        "max": { "x": -250, "y": -8250, "z": 3450 }
      },
      "rotation": { "x": 0, "y": 0, "z": 0 }
    },
    {
      "name": "free-bonus",
      "free": true,
      "types": [ "crystal" ],
      "modes": [ "CP", "CTF", "DM", "TDM" ],
      "parachute": true,
      "position": {
        "min": { "x": 1250, "y": -8750, "z": 2100 },
        "max": { "x": 1750, "y": -8250, "z": 2400 }
      },
      "rotation": { "x": 0, "y": 0, "z": 0 }
    },
    {
      "name": "free-bonus",
      "free": true,
      "types": [ "double_armor" ],
      "modes": [ "CP", "CTF", "DM", "TDM" ],
      "parachute": true,
      "position": {
        "min": { "x": 6750, "y": -2250, "z": 2100 },
        "max": { "x": 7250, "y": -1250, "z": 2400 }
      },
      "rotation": { "x": 0, "y": 0, "z": 0 }
    },
    {
      "name": "free-bonus",
      "free": true,
      "types": [ "crystal", "gold", "nitro" ],
      "modes": [ "CP", "CTF", "DM", "TDM" ],
      "parachute": true,
      "position": {
        "min": { "x": 1500, "y": -2875, "z": 2700 },
        "max": { "x": 2500, "y": -2625, "z": 3000 }
      },
      "rotation": { "x": 0, "y": 0, "z": 0 }
    },
    {
      "name": "free-bonus",
      "free": true,
      "types": [ "double_armor" ],
      "modes": [ "CP", "CTF", "DM", "TDM" ],
      "parachute": true,
      "position": {
        "min": { "x": -2750, "y": -8750, "z": 3300 },
        "max": { "x": -2250, "y": -7750, "z": 3600 }
      },
      "rotation": { "x": 0, "y": 0, "z": 0 }
    },
    {
      "name": "free-bonus",
      "free": true,
      "types": [ "nitro" ],
      "modes": [ "CP", "CTF", "DM", "TDM" ],
      "parachute": true,
      "position": {
        "min": { "x": 6000, "y": -5875, "z": 2100 },
        "max": { "x": 7000, "y": -5125, "z": 2400 }
      },
      "rotation": { "x": 0, "y": 0, "z": 0 }
    },
    {
      "name": "free-bonus",
      "free": true,
      "types": [ "health" ],
      "modes": [ "CP", "CTF", "DM", "TDM" ],
      "parachute": true,
      "position": {
        "min": { "x": -4250, "y": -4500, "z": 3300 },
        "max": { "x": -4000, "y": -4000, "z": 3600 }
      },
      "rotation": { "x": 0, "y": 0, "z": 0 }
    },
    {
      "name": "free-bonus",
      "free": true,
      "types": [ "crystal" ],
      "modes": [ "CP", "CTF", "TDM", "DM" ],
      "parachute": true,
      "position": {
        "min": { "x": -625, "y": -8750, "z": 2700 },
        "max": { "x": -125, "y": -8250, "z": 3000 }
      },
      "rotation": { "x": 0, "y": 0, "z": 0 }
    },
    {
      "name": "free-bonus",
      "free": true,
      "types": [ "double_damage", "crystal" ],
      "modes": [ "CP" ],
      "parachute": true,
      "position": {
        "min": { "x": 3750, "y": -3750, "z": 2100 },
        "max": { "x": 4250, "y": -2750, "z": 2400 }
      },
      "rotation": { "x": 0, "y": 0, "z": 0 }
    },
    {
      "name": "free-bonus",
      "free": true,
      "types": [ "double_armor" ],
      "modes": [ "CP", "CTF" ],
      "parachute": true,
      "position": {
        "min": { "x": -2000, "y": -4000, "z": 3300 },
        "max": { "x": -1500, "y": -3500, "z": 3600 }
      },
      "rotation": { "x": 0, "y": 0, "z": 0 }
    },
    {
      "name": "free-bonus",
      "free": true,
      "types": [ "double_damage" ],
      "modes": [ "CTF", "TDM", "DM" ],
      "parachute": true,
      "position": {
        "min": { "x": 1375, "y": -6000, "z": 2400 },
        "max": { "x": 2375, "y": -5000, "z": 2700 }
      },
      "rotation": { "x": 0, "y": 0, "z": 0 }
    },
    {
      "name": "free-bonus",
      "free": true,
      "types": [ "nitro" ],
      "modes": [ "CP", "CTF", "DM", "TDM" ],
      "parachute": true,
      "position": {
        "min": { "x": -2250, "y": -8750, "z": 3300 },
        "max": { "x": -1250, "y": -8250, "z": 3600 }
      },
      "rotation": { "x": 0, "y": 0, "z": 0 }
    },
    {
      "name": "free-bonus",
      "free": true,
      "types": [ "double_damage" ],
      "modes": [ "CP", "CTF", "DM", "TDM" ],
      "parachute": true,
      "position": {
        "min": { "x": 8375, "y": -2875, "z": 2700 },
        "max": { "x": 8625, "y": -2125, "z": 3000 }
      },
      "rotation": { "x": 0, "y": 0, "z": 0 }
    },
    {
      "name": "free-bonus",
      "free": true,
      "types": [ "gold" ],
      "modes": [ "CTF", "TDM", "DM" ],
      "parachute": true,
      "position": {
        "min": { "x": 2937.5, "y": 1437.5, "z": 2850 },
        "max": { "x": 3937.5, "y": 2437.5, "z": 3150 }
      },
      "rotation": { "x": 0, "y": 0, "z": 0 }
    },
    {
      "name": "free-bonus",
      "free": true,
      "types": [ "health" ],
      "modes": [ "CP", "CTF", "DM", "TDM" ],
      "parachute": true,
      "position": {
        "min": { "x": 3500, "y": -7250, "z": 1800 },
        "max": { "x": 4000, "y": -6750, "z": 2100 }
      },
      "rotation": { "x": 0, "y": 0, "z": 0 }
    },
    {
      "name": "free-bonus",
      "free": true,
      "types": [ "health" ],
      "modes": [ "CP", "CTF", "DM", "TDM" ],
      "parachute": true,
      "position": {
        "min": { "x": 5250, "y": -1000, "z": 2550 },
        "max": { "x": 5750, "y": -500, "z": 2850 }
      },
      "rotation": { "x": 0, "y": 0, "z": 0 }
    },
    {
      "name": "free-bonus",
      "free": true,
      "types": [ "gold" ],
      "modes": [ "CP", "CTF", "DM", "TDM" ],
      "parachute": true,
      "position": {
        "min": { "x": -500, "y": 750, "z": 2850 },
        "max": { "x": 0, "y": 1250, "z": 3150 }
      },
      "rotation": { "x": 0, "y": 0, "z": 0 }
    },
    {
      "name": "free-bonus",
      "free": true,
      "types": [ "crystal", "health" ],
      "modes": [ "CP", "CTF", "DM", "TDM" ],
      "parachute": true,
      "position": {
        "min": { "x": -500, "y": 750, "z": 2700 },
        "max": { "x": 0, "y": 1250, "z": 3000 }
      },
      "rotation": { "x": 0, "y": 0, "z": 0 }
    },
    {
      "name": "free-bonus",
      "free": true,
      "types": [ "gold" ],
      "modes": [ "CP", "CTF", "DM", "TDM" ],
      "parachute": true,
      "position": {
        "min": { "x": -1000, "y": -8750, "z": 3150 },
        "max": { "x": -500, "y": -8250, "z": 3450 }
      },
      "rotation": { "x": 0, "y": 0, "z": 0 }
    }
  ]
}
