{
  "name": "map_combe",
  "theme": "winter_day",

  "id": 910085,
  "preview": 400614,

  "visual": {
    "angleX": -1,
    "angleZ": -0.5,

    "lightColor": 8419955,
    "shadowColor": 6184542,

    "fogAlpha": 0.25,
    "fogColor": 15333375,

    "farLimit": 10000,
    "nearLimit": 5000,

    "gravity": 1000,
    "skyboxRevolutionSpeed": 0,
    "ssaoColor": 2374217,

    "dustAlpha": 0.8999999761581421,
    "dustDensity": 0.15000000596046448,
    "dustFarDistance": 7000,
    "dustNearDistance": 5000,
    "dustParticle": "winter",
    "dustSize": 200
  },
  "skybox": "Winter",
  "resources": {
    "proplibs": [
      "Bush Winter",
      "Land Rocks Winter",
      "Land Tiles Winter",
      "Promotion Winter",
      "Trees Winter",
      "Waffle Fence Winter"
    ],
    "map": { "id": 910085, "version": 1 }
  },
  "spawnPoints": [
    {
      "team": "BLUE",
      "position": { "x": -4212.158, "y": -7309.723, "z": 1200 },
      "rotation": { "x": 0, "y": 0, "z": 1200 }
    },
    {
      "mode": "CP",
      "team": "RED",
      "position": { "x": 4375, "y": -4625, "z": 1200 },
      "rotation": { "x": 0, "y": 0, "z": 1200 }
    },
    {
      "team": "RED",
      "position": { "x": 4535.471, "y": -6304.281, "z": 1200 },
      "rotation": { "x": 0, "y": 0, "z": 1200 }
    },
    {
      "team": "RED",
      "position": { "x": 4296.187, "y": -4244.86, "z": 1200 },
      "rotation": { "x": 0, "y": 0, "z": 1200 }
    },
    {
      "mode": "DM",
      "position": { "x": 488.787, "y": -3649.574, "z": 0 },
      "rotation": { "x": 0, "y": 0, "z": 0 }
    },
    {
      "mode": "DM",
      "position": { "x": 4584.699, "y": -6731.347, "z": 1200 },
      "rotation": { "x": 0, "y": 0, "z": 1200 }
    },
    {
      "mode": "DM",
      "position": { "x": -4152.49, "y": -5199.377, "z": 1200 },
      "rotation": { "x": 0, "y": 0, "z": 1200 }
    },
    {
      "team": "RED",
      "position": { "x": 4631.323, "y": -7193.166, "z": 1200 },
      "rotation": { "x": 0, "y": 0, "z": 1200 }
    },
    {
      "mode": "DM",
      "position": { "x": 418.035, "y": -4140.221, "z": 0 },
      "rotation": { "x": 0, "y": 0, "z": 0 }
    },
    {
      "mode": "CP",
      "team": "BLUE",
      "position": { "x": -4125, "y": -7000, "z": 1200 },
      "rotation": { "x": 0, "y": 0, "z": 1200 }
    },
    {
      "mode": "CP",
      "team": "RED",
      "position": { "x": 4500, "y": -4000, "z": 1200 },
      "rotation": { "x": 0, "y": 0, "z": 1200 }
    },
    {
      "team": "BLUE",
      "position": { "x": -3766.793, "y": -6886.726, "z": 1200 },
      "rotation": { "x": 0, "y": 0, "z": 1200 }
    },
    {
      "mode": "CP",
      "team": "BLUE",
      "position": { "x": -4125, "y": -3875, "z": 1200 },
      "rotation": { "x": 0, "y": 0, "z": 1200 }
    },
    {
      "mode": "DM",
      "position": { "x": 4659.974, "y": -4233.301, "z": 1200 },
      "rotation": { "x": 0, "y": 0, "z": 1200 }
    },
    {
      "mode": "CP",
      "team": "BLUE",
      "position": { "x": -3875, "y": -7500, "z": 1200 },
      "rotation": { "x": 0, "y": 0, "z": 1200 }
    },
    {
      "mode": "DM",
      "position": { "x": 4612.622, "y": -5171.644, "z": 1200 },
      "rotation": { "x": 0, "y": 0, "z": 1200 }
    },
    {
      "mode": "DM",
      "position": { "x": -3553.423, "y": -6481.848, "z": 1200 },
      "rotation": { "x": 0, "y": 0, "z": 1200 }
    },
    {
      "mode": "CP",
      "team": "RED",
      "position": { "x": 4375, "y": -3250, "z": 1200 },
      "rotation": { "x": 0, "y": 0, "z": 1200 }
    },
    {
      "team": "RED",
      "position": { "x": 4736.689, "y": -3906.965, "z": 1200 },
      "rotation": { "x": 0, "y": 0, "z": 1200 }
    },
    {
      "mode": "CP",
      "team": "BLUE",
      "position": { "x": -4000, "y": -4375, "z": 1200 },
      "rotation": { "x": 0, "y": 0, "z": 1200 }
    },
    {
      "mode": "CP",
      "team": "RED",
      "position": { "x": 4375, "y": -6500, "z": 1200 },
      "rotation": { "x": 0, "y": 0, "z": 1200 }
    },
    {
      "mode": "DM",
      "position": { "x": 354.671, "y": -7672.416, "z": 0 },
      "rotation": { "x": 0, "y": 0, "z": 0 }
    },
    {
      "team": "RED",
      "position": { "x": 4667.418, "y": -4698.772, "z": 1200 },
      "rotation": { "x": 0, "y": 0, "z": 1200 }
    },
    {
      "team": "BLUE",
      "position": { "x": -4089.239, "y": -3732.843, "z": 1200 },
      "rotation": { "x": 0, "y": 0, "z": 1200 }
    },
    {
      "mode": "DM",
      "position": { "x": 250, "y": -3500, "z": 0 },
      "rotation": { "x": 0, "y": 0, "z": 0 }
    },
    {
      "mode": "CP",
      "team": "BLUE",
      "position": { "x": -4000, "y": -6375, "z": 1200 },
      "rotation": { "x": 0, "y": 0, "z": 1200 }
    },
    {
      "mode": "DM",
      "position": { "x": -3673.666, "y": -3762.954, "z": 1200 },
      "rotation": { "x": 0, "y": 0, "z": 1200 }
    },
    {
      "team": "BLUE",
      "position": { "x": -4069.134, "y": -6566.117, "z": 1200 },
      "rotation": { "x": 0, "y": 0, "z": 1200 }
    },
    {
      "team": "BLUE",
      "position": { "x": -4183.546, "y": -4619.891, "z": 1200 },
      "rotation": { "x": 0, "y": 0, "z": 1200 }
    },
    {
      "mode": "DM",
      "position": { "x": 474.857, "y": -7031.848, "z": 0 },
      "rotation": { "x": 0, "y": 0, "z": 0 }
    },
    {
      "mode": "CP",
      "team": "RED",
      "position": { "x": 4500, "y": -7125, "z": 1200 },
      "rotation": { "x": 0, "y": 0, "z": 1200 }
    },
    {
      "mode": "CP",
      "team": "RED",
      "position": { "x": 4250, "y": -7625, "z": 1200 },
      "rotation": { "x": 0, "y": 0, "z": 1200 }
    },
    {
      "team": "RED",
      "position": { "x": 4233.23, "y": -6846.38, "z": 1200 },
      "rotation": { "x": 0, "y": 0, "z": 1200 }
    },
    {
      "mode": "CP",
      "team": "BLUE",
      "position": { "x": -4000, "y": -3375, "z": 1200 },
      "rotation": { "x": 0, "y": 0, "z": 1200 }
    },
    {
      "team": "BLUE",
      "position": { "x": -3738.181, "y": -4196.894, "z": 1200 },
      "rotation": { "x": 0, "y": 0, "z": 1200 }
    }
  ],
  "flags": {
    "RED": {
      "position": { "x": 4487.729, "y": -5500.961, "z": 1200 }
    },
    "BLUE": {
      "position": { "x": -3984.536, "y": -5499.797, "z": 1200 }
    }
  },
  "points": [
    {
      "id": "A",
      "distance": 950,
      "free": false,
      "position": { "x": 250, "y": -5500, "z": 0 }
    }
  ],
  "bonuses": [
    {
      "name": "free-bonus",
      "free": true,
      "types": [ "nitro", "double_damage" ],
      "modes": [ "TDM", "CTF", "DM", "CP" ],
      "parachute": true,
      "position": {
        "min": { "x": 2239.145, "y": -6787.619, "z": 1800 },
        "max": { "x": 2989.145, "y": -5787.619, "z": 2100 }
      },
      "rotation": { "x": 0, "y": 0, "z": 0 }
    },
    {
      "name": "free-bonus",
      "free": true,
      "types": [ "crystal" ],
      "modes": [ "CP" ],
      "parachute": true,
      "position": {
        "min": { "x": -125, "y": -7875, "z": 825 },
        "max": { "x": 875, "y": -7125, "z": 1125 }
      },
      "rotation": { "x": 0, "y": 0, "z": 0 }
    },
    {
      "name": "free-bonus",
      "free": true,
      "types": [ "gold" ],
      "modes": [ "CP" ],
      "parachute": true,
      "position": {
        "min": { "x": -125, "y": -7875, "z": 1050 },
        "max": { "x": 875, "y": -7125, "z": 1350 }
      },
      "rotation": { "x": 0, "y": 0, "z": 0 }
    },
    {
      "name": "free-bonus",
      "free": true,
      "types": [ "crystal" ],
      "modes": [ "TDM", "CTF", "DM" ],
      "parachute": true,
      "position": {
        "min": { "x": -250, "y": -5250, "z": 900 },
        "max": { "x": 250, "y": -4750, "z": 1200 }
      },
      "rotation": { "x": 0, "y": 0, "z": 0 }
    },
    {
      "name": "free-bonus",
      "free": true,
      "types": [ "nitro", "double_armor" ],
      "modes": [ "TDM", "CTF", "DM", "CP" ],
      "parachute": true,
      "position": {
        "min": { "x": 2000, "y": -4250, "z": 1800 },
        "max": { "x": 3000, "y": -3750, "z": 2100 }
      },
      "rotation": { "x": 0, "y": 0, "z": 0 }
    },
    {
      "name": "free-bonus",
      "free": true,
      "types": [ "health" ],
      "modes": [ "CP" ],
      "parachute": true,
      "position": {
        "min": { "x": -1625, "y": -5750, "z": 1200 },
        "max": { "x": -1125, "y": -5250, "z": 1500 }
      },
      "rotation": { "x": 0, "y": 0, "z": 0 }
    },
    {
      "name": "free-bonus",
      "free": true,
      "types": [ "nitro", "double_armor" ],
      "modes": [ "TDM", "CTF", "DM", "CP" ],
      "parachute": true,
      "position": {
        "min": { "x": -2598.289, "y": -7270.065, "z": 1800 },
        "max": { "x": -1598.289, "y": -6770.065, "z": 2100 }
      },
      "rotation": { "x": 0, "y": 0, "z": 0 }
    },
    {
      "name": "free-bonus",
      "free": true,
      "types": [ "crystal" ],
      "modes": [ "TDM", "CTF", "DM" ],
      "parachute": true,
      "position": {
        "min": { "x": 250, "y": -6250, "z": 900 },
        "max": { "x": 750, "y": -5750, "z": 1200 }
      },
      "rotation": { "x": 0, "y": 0, "z": 0 }
    },
    {
      "name": "free-bonus",
      "free": true,
      "types": [ "nitro", "double_damage" ],
      "modes": [ "TDM", "CTF", "DM", "CP" ],
      "parachute": true,
      "position": {
        "min": { "x": -2642.1, "y": -5341.804, "z": 1800 },
        "max": { "x": -1892.1, "y": -4341.804, "z": 2100 }
      },
      "rotation": { "x": 0, "y": 0, "z": 0 }
    },
    {
      "name": "free-bonus",
      "free": true,
      "types": [ "gold" ],
      "modes": [ "TDM", "CTF", "DM" ],
      "parachute": true,
      "position": {
        "min": { "x": -250, "y": -6000, "z": 1050 },
        "max": { "x": 750, "y": -5000, "z": 1350 }
      },
      "rotation": { "x": 0, "y": 0, "z": 0 }
    },
    {
      "name": "free-bonus",
      "free": true,
      "types": [ "health" ],
      "modes": [ "CP" ],
      "parachute": true,
      "position": {
        "min": { "x": 1625, "y": -5750, "z": 1200 },
        "max": { "x": 2125, "y": -5250, "z": 1500 }
      },
      "rotation": { "x": 0, "y": 0, "z": 0 }
    },
    {
      "name": "free-bonus",
      "free": true,
      "types": [ "gold" ],
      "modes": [ "CP" ],
      "parachute": true,
      "position": {
        "min": { "x": -125, "y": -3875, "z": 1050 },
        "max": { "x": 875, "y": -3125, "z": 1350 }
      },
      "rotation": { "x": 0, "y": 0, "z": 0 }
    },
    {
      "name": "free-bonus",
      "free": true,
      "types": [ "crystal" ],
      "modes": [ "CP" ],
      "parachute": true,
      "position": {
        "min": { "x": -125, "y": -3875, "z": 825 },
        "max": { "x": 875, "y": -3125, "z": 1125 }
      },
      "rotation": { "x": 0, "y": 0, "z": 0 }
    },
    {
      "name": "free-bonus",
      "free": true,
      "types": [ "health" ],
      "modes": [ "TDM", "CTF", "DM" ],
      "parachute": true,
      "position": {
        "min": { "x": 0, "y": -5750, "z": 750 },
        "max": { "x": 500, "y": -5250, "z": 1050 }
      },
      "rotation": { "x": 0, "y": 0, "z": 0 }
    }
  ]
}
