{
  "id": "flamethrower",
  "index": 7,

  "name": {
    "en": "Firebird",
    "ru": "Огнемёт"
  },
  "description": {
    "en": "When battles take place in close quarters, there is no better weapon than a firebird. This is a weapon of mass annihilation which can and will melt down any tank and its crew in no time. It is highly effective in confined spaces against slow moving tanks. Firebird is relatively slow when it comes to recharging but you can also shoot with a partially recharged gun.",
    "ru": "В тесных городских кварталах, когда картина боя напоминает скорее муравейник, нет лучшего оружия, чем Огнемёт. Огнемёт является этаким оружием массового поражения для ближнего боя. Высокая температура горения смеси позволит быстро поджечь экипаж танка зазевавшегося противника, после чего скрыться за углом, пока враг догорает. Идеальное оружие против медленных танков в условиях ограниченного пространства. Из недостатков можно отметить сравнительно долгое время перезарядки, однако стрелять можно и из частично перезаряженного оружия."
  },

  "baseItemId": 43761,

  "modifications": {
    "0": {
      "previewResourceId": 43761,
      "object3ds": 521900,

      "rank": 1,
      "price": 150,

      "properties": [
        {
          "property": "DAMAGE_PER_SECOND",
          "properties": [
            { "property": "DAMAGE_PER_PERIOD", "value": 100 }
          ]
        },
        {
          "property": "WEAPON_CHARGE_RATE",
          "properties": [
            { "property": "WEAPON_RELOAD_TIME", "value": 13.35 }
          ]
        },
        { "property": "TURRET_TURN_SPEED", "value": 95.3 },
        {
          "property": "SHOT_RANGE",
          "properties": [
            { "property": "WEAPON_MIN_DAMAGE_RADIUS", "value": 23.7 }
          ]
        },
        {
          "property": "FIRE_DAMAGE",
          "properties": [
            { "property": "FLAME_TEMPERATURE_LIMIT", "value": 50 },
            { "property": "BURN_DURATION_SEC", "value": 1.5 }
          ]
        }
      ],

      "damage": {
        "stream": { "capacity": 100000, "charge": 7491, "discharge": 20000, "interval": 500 },
        "fixed": { "value": 100 },
        "weakening": { "from": 5, "to": 23.74, "minimum": 0.5 }
      },

      "visual": {
        "$type": "flamethrower",

        "fireTexture": 731304,
        "flameSound": 461967,
        "muzzlePlaneTexture": 810405,
        "lighting": [
          {
            "name": "start",
            "light": [
              { "attenuationBegin": 1, "attenuationEnd": 2, "color": 16746496, "intensity": 0, "time": 0 },
              { "attenuationBegin": 100, "attenuationEnd": 1000, "color": 16746496, "intensity": 1, "time": 200 }
            ]
          },
          {
            "name": "loop",
            "light": [
              { "attenuationBegin": 50, "attenuationEnd": 1000, "color": 16746496, "intensity": 1, "time": 0 },
              { "attenuationBegin": 150, "attenuationEnd": 800, "color": 16746496, "intensity": 1, "time": 100 },
              { "attenuationBegin": 100, "attenuationEnd": 1500, "color": 16746496, "intensity": 1, "time": 200 },
              { "attenuationBegin": 150, "attenuationEnd": 800, "color": 16746496, "intensity": 1, "time": 300 },
              { "attenuationBegin": 50, "attenuationEnd": 1000, "color": 16746496, "intensity": 1, "time": 400 }
            ]
          },
          {
            "name": "startFire",
            "light": [
              { "attenuationBegin": 1, "attenuationEnd": 2, "color": 16746496, "intensity": 0, "time": 0 },
              { "attenuationBegin": 100, "attenuationEnd": 1000, "color": 16746496, "intensity": 1, "time": 200 }
            ]
          },
          {
            "name": "loopFire",
            "light": [
              { "attenuationBegin": 50, "attenuationEnd": 1000, "color": 16746496, "intensity": 1, "time": 0 },
              { "attenuationBegin": 150, "attenuationEnd": 800, "color": 16746496, "intensity": 1, "time": 100 },
              { "attenuationBegin": 100, "attenuationEnd": 1500, "color": 16746496, "intensity": 1, "time": 200 },
              { "attenuationBegin": 150, "attenuationEnd": 800, "color": 16746496, "intensity": 1, "time": 300 },
              { "attenuationBegin": 50, "attenuationEnd": 1000, "color": 16746496, "intensity": 1, "time": 400 }
            ]
          }
        ],
        "bcsh": [ ],
        "colorTransform": [
          {
            "redMultiplier": 1, "greenMultiplier": 1, "blueMultiplier": 1, "alphaMultiplier": 1,
            "redOffset": 100, "greenOffset": 150, "blueOffset": 100, "alphaOffset": 0,
            "t": 0
          }, {
            "redMultiplier": 1, "greenMultiplier": 1, "blueMultiplier": 1, "alphaMultiplier": 1,
            "redOffset": 50, "greenOffset": 100, "blueOffset": 60, "alphaOffset": 0,
            "t": 0.05
          }, {
            "redMultiplier": 1, "greenMultiplier": 1, "blueMultiplier": 1, "alphaMultiplier": 1,
            "redOffset": 100, "greenOffset": 100, "blueOffset": 40, "alphaOffset": 0,
            "t": 0.1
          }, {
            "redMultiplier": 0.5, "greenMultiplier": 0.3, "blueMultiplier": 0.3, "alphaMultiplier": 1,
            "redOffset": 50, "greenOffset": 80, "blueOffset": 50, "alphaOffset": 0,
            "t": 0.65
          }, {
            "redMultiplier": 0, "greenMultiplier": 0, "blueMultiplier": 0, "alphaMultiplier": 1,
            "redOffset": 50, "greenOffset": 50, "blueOffset": 50, "alphaOffset": 0,
            "t": 0.75
          }, {
            "redMultiplier": 0, "greenMultiplier": 0, "blueMultiplier": 0, "alphaMultiplier": 0,
            "redOffset": 20, "greenOffset": 20, "blueOffset": 20, "alphaOffset": 0,
            "t": 1
          }
        ]
      }
    },
    "1": {
      "previewResourceId": 608063,
      "object3ds": 18283,

      "rank": 8,
      "price": 7100,

      "properties": [
        {
          "property": "DAMAGE_PER_SECOND",
          "properties": [
            { "property": "DAMAGE_PER_PERIOD", "value": 150 }
          ]
        },
        {
          "property": "WEAPON_CHARGE_RATE",
          "properties": [
            { "property": "WEAPON_RELOAD_TIME", "value": 12.63 }
          ]
        },
        { "property": "TURRET_TURN_SPEED", "value": 116.9 },
        {
          "property": "SHOT_RANGE",
          "properties": [
            { "property": "WEAPON_MIN_DAMAGE_RADIUS", "value": 25.6 }
          ]
        },
        {
          "property": "FIRE_DAMAGE",
          "properties": [
            { "property": "FLAME_TEMPERATURE_LIMIT", "value": 50 },
            { "property": "BURN_DURATION_SEC", "value": 2.5 }
          ]
        }
      ],

      "damage": {
        "stream": { "capacity": 100000, "charge": 7918, "discharge": 20000, "interval": 500 },
        "fixed": { "value": 150 },
        "weakening": { "from": 5, "to": 25.65, "minimum": 0.5 }
      },

      "visual": {
        "$type": "flamethrower",

        "fireTexture": 731304,
        "flameSound": 461967,
        "muzzlePlaneTexture": 810406,
        "lighting": [
          {
            "name": "start",
            "light": [
              { "attenuationBegin": 1, "attenuationEnd": 2, "color": 16746496, "intensity": 0, "time": 0 },
              { "attenuationBegin": 100, "attenuationEnd": 1000, "color": 16746496, "intensity": 1, "time": 200 }
            ]
          },
          {
            "name": "loop",
            "light": [
              { "attenuationBegin": 50, "attenuationEnd": 1000, "color": 16746496, "intensity": 1, "time": 0 },
              { "attenuationBegin": 150, "attenuationEnd": 800, "color": 16746496, "intensity": 1, "time": 100 },
              { "attenuationBegin": 100, "attenuationEnd": 1500, "color": 16746496, "intensity": 1, "time": 200 },
              { "attenuationBegin": 150, "attenuationEnd": 800, "color": 16746496, "intensity": 1, "time": 300 },
              { "attenuationBegin": 50, "attenuationEnd": 1000, "color": 16746496, "intensity": 1, "time": 400 }
            ]
          },
          {
            "name": "startFire",
            "light": [
              { "attenuationBegin": 1, "attenuationEnd": 2, "color": 16746496, "intensity": 0, "time": 0 },
              { "attenuationBegin": 100, "attenuationEnd": 1000, "color": 16746496, "intensity": 1, "time": 200 }
            ]
          },
          {
            "name": "loopFire",
            "light": [
              { "attenuationBegin": 50, "attenuationEnd": 1000, "color": 16746496, "intensity": 1, "time": 0 },
              { "attenuationBegin": 150, "attenuationEnd": 800, "color": 16746496, "intensity": 1, "time": 100 },
              { "attenuationBegin": 100, "attenuationEnd": 1500, "color": 16746496, "intensity": 1, "time": 200 },
              { "attenuationBegin": 150, "attenuationEnd": 800, "color": 16746496, "intensity": 1, "time": 300 },
              { "attenuationBegin": 50, "attenuationEnd": 1000, "color": 16746496, "intensity": 1, "time": 400 }
            ]
          }
        ],
        "bcsh": [ ],
        "colorTransform": [
          {
            "redMultiplier": 1, "greenMultiplier": 1, "blueMultiplier": 1, "alphaMultiplier": 1,
            "redOffset": 100, "greenOffset": 150, "blueOffset": 100, "alphaOffset": 0,
            "t": 0
          },
          {
            "redMultiplier": 1, "greenMultiplier": 1, "blueMultiplier": 1, "alphaMultiplier": 1,
            "redOffset": 50, "greenOffset": 100, "blueOffset": 60, "alphaOffset": 0,
            "t": 0.05
          },
          {
            "redMultiplier": 1, "greenMultiplier": 1, "blueMultiplier": 1, "alphaMultiplier": 1,
            "redOffset": 100, "greenOffset": 100, "blueOffset": 40, "alphaOffset": 0,
            "t": 0.1
          },
          {
            "redMultiplier": 0.5, "greenMultiplier": 0.3, "blueMultiplier": 0.3, "alphaMultiplier": 1,
            "redOffset": 180, "greenOffset": 80, "blueOffset": 40, "alphaOffset": 0,
            "t": 0.65
          },
          {
            "redMultiplier": 0, "greenMultiplier": 0, "blueMultiplier": 0, "alphaMultiplier": 1,
            "redOffset": 50, "greenOffset": 50, "blueOffset": 50, "alphaOffset": 0,
            "t": 0.75
          },
          {
            "redMultiplier": 0, "greenMultiplier": 0, "blueMultiplier": 0, "alphaMultiplier": 0,
            "redOffset": 20, "greenOffset": 20, "blueOffset": 20, "alphaOffset": 0,
            "t": 1
          }
        ]
      }
    },
    "2": {
      "previewResourceId": 508353,
      "object3ds": 456708,

      "rank": 15,
      "price": 61400,

      "properties": [
        {
          "property": "DAMAGE_PER_SECOND",
          "properties": [
            { "property": "DAMAGE_PER_PERIOD", "value": 180 }
          ]
        },
        {
          "property": "WEAPON_CHARGE_RATE",
          "properties": [
            { "property": "WEAPON_RELOAD_TIME", "value": 11.92 }
          ]
        },
        { "property": "TURRET_TURN_SPEED", "value": 138.4 },
        {
          "property": "SHOT_RANGE",
          "properties": [
            { "property": "WEAPON_MIN_DAMAGE_RADIUS", "value": 27.5 }
          ]
        },
        {
          "property": "FIRE_DAMAGE",
          "properties": [
            { "property": "FLAME_TEMPERATURE_LIMIT", "value": 50 },
            { "property": "BURN_DURATION_SEC", "value": 3.5 }
          ]
        }
      ],

      "damage": {
        "stream": { "capacity": 100000, "charge": 8389, "discharge": 20000, "interval": 500 },
        "fixed": { "value": 180 },
        "weakening": { "from": 5, "to": 27.55, "minimum": 0.5 }
      }
    },
    "3": {
      "previewResourceId": 553103,
      "object3ds": 758687,

      "rank": 23,
      "price": 210000,

      "properties": [
        {
          "property": "DAMAGE_PER_SECOND",
          "properties": [
            { "property": "DAMAGE_PER_PERIOD", "value": 220 }
          ]
        },
        {
          "property": "WEAPON_CHARGE_RATE",
          "properties": [
            { "property": "WEAPON_RELOAD_TIME", "value": 11.00 }
          ]
        },
        { "property": "TURRET_TURN_SPEED", "value": 166.2 },
        {
          "property": "SHOT_RANGE",
          "properties": [
            { "property": "WEAPON_MIN_DAMAGE_RADIUS", "value": 30 }
          ]
        },
        {
          "property": "FIRE_DAMAGE",
          "properties": [
            { "property": "FLAME_TEMPERATURE_LIMIT", "value": 50 },
            { "property": "BURN_DURATION_SEC", "value": 5.0 }
          ]
        }
      ],

      "damage": {
        "stream": { "capacity": 10000, "charge": 909, "discharge": 2000, "interval": 500 },
        "fixed": { "value": 220 },
        "weakening": { "from": 5, "to": 30, "minimum": 0.5 }
      }
    }
  }
}
