{
  "id": "railgun",
  "index": 9,

  "name": {
    "en": "Railgun",
    "ru": "Рельса"
  },
  "description": {
    "en": "If mid-caliber guns are not enough for your self-expression, this weapon is right for you. Large-caliber gun with huge muzzle speed and shells using depleted uranium. Extremely powerful and accurate kinetic projectile can go right through the enemy’s tank or hit several targets standing on the line of fire with a single shot. An ideal choice for long-range trench warfare and sniping. Remember that it takes a lot of time to recharge the gun and make sure your opponents will not take advantage of it.",
    "ru": "Если среднекалиберные пушки уже не утоляют вашу жажду самовыражения, то эта игрушка специально для вас. Крупнокалиберная пушка, обладающая огромной дульной скоростью и снарядами с сердечниками из обеднённого урана. Сверхмощный и сверхточный кинетический снаряд способен пробить танк насквозь, поразив несколько целей, стоящих на одной прямой. Идеальное оружие для позиционного боя на дальней дистанции. Следует помнить, что это оружие довольно долго перезаряжается, чем обязательно воспользуется опытный противник."
  },

  "baseItemId": 882259,

  "modifications": {
    "0": {
      "previewResourceId": 882259,
      "object3ds": 906685,

      "rank": 3,
      "price": 800,

      "properties": [
        {
          "property": "DAMAGE",
          "properties": [
            { "property": "DAMAGE_FROM", "value": 700 },
            { "property": "DAMAGE_TO", "value": 800 }
          ]
        },
        { "property": "IMPACT_FORCE", "value": 369 },
        {
          "property": "WEAPON_CHARGE_RATE",
          "properties": [
            { "property": "WEAPON_RELOAD_TIME", "value": 5.85 }
          ]
        },
        { "property": "TURRET_TURN_SPEED", "value": 56.2 },
        { "property": "WEAPON_WEAKENING_COEFF", "value": 35.36 }
      ],

      "damage": {
        "discrete": { },
        "range": { "from": 700, "to": 800 }
      },

      "physics": {
        "turretRotationSpeed": 0.9815731713216109,
        "turretTurnAcceleration": 1.214225560612455,
        "impactForce": 3.6958,
        "kickback": 2.138
      },

      "visual": {
        "$type": "railgun",

        "chargingPart1": 114424,
        "chargingPart2": 468379,
        "chargingPart3": 932241,
        "hitMarkTexture": 670581,
        "powTexture": 963502,
        "ringsTexture": 966691,
        "shotSound": 900596,
        "smokeImage": 882103,
        "sphereTexture": 212409,
        "trailImage": 550305,
        "lighting": [
          {
            "name": "charge",
            "light": [
              { "attenuationBegin": 200, "attenuationEnd": 200, "color": 5883129, "intensity": 0.7, "time": 0 },
              { "attenuationBegin": 200, "attenuationEnd": 800, "color": 5883129, "intensity": 0.3, "time": 600 }
            ]
          },
          {
            "name": "shot",
            "light": [
              { "attenuationBegin": 100, "attenuationEnd": 600, "color": 5883129, "intensity": 0.7, "time": 0 },
              { "attenuationBegin": 1, "attenuationEnd": 2, "color": 5883129, "intensity": 0, "time": 300 }
            ]
          },
          {
            "name": "hit",
            "light": [
              { "attenuationBegin": 200, "attenuationEnd": 600, "color": 5883129, "intensity": 0.7, "time": 0 },
              { "attenuationBegin": 1, "attenuationEnd": 2, "color": 5883129, "intensity": 0, "time": 300 }
            ]
          },
          {
            "name": "rail",
            "light": [
              { "attenuationBegin": 100, "attenuationEnd": 500, "color": 5883129, "intensity": 0.5, "time": 0 },
              { "attenuationBegin": 1, "attenuationEnd": 2, "color": 5883129, "intensity": 0, "time": 1800 }
            ]
          }
        ],
        "bcsh": [
          { "key": "trail", "brightness": 0, "contrast": 0, "saturation": 0, "hue": 0 },
          { "key": "charge", "brightness": 0, "contrast": 0, "saturation": 0, "hue": 0 }
        ]
      }
    },
    "1": {
      "previewResourceId": 603365,
      "object3ds": 369990,

      "rank": 10,
      "price": 17600,

      "properties": [
        {
          "property": "DAMAGE",
          "properties": [
            { "property": "DAMAGE_FROM", "value": 950 },
            { "property": "DAMAGE_TO", "value": 1050 }
          ]
        },
        { "property": "IMPACT_FORCE", "value": 479 },
        {
          "property": "WEAPON_CHARGE_RATE",
          "properties": [
            { "property": "WEAPON_RELOAD_TIME", "value": 5.38 }
          ]
        },
        { "property": "TURRET_TURN_SPEED", "value": 70 },
        { "property": "WEAPON_WEAKENING_COEFF", "value": 56.90 }
      ],

      "damage": {
        "discrete": { },
        "range": { "from": 950, "to": 1050 }
      },

      "physics": {
        "turretRotationSpeed": 1.2217304763960306,
        "turretTurnAcceleration": 1.3962634015954636,
        "impactForce": 4.7972,
        "kickback": 2.4253
      },

      "visual": {
        "$type": "railgun",

        "chargingPart1": 114424,
        "chargingPart2": 468379,
        "chargingPart3": 932241,
        "hitMarkTexture": 670581,
        "powTexture": 963502,
        "ringsTexture": 966691,
        "shotSound": 900596,
        "smokeImage": 882103,
        "sphereTexture": 212409,
        "trailImage": 550305,
        "lighting": [
          {
            "name": "charge",
            "light": [
              { "attenuationBegin": 200, "attenuationEnd": 200, "color": 5286399, "intensity": 0.7, "time": 0 },
              { "attenuationBegin": 200, "attenuationEnd": 800, "color": 5286399, "intensity": 0.3, "time": 600 }
            ]
          },
          {
            "name": "shot",
            "light": [
              { "attenuationBegin": 100, "attenuationEnd": 600, "color": 5286399, "intensity": 0.7, "time": 0 },
              { "attenuationBegin": 1, "attenuationEnd": 2, "color": 5286399, "intensity": 0, "time": 300 }
            ]
          },
          {
            "name": "hit",
            "light": [
              { "attenuationBegin": 200, "attenuationEnd": 600, "color": 5286399, "intensity": 0.7, "time": 0 },
              { "attenuationBegin": 1, "attenuationEnd": 2, "color": 5286399, "intensity": 0, "time": 300 }
            ]
          },
          {
            "name": "rail",
            "light": [
              { "attenuationBegin": 100, "attenuationEnd": 500, "color": 5286399, "intensity": 0.5, "time": 0 },
              { "attenuationBegin": 1, "attenuationEnd": 2, "color": 5286399, "intensity": 0, "time": 1800 }
            ]
          }
        ],
        "bcsh": [
          { "brightness": 10.155, "contrast": -2.655, "saturation": 61.947, "hue": 344.07, "key": "trail" },
          { "brightness": 10.155, "contrast": -2.655, "saturation": 44.248, "hue": 340.88, "key": "charge" }
        ]
      }
    },
    "2": {
      "previewResourceId": 762220,
      "object3ds": 73852,

      "rank": 17,
      "price": 79200,

      "properties": [
        {
          "property": "DAMAGE",
          "properties": [
            { "property": "DAMAGE_FROM", "value": 1150 },
            { "property": "DAMAGE_TO", "value": 1300 }
          ]
        },
        { "property": "IMPACT_FORCE", "value": 589 },
        {
          "property": "WEAPON_CHARGE_RATE",
          "properties": [
            { "property": "WEAPON_RELOAD_TIME", "value": 4.91 }
          ]
        },
        { "property": "TURRET_TURN_SPEED", "value": 78.5 },
        { "property": "WEAPON_WEAKENING_COEFF", "value": 78.45 }
      ],

      "damage": {
        "discrete": { },
        "range": { "from": 1150, "to": 1300 }
      },

      "physics": {
        "turretRotationSpeed": 1.3692107981895516,
        "turretTurnAcceleration": 1.5781267096532727,
        "impactForce": 5.8986,
        "kickback": 2.7127
      },

      "visual": {
        "$type": "railgun",

        "chargingPart1": 114424,
        "chargingPart2": 468379,
        "chargingPart3": 932241,
        "hitMarkTexture": 670581,
        "powTexture": 963502,
        "ringsTexture": 966691,
        "shotSound": 900596,
        "smokeImage": 882103,
        "sphereTexture": 212409,
        "trailImage": 550305,
        "lighting": [
          {
            "name": "charge",
            "light": [
              { "attenuationBegin": 200, "attenuationEnd": 200, "color": 13597945, "intensity": 0.7, "time": 0 },
              { "attenuationBegin": 200, "attenuationEnd": 800, "color": 13597945, "intensity": 0.3, "time": 600 }
            ]
          },
          {
            "name": "shot",
            "light": [
              { "attenuationBegin": 100, "attenuationEnd": 600, "color": 13597945, "intensity": 0.7, "time": 0 },
              { "attenuationBegin": 1, "attenuationEnd": 2, "color": 13597945, "intensity": 0, "time": 300 }
            ]
          },
          {
            "name": "hit",
            "light": [
              { "attenuationBegin": 200, "attenuationEnd": 600, "color": 13597945, "intensity": 0.7, "time": 0 },
              { "attenuationBegin": 1, "attenuationEnd": 2, "color": 13597945, "intensity": 0, "time": 300 }
            ]
          },
          {
            "name": "rail",
            "light": [
              { "attenuationBegin": 100, "attenuationEnd": 500, "color": 13597945, "intensity": 0.5, "time": 0 },
              { "attenuationBegin": 1, "attenuationEnd": 2, "color": 13597945, "intensity": 0, "time": 1800 }
            ]
          }
        ],
        "bcsh": [
          { "brightness": 7.898, "contrast": -2.655, "saturation": 35.398, "hue": 78.05, "key": "trail" },
          { "brightness": 7.898, "contrast": -2.655, "saturation": 35.398, "hue": 78.05, "key": "charge" }
        ]
      }
    },
    "3": {
      "previewResourceId": 387778,
      "object3ds": 839339,

      "rank": 25,
      "price": 230000,

      "properties": [
        {
          "property": "DAMAGE",
          "properties": [
            { "property": "DAMAGE_FROM", "value": 1400 },
            { "property": "DAMAGE_TO", "value": 1600 }
          ]
        },
        { "property": "IMPACT_FORCE", "value": 700 },
        {
          "property": "WEAPON_CHARGE_RATE",
          "properties": [
            { "property": "WEAPON_RELOAD_TIME", "value": 4.44 }
          ]
        },
        { "property": "TURRET_TURN_SPEED", "value": 97.4 },
        { "property": "WEAPON_WEAKENING_COEFF", "value": 100.00 }
      ],

      "damage": {
        "discrete": { },
        "range": { "from": 1400, "to": 1600 }
      },

      "physics": {
        "turretRotationSpeed": 1.6999506914424771,
        "turretTurnAcceleration": 1.7599900177110819,
        "impactForce": 7.0,
        "kickback": 3.0
      },

      "visual": {
        "$type": "railgun",

        "chargingPart1": 114424,
        "chargingPart2": 468379,
        "chargingPart3": 932241,
        "hitMarkTexture": 670581,
        "powTexture": 963502,
        "ringsTexture": 966691,
        "shotSound": 900596,
        "smokeImage": 882103,
        "sphereTexture": 212409,
        "trailImage": 550305,
        "lighting": [
          {
            "name": "charge",
            "light": [
              { "attenuationBegin": 200, "attenuationEnd": 200, "color": 16765017, "intensity": 0.7, "time": 0 },
              { "attenuationBegin": 200, "attenuationEnd": 800, "color": 16765017, "intensity": 0.3, "time": 600 }
            ]
          },
          {
            "name": "shot",
            "light": [
              { "attenuationBegin": 100, "attenuationEnd": 600, "color": 16765017, "intensity": 0.7, "time": 0 },
              { "attenuationBegin": 1, "attenuationEnd": 2, "color": 16765017, "intensity": 0, "time": 300 }
            ]
          },
          {
            "name": "hit",
            "light": [
              { "attenuationBegin": 200, "attenuationEnd": 600, "color": 16765017, "intensity": 0.7, "time": 0 },
              { "attenuationBegin": 1, "attenuationEnd": 2, "color": 16765017, "intensity": 0, "time": 300 }
            ]
          },
          {
            "name": "rail",
            "light": [
              { "attenuationBegin": 100, "attenuationEnd": 500, "color": 16765017, "intensity": 0.5, "time": 0 },
              { "attenuationBegin": 1, "attenuationEnd": 2, "color": 16765017, "intensity": 0, "time": 1800 }
            ]
          }
        ],
        "bcsh": [
          { "brightness": 9.027, "contrast": -3.54, "saturation": 44.248, "hue": 208.67, "key": "trail" },
          { "brightness": 9.027, "contrast": -3.54, "saturation": 44.248, "hue": 208.67, "key": "charge" }
        ]
      }
    }
  }
}
