{
  "id": "ricochet",
  "index": 14,

  "name": {
    "en": "Ricochet",
    "ru": "Рикошет"
  },
  "description": {
    "en": "Ricochet plasma gun is a new secret project of Siberian scientists. To produce this gun team of 22 high-class professionals have been working in the underground bunker more than three years without permission to exit on the surface. And they have created a unique weapon. It throws plasma charges cloaked with clever minus-field. When such charge hits the tank it explodes but it bounces of any other surface. So with Ricochet you can heat targets out of your visibility range. But be careful! Do not stand in the way of a released charge, as you can't do damage to yourself.",
    "ru": "Плазмомёт «Рикошет» — это новая секретная разработка сибирских ученых. Чтобы поставить её на вооружение, команда из 22 специалистов три года работала в подземном бункере без права выхода на поверхность. В итоге они создали уникальное оружие. Оно выпускает плазменные заряды, окутанные «умным» минус-полем. При попадании в танк заряд взрывается, но от других поверхностей отскакивает и продолжает полёт. Таким образом, из Рикошета можно поразить цель, даже не видя её."
  },

  "baseItemId": 86316,

  "modifications": {
    "0": {
      "previewResourceId": 86316,
      "object3ds": 833050,

      "rank": 6,
      "price": 1700,

      "properties": [
        {
          "property": "DAMAGE",
          "properties": [
            { "property": "DAMAGE_FROM", "value": 140 },
            { "property": "DAMAGE_TO", "value": 160 }
          ]
        },
        { "property": "IMPACT_FORCE", "value": 164 },
        {
          "property": "WEAPON_CHARGE_RATE",
          "properties": [
            { "property": "WEAPON_RELOAD_TIME", "value": 0.56 }
          ]
        },
        { "property": "TURRET_TURN_SPEED", "value": 91.3 },
        {
          "property": "SHOT_RANGE",
          "properties": [
            { "property": "WEAPON_MIN_DAMAGE_RADIUS", "value": 67.4 }
          ]
        }
      ],

      "damage": {
        "stream": { "capacity": 100000, "charge": 10000, "discharge": 14378, "interval": 565 },
        "range": { "from": 140, "to": 160 },
        "weakening": { "from": 67.38, "to": 81.06, "minimum": 0 }
      },

      "physics": {
        "turretRotationSpeed": 1.5940092058464213,
        "turretTurnAcceleration": 1.3535028349216025,
        "impactForce": 1.6425,
        "kickback": 1.5581
      },

      "visual": {
        "$type": "ricochet",

        "bumpFlashTexture": 110005,
        "explosionTexture": 110005,
        "explosionSound": 898926,
        "ricochetSound": 700620,
        "shotFlashTexture": 142378,
        "shotSound": 292255,
        "shotTexture": 110006,
        "tailTrailTexutre": 228333,
        "lighting": [
          {
            "name": "shot",
            "light": [
              { "attenuationBegin": 200, "attenuationEnd": 500, "color": 16754944, "intensity": 0.5, "time": 0 },
              { "attenuationBegin": 1, "attenuationEnd": 2, "color": 16754944, "intensity": 0, "time": 600 }
            ]
          },
          {
            "name": "ricochet",
            "light": [
              { "attenuationBegin": 100, "attenuationEnd": 400, "color": 16754944, "intensity": 0.5, "time": 0 },
              { "attenuationBegin": 50, "attenuationEnd": 200, "color": 16754944, "intensity": 0, "time": 600 }
            ]
          },
          {
            "name": "hit",
            "light": [
              { "attenuationBegin": 300, "attenuationEnd": 600, "color": 16754944, "intensity": 0.5, "time": 0 },
              { "attenuationBegin": 300, "attenuationEnd": 600, "color": 16754944, "intensity": 0, "time": 600 }
            ]
          },
          {
            "name": "bullet",
            "light": [
              { "attenuationBegin": 100, "attenuationEnd": 350, "color": 16754944, "intensity": 0.5, "time": 0 }
            ]
          }
        ],
        "bcsh": [
          { "brightness": 14.668, "contrast": 0, "saturation": -8.85, "hue": 6.37, "key": "shot" },
          { "brightness": 14.668, "contrast": 0, "saturation": -8.85, "hue": 6.37, "key": "expl" },
          { "brightness": 14.668, "contrast": 0, "saturation": -8.85, "hue": 6.37, "key": "trail" }
        ]
      }
    },
    "1": {
      "previewResourceId": 9428,
      "object3ds": 544500,

      "rank": 13,
      "price": 33350,

      "properties": [
        {
          "property": "DAMAGE",
          "properties": [
            { "property": "DAMAGE_FROM", "value": 190 },
            { "property": "DAMAGE_TO", "value": 210 }
          ]
        },
        { "property": "IMPACT_FORCE", "value": 193 },
        {
          "property": "WEAPON_CHARGE_RATE",
          "properties": [
            { "property": "WEAPON_RELOAD_TIME", "value": 0.53 }
          ]
        },
        { "property": "TURRET_TURN_SPEED", "value": 110.2 },
        {
          "property": "SHOT_RANGE",
          "properties": [
            { "property": "WEAPON_MIN_DAMAGE_RADIUS", "value": 72.3 }
          ]
        }
      ],

      "damage": {
        "stream": { "capacity": 100000, "charge": 10000, "discharge": 13764, "interval": 528 },
        "range": { "from": 190, "to": 210 },
        "weakening": { "from": 72.29, "to": 88.43, "minimum": 0 }
      },

      "physics": {
        "turretRotationSpeed": 1.9230037698473523,
        "turretTurnAcceleration": 1.7488199104983182,
        "impactForce": 1.9371,
        "kickback": 1.7299
      },

      "visual": {
        "$type": "ricochet",
  
        "bumpFlashTexture": 110005,
        "explosionTexture": 110005,
        "explosionSound": 898926,
        "ricochetSound": 700620,
        "shotFlashTexture": 142378,
        "shotSound": 292255,
        "shotTexture": 110006,
        "tailTrailTexutre": 228333,
        "lighting": [
          {
            "name": "shot",
            "light": [
              { "attenuationBegin": 200, "attenuationEnd": 500, "color": 16741656, "intensity": 0.5, "time": 0 },
              { "attenuationBegin": 1, "attenuationEnd": 2, "color": 16741656, "intensity": 0, "time": 600 }
            ]
          },
          {
            "name": "ricochet",
            "light": [
              { "attenuationBegin": 100, "attenuationEnd": 400, "color": 16741656, "intensity": 0.5, "time": 0 },
              { "attenuationBegin": 50, "attenuationEnd": 200, "color": 16741656, "intensity": 0, "time": 600 }
            ]
          },
          {
            "name": "hit",
            "light": [
              { "attenuationBegin": 300, "attenuationEnd": 600, "color": 16741656, "intensity": 0.5, "time": 0 },
              { "attenuationBegin": 300, "attenuationEnd": 600, "color": 16741656, "intensity": 0, "time": 600 }
            ]
          },
          {
            "name": "bullet",
            "light": [
              { "attenuationBegin": 100, "attenuationEnd": 350, "color": 16741656, "intensity": 0.5, "time": 0 }
            ]
          }
        ],
        "bcsh": [
          { "brightness": 1.128, "contrast": 0, "saturation": 0, "hue": 345.66, "key": "shot" },
          { "brightness": 1.128, "contrast": 0, "saturation": 0, "hue": 345.66, "key": "expl" },
          { "brightness": 1.128, "contrast": 0, "saturation": 0, "hue": 345.66, "key": "trail" }
        ]
      }
    },
    "2": {
      "previewResourceId": 67785,
      "object3ds": 263824,

      "rank": 20,
      "price": 105900,

      "properties": [
        {
          "property": "DAMAGE",
          "properties": [
            { "property": "DAMAGE_FROM", "value": 240 },
            { "property": "DAMAGE_TO", "value": 260 }
          ]
        },
        { "property": "IMPACT_FORCE", "value": 223 },
        {
          "property": "WEAPON_CHARGE_RATE",
          "properties": [
            { "property": "WEAPON_RELOAD_TIME", "value": 0.49 }
          ]
        },
        { "property": "TURRET_TURN_SPEED", "value": 129 },
        {
          "property": "SHOT_RANGE",
          "properties": [
            { "property": "WEAPON_MIN_DAMAGE_RADIUS", "value": 77.2 }
          ]
        }
      ],

      "damage": {
        "stream": { "capacity": 100000, "charge": 10000, "discharge": 13151, "interval": 491 },
        "range": { "from": 240, "to": 260 },
        "weakening": { "from": 77.19, "to": 95.79, "minimum": 0 }
      },

      "physics": {
        "turretRotationSpeed": 2.2519983338482836,
        "turretTurnAcceleration": 2.144311519000233,
        "impactForce": 2.2317,
        "kickback": 1.918
      },

      "visual": {
        "$type": "ricochet",
  
        "bumpFlashTexture": 110005,
        "explosionTexture": 110005,
        "explosionSound": 898926,
        "ricochetSound": 700620,
        "shotFlashTexture": 142378,
        "shotSound": 292255,
        "shotTexture": 110006,
        "tailTrailTexutre": 228333,
        "lighting": [
          {
            "name": "shot",
            "light": [
              { "attenuationBegin": 200, "attenuationEnd": 500, "color": 16750336, "intensity": 0.5, "time": 0 },
              { "attenuationBegin": 1, "attenuationEnd": 2, "color": 16750336, "intensity": 0, "time": 600 }
            ]
          },
          {
            "name": "ricochet",
            "light": [
              { "attenuationBegin": 100, "attenuationEnd": 400, "color": 16750336, "intensity": 0.5, "time": 0 },
              { "attenuationBegin": 50, "attenuationEnd": 200, "color": 16750336, "intensity": 0, "time": 600 }
            ]
          },
          {
            "name": "hit",
            "light": [
              { "attenuationBegin": 300, "attenuationEnd": 600, "color": 16750336, "intensity": 0.5, "time": 0 },
              { "attenuationBegin": 300, "attenuationEnd": 600, "color": 16750336, "intensity": 0, "time": 600 }
            ]
          },
          {
            "name": "bullet",
            "light": [
              { "attenuationBegin": 100, "attenuationEnd": 350, "color": 16750336, "intensity": 0.5, "time": 0 }
            ]
          }
        ],
        "bcsh": [
          { "brightness": 1.128, "contrast": 0, "saturation": 0, "hue": 1.59, "key": "shot" },
          { "brightness": 1.128, "contrast": 0, "saturation": 0, "hue": 1.59, "key": "expl" },
          { "brightness": 1.128, "contrast": 0, "saturation": 0, "hue": 1.59, "key": "trail" }
        ]
      }
    },
    "3": {
      "previewResourceId": 9711,
      "object3ds": 482110,

      "rank": 28,
      "price": 290000,

      "properties": [
        {
          "property": "DAMAGE",
          "properties": [
            { "property": "DAMAGE_FROM", "value": 280 },
            { "property": "DAMAGE_TO", "value": 320 }
          ]
        },
        { "property": "IMPACT_FORCE", "value": 240 },
        {
          "property": "WEAPON_CHARGE_RATE",
          "properties": [
            { "property": "WEAPON_RELOAD_TIME", "value": 0.47 }
          ]
        },
        { "property": "TURRET_TURN_SPEED", "value": 139.8 },
        {
          "property": "SHOT_RANGE",
          "properties": [
            { "property": "WEAPON_MIN_DAMAGE_RADIUS", "value": 80 }
          ]
        }
      ],

      "damage": {
        "stream": { "capacity": 1000, "charge": 100, "discharge": 128, "interval": 470 },
        "range": { "from": 280, "to": 320 },
        "weakening": { "from": 80, "to": 100, "minimum": 0 }
      },

      "physics": {
        "turretRotationSpeed": 2.4399702942880728,
        "turretTurnAcceleration": 2.3701571242083,
        "impactForce": 2.4,
        "kickback": 2.0
      },

      "visual": {
        "$type": "ricochet",
  
        "bumpFlashTexture": 110005,
        "explosionTexture": 110005,
        "explosionSound": 898926,
        "ricochetSound": 700620,
        "shotFlashTexture": 142378,
        "shotSound": 292255,
        "shotTexture": 110006,
        "tailTrailTexutre": 228333,
        "lighting": [
          {
            "name": "shot",
            "light": [
              { "attenuationBegin": 200, "attenuationEnd": 500, "color": 16741656, "intensity": 0.5, "time": 0 },
              { "attenuationBegin": 1, "attenuationEnd": 2, "color": 16741656, "intensity": 0, "time": 600 }
            ]
          },
          {
            "name": "ricochet",
            "light": [
              { "attenuationBegin": 100, "attenuationEnd": 400, "color": 16741656, "intensity": 0.5, "time": 0 },
              { "attenuationBegin": 50, "attenuationEnd": 200, "color": 16741656, "intensity": 0, "time": 600 }
            ]
          },
          {
            "name": "hit",
            "light": [
              { "attenuationBegin": 300, "attenuationEnd": 600, "color": 16741656, "intensity": 0.5, "time": 0 },
              { "attenuationBegin": 300, "attenuationEnd": 600, "color": 16741656, "intensity": 0, "time": 600 }
            ]
          },
          {
            "name": "bullet",
            "light": [
              { "attenuationBegin": 100, "attenuationEnd": 350, "color": 16741656, "intensity": 0.5, "time": 0 }
            ]
          }
        ],
        "bcsh": [
          { "brightness": 1.128, "contrast": 0, "saturation": 0, "hue": 353.63, "key": "shot" },
          { "brightness": 1.128, "contrast": 0, "saturation": 0, "hue": 353.63, "key": "expl" },
          { "brightness": 1.128, "contrast": 0, "saturation": 0, "hue": 353.63, "key": "trail" }
        ]
      }
    }
  }
}
