{
  "id": "shaft",
  "index": 15,

  "name": {
    "en": "Shaft",
    "ru": "Шафт"
  },
  "description": {
    "en": "The Shaft gun was designed by scientists who gave its enormous possibilities. It can make coffee, deliver pizzas, pay bills, but its main feature is the sniper mode, which allows you to stay one step ahead of your opponents. Get a unique opportunity to fight at long and short distances, as you can fire from Shaft without using its sniper scope.",
    "ru": "Пушка Шафт была спроектирована учеными, которые наделили её огромным количеством функций. Она может варить кофе, доставлять пиццу, оплачивать счета, но главной её особенностью стал снайперский режим, который позволяет быть на шаг впереди своих противников. Получи уникальную возможность вести бой на дальних и ближних дистанциях, ведь из Шафта также можно стрелять, не используя снайперский прицел."
  },

  "baseItemId": 507813,

  "modifications": {
    "0": {
      "previewResourceId": 507813,
      "object3ds": 740019,

      "rank": 7,
      "price": 1900,

      "properties": [
        {
          "property": "AIMING_MODE_DAMAGE",
          "properties": [
            { "property": "SHAFT_AIMING_MODE_MAX_DAMAGE", "value": 1350 }
          ]
        },
        {
          "property": "DAMAGE",
          "properties": [
            { "property": "DAMAGE_FROM", "value": 275 },
            { "property": "DAMAGE_TO", "value": 325 }
          ]
        },
        { "property": "IMPACT_FORCE", "value": 199 },
        {
          "property": "WEAPON_CHARGE_RATE",
          "properties": [
            { "property": "WEAPON_RELOAD_TIME", "value": 3.59 }
          ]
        },
        { "property": "TURRET_TURN_SPEED", "value": 71.5 }
      ],

      "damage": {
        "discrete": { },
        "range": { "from": 275, "to": 325 },
        "weakening": { "from": 100, "to": 100, "minimum": 1 }
      },

      "visual": {
        "$type": "shaft",

        "explosionSound": 686923,
        "explosionTexture": 970970,
        "hitMarkTexture": 870536,
        "muzzleFlashTexture": 75337,
        "shotSound": 600555,
        "targetingSound": 938575,
        "trailTexture": 500334,
        "zoomModeSound": 632224,
        "lighting": [
          {
            "name": "shot",
            "light": [
              { "attenuationBegin": 200, "attenuationEnd": 600, "color": 15772719, "intensity": 0.5, "time": 0 },
              { "attenuationBegin": 1, "attenuationEnd": 2, "color": 15772719, "intensity": 0, "time": 600 }
            ]
          },
          {
            "name": "hit",
            "light": [
              { "attenuationBegin": 300, "attenuationEnd": 700, "color": 15772719, "intensity": 0.5, "time": 0 },
              { "attenuationBegin": 1, "attenuationEnd": 2, "color": 15772719, "intensity": 0, "time": 600 }
            ]
          }
        ],
        "bcsh": [
          { "brightness": 0, "contrast": 0, "saturation": 0, "hue": 0, "key": "def" }
        ]
      }
    },
    "1": {
      "previewResourceId": 581114,
      "object3ds": 431730,

      "rank": 14,
      "price": 38600,

      "properties": [
        {
          "property": "AIMING_MODE_DAMAGE",
          "properties": [
            { "property": "SHAFT_AIMING_MODE_MAX_DAMAGE", "value": 1800 }
          ]
        },
        {
          "property": "DAMAGE",
          "properties": [
            { "property": "DAMAGE_FROM", "value": 365 },
            { "property": "DAMAGE_TO", "value": 415 }
          ]
        },
        { "property": "IMPACT_FORCE", "value": 253 },
        {
          "property": "WEAPON_CHARGE_RATE",
          "properties": [
            { "property": "WEAPON_RELOAD_TIME", "value": 3.35 }
          ]
        },
        { "property": "TURRET_TURN_SPEED", "value": 86.8 }
      ],

      "damage": {
        "discrete": { },
        "range": { "from": 365, "to": 415 },
        "weakening": { "from": 100, "to": 100, "minimum": 1 }
      }
    },
    "2": {
      "previewResourceId": 810956,
      "object3ds": 65798,

      "rank": 21,
      "price": 114800,

      "properties": [
        {
          "property": "AIMING_MODE_DAMAGE",
          "properties": [
            { "property": "SHAFT_AIMING_MODE_MAX_DAMAGE", "value": 2250 }
          ]
        },
        {
          "property": "DAMAGE",
          "properties": [
            { "property": "DAMAGE_FROM", "value": 455 },
            { "property": "DAMAGE_TO", "value": 505 }
          ]
        },
        { "property": "IMPACT_FORCE", "value": 307 },
        {
          "property": "WEAPON_CHARGE_RATE",
          "properties": [
            { "property": "WEAPON_RELOAD_TIME", "value": 3.10 }
          ]
        },
        { "property": "TURRET_TURN_SPEED", "value": 102.1 }
      ],

      "damage": {
        "discrete": { },
        "range": { "from": 455, "to": 505 },
        "weakening": { "from": 100, "to": 100, "minimum": 1 }
      }
    },
    "3": {
      "previewResourceId": 772221,
      "object3ds": 933781,

      "rank": 29,
      "price": 300000,

      "properties": [
        {
          "property": "AIMING_MODE_DAMAGE",
          "properties": [
            { "property": "SHAFT_AIMING_MODE_MAX_DAMAGE", "value": 2700 }
          ]
        },
        {
          "property": "DAMAGE",
          "properties": [
            { "property": "DAMAGE_FROM", "value": 550 },
            { "property": "DAMAGE_TO", "value": 650 }
          ]
        },
        { "property": "IMPACT_FORCE", "value": 330 },
        {
          "property": "WEAPON_CHARGE_RATE",
          "properties": [
            { "property": "WEAPON_RELOAD_TIME", "value": 3.00 }
          ]
        },
        { "property": "TURRET_TURN_SPEED", "value": 108.7 }
      ],

      "damage": {
        "discrete": { },
        "range": { "from": 550, "to": 650 },
        "weakening": { "from": 100, "to": 100, "minimum": 1 }
      }
    }
  }
}
