{
  "id": "smoky",
  "index": 6,

  "name": {
    "en": "Smoky",
    "ru": "Смоки"
  },
  "description": {
    "en": "Medium-caliber tank gun which is generally used in light and training tanks. The key to its popularity is low price and ease of maintenance. Put it on a light hull and use wearing-out strategy against heavy clumsy tanks of your opponents. Several upgrades can significantly increase the damage dealt by this little baby. Remember that Smoky’s effectiveness decreases with distance.",
    "ru": "Среднекалиберная танковая пушка. В основном, устанавливается на лёгкие истребительные и учебные танки. Получила распространение из-за дешевизны и простоты обслуживания. Установите её на быстрый корпус и, шныряя между ошарашенными врагами, берите тяжёлые неповоротливые танки на измор. Разработанные апгрейды способны существенно увеличить убойную силу этой малышки. Стоит помнить, что урон этой пушки падает на расстоянии."
  },

  "baseItemId": 651066,

  "modifications": {
    "0": {
      "previewResourceId": 651066,
      "object3ds": 205731,

      "rank": 1,
      "price": 0,

      "properties": [
        {
          "property": "DAMAGE",
          "properties": [
            { "property": "DAMAGE_FROM", "value": 150 },
            { "property": "DAMAGE_TO", "value": 190 }
          ]
        },
        { "property": "IMPACT_FORCE", "value": 175 },
        { "property": "TURRET_TURN_SPEED", "value": 71.5 },
        { "property": "CRITICAL_HIT_CHANCE", "value": 15 },
        { "property": "CRITICAL_HIT_DAMAGE", "value": 240 }
      ],

      "damage": {
        "discrete": { },
        "range": { "from": 150, "to": 190 },
        "weakening": { "from": 44.35, "to": 133.04, "minimum": 0.1 }
      },

      "physics": {
        "turretRotationSpeed": 1.2479104151759457,
        "turretTurnAcceleration": 2.3216369710028575,
        "impactForce": 1.75,
        "kickback": 1.4043
      },

      "visual": {
        "$type": "smoky",

        "criticalHitSize": 375,
        "criticalHitTexture": 110004,
        "explosionMarkTexture": 1000077,
        "explosionSize": 300,
        "explosionSound": 667431,
        "explosionTexture": 785656,
        "shotSound": 223994,
        "shotTexture": 1000076,
        "lighting": [
          {
            "name": "shot",
            "light": [
              { "attenuationBegin": 150, "attenuationEnd": 450, "color": 16571766, "intensity": 0.9, "time": 0 },
              { "attenuationBegin": 1, "attenuationEnd": 2, "color": 16571766, "intensity": 0, "time": 300 }
            ]
          },
          {
            "name": "hit",
            "light": [
              { "attenuationBegin": 100, "attenuationEnd": 300, "color": 16760576, "intensity": 0.7, "time": 0 },
              { "attenuationBegin": 100, "attenuationEnd": 300, "color": 16760576, "intensity": 0, "time": 400 }
            ]
          }
        ],
        "bcsh": [ ]
      }
    },
    "1": {
      "previewResourceId": 825544,
      "object3ds": 31170,

      "rank": 8,
      "price": 7100,

      "properties": [
        {
          "property": "DAMAGE",
          "properties": [
            { "property": "DAMAGE_FROM", "value": 240 },
            { "property": "DAMAGE_TO", "value": 280 }
          ]
        },
        { "property": "IMPACT_FORCE", "value": 222 },
        { "property": "TURRET_TURN_SPEED", "value": 87.1 },
        { "property": "CRITICAL_HIT_CHANCE", "value": 15 },
        { "property": "CRITICAL_HIT_DAMAGE", "value": 350 }
      ],

      "damage": {
        "discrete": { },
        "range": { "from": 240, "to": 280 },
        "weakening": { "from": 49.11, "to": 147.33, "minimum": 0.1 }
      },

      "physics": {
        "turretRotationSpeed": 1.5194836467862634,
        "turretTurnAcceleration": 2.674193479905712,
        "impactForce": 2.2217,
        "kickback": 1.7378
      },

      "visual": {
        "$type": "smoky",

        "criticalHitSize": 375,
        "criticalHitTexture": 110004,
        "explosionMarkTexture": 1000077,
        "explosionSize": 300,
        "explosionSound": 667431,
        "explosionTexture": 785657,
        "shotSound": 223994,
        "shotTexture": 1000076,
        "lighting": [
          {
            "name": "shot",
            "light": [
              { "attenuationBegin": 150, "attenuationEnd": 450, "color": 16571766, "intensity": 0.9, "time": 0 },
              { "attenuationBegin": 1, "attenuationEnd": 2, "color": 16571766, "intensity": 0, "time": 300 }
            ]
          },
          {
            "name": "hit",
            "light": [
              { "attenuationBegin": 100, "attenuationEnd": 300, "color": 16760576, "intensity": 0.7, "time": 0 },
              { "attenuationBegin": 100, "attenuationEnd": 300, "color": 16760576, "intensity": 0, "time": 400 }
            ]
          }
        ],
        "bcsh": [ ]
      }
    },
    "2": {
      "previewResourceId": 592136,
      "object3ds": 458970,

      "rank": 15,
      "price": 61400,

      "properties": [
        {
          "property": "DAMAGE",
          "properties": [
            { "property": "DAMAGE_FROM", "value": 330 },
            { "property": "DAMAGE_TO", "value": 370 }
          ]
        },
        { "property": "IMPACT_FORCE", "value": 269 },
        { "property": "TURRET_TURN_SPEED", "value": 102.6 },
        { "property": "CRITICAL_HIT_CHANCE", "value": 15 },
        { "property": "CRITICAL_HIT_DAMAGE", "value": 420 }
      ],

      "damage": {
        "discrete": { },
        "range": { "from": 330, "to": 370 },
        "weakening": { "from": 53.88, "to": 161.62, "minimum": 0.1 }
      },

      "physics": {
        "turretRotationSpeed": 1.7908823454713816,
        "turretTurnAcceleration": 3.0267499888085663,
        "impactForce": 2.6935,
        "kickback": 2.0712
      },

      "visual": {
        "$type": "smoky",

        "criticalHitSize": 375,
        "criticalHitTexture": 110004,
        "explosionMarkTexture": 1000077,
        "explosionSize": 300,
        "explosionSound": 667431,
        "explosionTexture": 785656,
        "shotSound": 223994,
        "shotTexture": 1000076,
        "lighting": [
          {
            "name": "shot",
            "light": [
              { "attenuationBegin": 150, "attenuationEnd": 450, "color": 16571766, "intensity": 0.9, "time": 0 },
              { "attenuationBegin": 1, "attenuationEnd": 2, "color": 16571766, "intensity": 0, "time": 300 }
            ]
          },
          {
            "name": "hit",
            "light": [
              { "attenuationBegin": 100, "attenuationEnd": 300, "color": 16760576, "intensity": 0.7, "time": 0 },
              { "attenuationBegin": 100, "attenuationEnd": 300, "color": 16760576, "intensity": 0, "time": 400 }
            ]
          }
        ],
        "bcsh": [ ]
      }
    },
    "3": {
      "previewResourceId": 379077,
      "object3ds": 768112,

      "rank": 23,
      "price": 200000,

      "properties": [
        {
          "property": "DAMAGE",
          "properties": [
            { "property": "DAMAGE_FROM", "value": 440 },
            { "property": "DAMAGE_TO", "value": 480 }
          ]
        },
        { "property": "IMPACT_FORCE", "value": 330 },
        { "property": "TURRET_TURN_SPEED", "value": 122.6 },
        { "property": "CRITICAL_HIT_CHANCE", "value": 15 },
        { "property": "CRITICAL_HIT_DAMAGE", "value": 530 }
      ],

      "damage": {
        "discrete": { },
        "range": { "from": 440, "to": 480 },
        "weakening": { "from": 60, "to": 180, "minimum": 0.1 }
      },

      "physics": {
        "turretRotationSpeed": 2.1399481958702475,
        "turretTurnAcceleration": 3.4800119955514934,
        "impactForce": 3.3,
        "kickback": 2.5
      },

      "visual": {
        "$type": "smoky",

        "criticalHitSize": 375,
        "criticalHitTexture": 110004,
        "explosionMarkTexture": 1000077,
        "explosionSize": 300,
        "explosionSound": 667431,
        "explosionTexture": 785656,
        "shotSound": 223994,
        "shotTexture": 1000076,
        "lighting": [
          {
            "name": "shot",
            "light": [
              { "attenuationBegin": 150, "attenuationEnd": 450, "color": 16571766, "intensity": 0.9, "time": 0 },
              { "attenuationBegin": 1, "attenuationEnd": 2, "color": 16571766, "intensity": 0, "time": 300 }
            ]
          },
          {
            "name": "hit",
            "light": [
              { "attenuationBegin": 100, "attenuationEnd": 300, "color": 16760576, "intensity": 0.7, "time": 0 },
              { "attenuationBegin": 100, "attenuationEnd": 300, "color": 16760576, "intensity": 0, "time": 400 }
            ]
          }
        ],
        "bcsh": [ ]
      }
    }
  }
}
