{
  "id": "thunder",
  "index": 11,

  "name": {
    "en": "Thunder",
    "ru": "Гром"
  },
  "description": {
    "en": "This second generation middle-caliber gun is the best choice for dynamic battle. Splash damage (make sure you don’t hit yourself!) allows you to attack a group of enemy vehicles. Quick recharge will give you a distinct advantage over heavy tanks of enemy. Equipped with light armor Thunder is one of the most dangerous weapons on the battlefield.",
    "ru": "Среднекалиберная пушка — это лучший выбор для любителей динамичного боя. Разрывной снаряд Грома (осторожно, можно нанести урон самому себе) позволяет атаковать группу соперников, а быстрая перезарядка поможет получить неоспоримое преимущество перед тяжёлыми танками противника. В сочетании с быстрым корпусом Гром становится грозным оружием в руках умелого танкиста."
  },

  "baseItemId": 205433,

  "modifications": {
    "0": {
      "previewResourceId": 205433,
      "object3ds": 503709,

      "rank": 5,
      "price": 1450,

      "properties": [
        {
          "property": "DAMAGE",
          "properties": [
            { "property": "DAMAGE_FROM", "value": 420 },
            { "property": "DAMAGE_TO", "value": 550 }
          ]
        },
        { "property": "IMPACT_FORCE", "value": 169 },
        {
          "property": "WEAPON_CHARGE_RATE",
          "properties": [
            { "property": "WEAPON_RELOAD_TIME", "value": 3.15 }
          ]
        },
        { "property": "TURRET_TURN_SPEED", "value": 77 },
        {
          "property": "SHOT_RANGE",
          "properties": [
            { "property": "WEAPON_MIN_DAMAGE_RADIUS", "value": 56.9 }
          ]
        }
      ],

      "damage": {
        "discrete": { },
        "range": { "from": 420, "to": 550 },
        "weakening": { "from": 56.93, "to": 113.85, "minimum": 0.5 },
        "splash": { "from": 0, "to": 25, "radius": 12 }
      },

      "visual": {
        "$type": "thunder",

        "explosionMarkTexture": 262233,
        "explosionSize": 1000,
        "explosionSound": 373285,
        "explosionTexture": 435325,
        "shotSound": 337970,
        "shotTexture": 215691,
        "lighting": [
          {
            "name": "hit",
            "light": [
              { "attenuationBegin": 200, "attenuationEnd": 800, "color": 16741656, "intensity": 0.8, "time": 0 },
              { "attenuationBegin": 200, "attenuationEnd": 800, "color": 16741656, "intensity": 0, "time": 700 }
            ]
          },
          {
            "name": "shot",
            "light": [
              { "attenuationBegin": 100, "attenuationEnd": 500, "color": 16741656, "intensity": 0.9, "time": 0 },
              { "attenuationBegin": 1, "attenuationEnd": 2, "color": 16741656, "intensity": 0, "time": 250 }
            ]
          },
          {
            "name": "shellLightAnimation",
            "light": [
              { "attenuationBegin": 100, "attenuationEnd": 350, "color": 16741656, "intensity": 0.5, "time": 0 }
            ]
          }
        ],
        "bcsh": [ ]
      }
    },
    "1": {
      "previewResourceId": 282433,
      "object3ds": 15411,

      "rank": 12,
      "price": 28100,

      "properties": [
        {
          "property": "DAMAGE",
          "properties": [
            { "property": "DAMAGE_FROM", "value": 580 },
            { "property": "DAMAGE_TO", "value": 680 }
          ]
        },
        { "property": "IMPACT_FORCE", "value": 217 },
        {
          "property": "WEAPON_CHARGE_RATE",
          "properties": [
            { "property": "WEAPON_RELOAD_TIME", "value": 2.91 }
          ]
        },
        { "property": "TURRET_TURN_SPEED", "value": 94.6 },
        {
          "property": "SHOT_RANGE",
          "properties": [
            { "property": "WEAPON_MIN_DAMAGE_RADIUS", "value": 61.8 }
          ]
        }
      ],

      "damage": {
        "discrete": { },
        "range": { "from": 580, "to": 680 },
        "weakening": { "from": 61.75, "to": 123.49, "minimum": 0.5 },
        "splash": { "from": 0, "to": 25, "radius": 12 }
      },

      "physics": {
        "turretRotationSpeed": 1.6516050711622339,
        "turretTurnAcceleration": 2.263517506911446,
        "impactForce": 2.1745,
        "kickback": 2.1809
      }
    },
    "2": {
      "previewResourceId": 770995,
      "object3ds": 104552,

      "rank": 19,
      "price": 97000,

      "properties": [
        {
          "property": "DAMAGE",
          "properties": [
            { "property": "DAMAGE_FROM", "value": 720 },
            { "property": "DAMAGE_TO", "value": 800 }
          ]
        },
        { "property": "IMPACT_FORCE", "value": 265 },
        {
          "property": "WEAPON_CHARGE_RATE",
          "properties": [
            { "property": "WEAPON_RELOAD_TIME", "value": 2.67 }
          ]
        },
        { "property": "TURRET_TURN_SPEED", "value": 112.3 },
        {
          "property": "SHOT_RANGE",
          "properties": [
            { "property": "WEAPON_MIN_DAMAGE_RADIUS", "value": 66.6 }
          ]
        }
      ],

      "damage": {
        "discrete": { },
        "range": { "from": 720, "to": 800 },
        "weakening": { "from": 66.56, "to": 133.12, "minimum": 0.5 },
        "splash": { "from": 0, "to": 25, "radius": 12 }
      },

      "physics": {
        "turretRotationSpeed": 1.959830217064432,
        "turretTurnAcceleration": 2.5764550417940293,
        "impactForce": 2.656,
        "kickback": 2.542
      }
    },
    "3": {
      "previewResourceId": 875152,
      "object3ds": 551825,

      "rank": 27,
      "price": 270000,

      "properties": [
        {
          "property": "DAMAGE",
          "properties": [
            { "property": "DAMAGE_FROM", "value": 850 },
            { "property": "DAMAGE_TO", "value": 950 }
          ]
        },
        { "property": "IMPACT_FORCE", "value": 300 },
        {
          "property": "WEAPON_CHARGE_RATE",
          "properties": [
            { "property": "WEAPON_RELOAD_TIME", "value": 2.50 }
          ]
        },
        { "property": "TURRET_TURN_SPEED", "value": 124.9 },
        {
          "property": "SHOT_RANGE",
          "properties": [
            { "property": "WEAPON_MIN_DAMAGE_RADIUS", "value": 70 }
          ]
        }
      ],

      "damage": {
        "discrete": { },
        "range": { "from": 850, "to": 950 },
        "weakening": { "from": 70, "to": 140, "minimum": 0.5 },
        "splash": { "from": 0, "to": 25, "radius": 12 }
      },

      "physics": {
        "turretRotationSpeed": 2.179916235740918,
        "turretTurnAcceleration": 2.800031718974503,
        "impactForce": 3.0,
        "kickback": 2.8043
      }
    }
  }
}
