{
  "name": "map_pingpong",
  "theme": "summer_day",

  "id": 98335,
  "preview": 867226,

  "visual": {
    "angleX": -1,
    "angleZ": -0.5,

    "lightColor": 13090219,
    "shadowColor": 5530735,

    "fogAlpha": 0.25,
    "fogColor": 14545407,

    "farLimit": 10000,
    "nearLimit": 5000,

    "gravity": 1000,
    "skyboxRevolutionSpeed": 0,
    "ssaoColor": 3025184,

    "dustAlpha": 0.75,
    "dustDensity": 0.15000000596046448,
    "dustFarDistance": 7000,
    "dustNearDistance": 5000,
    "dustParticle": "summer",
    "dustSize": 200
  },
  "skybox": "Mountains",
  "resources": {
    "proplibs": [
      "Bush",
      "Land Rocks",
      "Land Tiles",
      "Promotion",
      "Waffle Fence"
    ],
    "map": { "id": 98335, "version": 1 }
  },
  "spawnPoints": [
    {
      "mode": "DM",
      "position": { "x": -1750, "y": 250, "z": 0 },
      "rotation": { "x": 0, "y": 0, "z": 0 }
    },
    {
      "team": "RED",
      "position": { "x": -250, "y": 250, "z": 0 },
      "rotation": { "x": 0, "y": 0, "z": 0 }
    },
    {
      "team": "RED",
      "position": { "x": -1750, "y": 250, "z": 0 },
      "rotation": { "x": 0, "y": 0, "z": 0 }
    },
    {
      "team": "RED",
      "position": { "x": 2306.591, "y": -47.192, "z": 0 },
      "rotation": { "x": 0, "y": 0, "z": 0 }
    },
    {
      "team": "BLUE",
      "position": { "x": -750, "y": 1250, "z": 0 },
      "rotation": { "x": 0, "y": 0, "z": 0 }
    },
    {
      "mode": "DM",
      "position": { "x": 2282.484, "y": -9.823, "z": 0 },
      "rotation": { "x": 0, "y": 0, "z": 0 }
    },
    {
      "mode": "DM",
      "position": { "x": 3274.231, "y": 854.612, "z": 0 },
      "rotation": { "x": 0, "y": 0, "z": 0 }
    },
    {
      "team": "BLUE",
      "position": { "x": 3295.068, "y": 835.552, "z": 0 },
      "rotation": { "x": 0, "y": 0, "z": 0 }
    },
    {
      "team": "BLUE",
      "position": { "x": 1750, "y": 1250, "z": 0 },
      "rotation": { "x": 0, "y": 0, "z": 0 }
    },
    {
      "mode": "DM",
      "position": { "x": -250, "y": 250, "z": 0 },
      "rotation": { "x": 0, "y": 0, "z": 0 }
    },
    {
      "mode": "DM",
      "position": { "x": -725.769, "y": 1229.612, "z": 0 },
      "rotation": { "x": 0, "y": 0, "z": 0 }
    },
    {
      "mode": "DM",
      "position": { "x": 1750, "y": 1250, "z": 0 },
      "rotation": { "x": 0, "y": 0, "z": 0 }
    }
  ],
  "flags": {
    "RED": {
      "position": { "x": 1750, "y": -750, "z": 0 }
    },
    "BLUE": {
      "position": { "x": -250, "y": 1750, "z": 0 }
    }
  },
  "bonuses": [
    {
      "name": "free-bonus",
      "free": true,
      "types": [ "health", "double_damage" ],
      "modes": [ "CTF", "DM", "TDM", "CP" ],
      "parachute": true,
      "position": {
        "min": { "x": 2500, "y": 1500, "z": 600 },
        "max": { "x": 3500, "y": 2000, "z": 900 }
      },
      "rotation": { "x": 0, "y": 0, "z": 0 }
    },
    {
      "name": "free-bonus",
      "free": true,
      "types": [ "crystal" ],
      "modes": [ "CTF", "DM", "TDM", "CP" ],
      "parachute": true,
      "position": {
        "min": { "x": -250, "y": -1250, "z": 600 },
        "max": { "x": 1250, "y": -250, "z": 900 }
      },
      "rotation": { "x": 0, "y": 0, "z": 0 }
    },
    {
      "name": "free-bonus",
      "free": true,
      "types": [ "nitro", "double_armor" ],
      "modes": [ "CTF", "DM", "TDM", "CP" ],
      "parachute": true,
      "position": {
        "min": { "x": 2875, "y": -1250, "z": 600 },
        "max": { "x": 3875, "y": -250, "z": 900 }
      },
      "rotation": { "x": 0, "y": 0, "z": 0 }
    },
    {
      "name": "free-bonus",
      "free": true,
      "types": [ "gold", "crystal" ],
      "modes": [ "CTF", "DM", "TDM", "CP" ],
      "parachute": true,
      "position": {
        "min": { "x": 0, "y": 0, "z": 750 },
        "max": { "x": 500, "y": 500, "z": 1050 }
      },
      "rotation": { "x": 0, "y": 0, "z": 0 }
    },
    {
      "name": "free-bonus",
      "free": true,
      "types": [ "gold", "crystal" ],
      "modes": [ "CTF", "DM", "TDM", "CP" ],
      "parachute": true,
      "position": {
        "min": { "x": 1000, "y": 500, "z": 750 },
        "max": { "x": 1500, "y": 1000, "z": 1050 }
      },
      "rotation": { "x": 0, "y": 0, "z": 0 }
    },
    {
      "name": "free-bonus",
      "free": true,
      "types": [ "nitro", "double_armor" ],
      "modes": [ "CTF", "DM", "TDM", "CP" ],
      "parachute": true,
      "position": {
        "min": { "x": -2375, "y": 1250, "z": 600 },
        "max": { "x": -1375, "y": 2250, "z": 900 }
      },
      "rotation": { "x": 0, "y": 0, "z": 0 }
    },
    {
      "name": "free-bonus",
      "free": true,
      "types": [ "gold" ],
      "modes": [ "CTF", "DM", "TDM", "CP" ],
      "parachute": true,
      "position": {
        "min": { "x": 1750, "y": 750, "z": 600 },
        "max": { "x": 2750, "y": 1250, "z": 900 }
      },
      "rotation": { "x": 0, "y": 0, "z": 0 }
    },
    {
      "name": "free-bonus",
      "free": true,
      "types": [ "health", "double_damage" ],
      "modes": [ "CTF", "DM", "TDM", "CP" ],
      "parachute": true,
      "position": {
        "min": { "x": -2000, "y": -1000, "z": 600 },
        "max": { "x": -1000, "y": -500, "z": 900 }
      },
      "rotation": { "x": 0, "y": 0, "z": 0 }
    },
    {
      "name": "free-bonus",
      "free": true,
      "types": [ "crystal" ],
      "modes": [ "CTF", "DM", "TDM", "CP" ],
      "parachute": true,
      "position": {
        "min": { "x": 250, "y": 1250, "z": 600 },
        "max": { "x": 1750, "y": 2250, "z": 900 }
      },
      "rotation": { "x": 0, "y": 0, "z": 0 }
    },
    {
      "name": "free-bonus",
      "free": true,
      "types": [ "gold" ],
      "modes": [ "CTF", "DM", "TDM", "CP" ],
      "parachute": true,
      "position": {
        "min": { "x": -1250, "y": -250, "z": 600 },
        "max": { "x": -250, "y": 250, "z": 900 }
      },
      "rotation": { "x": 0, "y": 0, "z": 0 }
    }
  ]
}
