{
  "name": "map_polygon",
  "theme": "summer_day",

  "id": 870959,
  "preview": 891846,

  "visual": {
    "angleX": -1,
    "angleZ": -0.5,

    "lightColor": 13090219,
    "shadowColor": 5530735,

    "fogAlpha": 0.25,
    "fogColor": 14545407,

    "farLimit": 10000,
    "nearLimit": 5000,

    "gravity": 1000,
    "skyboxRevolutionSpeed": 0,
    "ssaoColor": 3025184,

    "dustAlpha": 0.75,
    "dustDensity": 0.15000000596046448,
    "dustFarDistance": 7000,
    "dustNearDistance": 5000,
    "dustParticle": "summer",
    "dustSize": 200
  },
  "skybox": "Mountains",
  "resources": {
    "proplibs": [
      "Broken Walls",
      "City Buildings",
      "Desert Houses",
      "Industrial Bridge",
      "Industrial Elements",
      "Land Rocks",
      "Land Tiles",
      "NuBu 12",
      "NuBu 3",
      "NuBu 6",
      "NuBu 9",
      "Outer Walls Lair",
      "Promotion",
      "Roadblock",
      "Stuffs",
      "Waffle Fence"
    ],
    "map": { "id": 870959, "version": 3 }
  },
  "spawnPoints": [
    {
      "mode": "CP",
      "team": "BLUE",
      "position": { "x": -5562.5, "y": 0, "z": 1200 },
      "rotation": { "x": 0, "y": 0, "z": 1200 }
    },
    {
      "mode": "CP",
      "team": "BLUE",
      "position": { "x": 10125, "y": 4375, "z": 600 },
      "rotation": { "x": 0, "y": 0, "z": 600 }
    },
    {
      "mode": "CP",
      "team": "RED",
      "position": { "x": 6375, "y": 2750, "z": 0 },
      "rotation": { "x": 0, "y": 0, "z": 0 }
    },
    {
      "mode": "CP",
      "team": "BLUE",
      "position": { "x": -5187.5, "y": -2500, "z": 1200 },
      "rotation": { "x": 0, "y": 0, "z": 1200 }
    },
    {
      "mode": "DM",
      "position": { "x": 7125, "y": 1500, "z": 300 },
      "rotation": { "x": 0, "y": 0, "z": 300 }
    },
    {
      "mode": "CP",
      "team": "BLUE",
      "position": { "x": 6375, "y": 2750, "z": 0 },
      "rotation": { "x": 0, "y": 0, "z": 0 }
    },
    {
      "mode": "CP",
      "team": "RED",
      "position": { "x": -1750, "y": 0, "z": 0 },
      "rotation": { "x": 0, "y": 0, "z": 0 }
    },
    {
      "team": "BLUE",
      "position": { "x": 6500, "y": 3000, "z": 0 },
      "rotation": { "x": 0, "y": 0, "z": 0 }
    },
    {
      "team": "BLUE",
      "position": { "x": 5500, "y": 1500, "z": 0 },
      "rotation": { "x": 0, "y": 0, "z": 0 }
    },
    {
      "mode": "CP",
      "team": "BLUE",
      "position": { "x": 1000, "y": 5125, "z": 0 },
      "rotation": { "x": 0, "y": 0, "z": 0 }
    },
    {
      "mode": "DM",
      "position": { "x": 3375, "y": 5250, "z": 0 },
      "rotation": { "x": 0, "y": 0, "z": 0 }
    },
    {
      "mode": "CP",
      "team": "RED",
      "position": { "x": -4000, "y": -2500, "z": 600 },
      "rotation": { "x": 0, "y": 0, "z": 600 }
    },
    {
      "mode": "CP",
      "team": "RED",
      "position": { "x": -1250, "y": 3750, "z": 0 },
      "rotation": { "x": 0, "y": 0, "z": 0 }
    },
    {
      "mode": "CP",
      "team": "RED",
      "position": { "x": -3000, "y": -1250, "z": 0 },
      "rotation": { "x": 0, "y": 0, "z": 0 }
    },
    {
      "mode": "DM",
      "position": { "x": 9750, "y": 5250, "z": 600 },
      "rotation": { "x": 0, "y": 0, "z": 600 }
    },
    {
      "mode": "DM",
      "position": { "x": -2000, "y": -1000, "z": 0 },
      "rotation": { "x": 0, "y": 0, "z": 0 }
    },
    {
      "mode": "CP",
      "team": "BLUE",
      "position": { "x": -1750, "y": 0, "z": 0 },
      "rotation": { "x": 0, "y": 0, "z": 0 }
    },
    {
      "mode": "CP",
      "team": "BLUE",
      "position": { "x": 5125, "y": 4000, "z": 0 },
      "rotation": { "x": 0, "y": 0, "z": 0 }
    },
    {
      "team": "RED",
      "position": { "x": -5187.5, "y": -2500, "z": 1200 },
      "rotation": { "x": 0, "y": 0, "z": 1200 }
    },
    {
      "team": "BLUE",
      "position": { "x": 10000, "y": 5000, "z": 600 },
      "rotation": { "x": 0, "y": 0, "z": 600 }
    },
    {
      "team": "BLUE",
      "position": { "x": 5000, "y": 2500, "z": 0 },
      "rotation": { "x": 0, "y": 0, "z": 0 }
    },
    {
      "team": "BLUE",
      "position": { "x": 3750, "y": 5500, "z": 0 },
      "rotation": { "x": 0, "y": 0, "z": 0 }
    },
    {
      "team": "RED",
      "position": { "x": -5562.5, "y": 0, "z": 1200 },
      "rotation": { "x": 0, "y": 0, "z": 1200 }
    },
    {
      "team": "BLUE",
      "position": { "x": 8000, "y": 4000, "z": 600 },
      "rotation": { "x": 0, "y": 0, "z": 600 }
    },
    {
      "mode": "CP",
      "team": "BLUE",
      "position": { "x": -4000, "y": -2500, "z": 600 },
      "rotation": { "x": 0, "y": 0, "z": 600 }
    },
    {
      "mode": "CP",
      "team": "BLUE",
      "position": { "x": -4750, "y": 0, "z": 1200 },
      "rotation": { "x": 0, "y": 0, "z": 1200 }
    },
    {
      "mode": "CP",
      "team": "BLUE",
      "position": { "x": -3000, "y": -1250, "z": 0 },
      "rotation": { "x": 0, "y": 0, "z": 0 }
    },
    {
      "mode": "CP",
      "team": "BLUE",
      "position": { "x": 3187.5, "y": 4625, "z": 0 },
      "rotation": { "x": 0, "y": 0, "z": 0 }
    },
    {
      "mode": "CP",
      "team": "RED",
      "position": { "x": 8500, "y": 4875, "z": 600 },
      "rotation": { "x": 0, "y": 0, "z": 600 }
    },
    {
      "mode": "CP",
      "team": "RED",
      "position": { "x": 5125, "y": 4000, "z": 0 },
      "rotation": { "x": 0, "y": 0, "z": 0 }
    },
    {
      "mode": "DM",
      "position": { "x": -5008.775, "y": 2140.54, "z": 1200 },
      "rotation": { "x": 0, "y": 0, "z": 1200 }
    },
    {
      "mode": "CP",
      "team": "RED",
      "position": { "x": 3187.5, "y": 4625, "z": 0 },
      "rotation": { "x": 0, "y": 0, "z": 0 }
    },
    {
      "team": "RED",
      "position": { "x": -5000, "y": 2000, "z": 1200 },
      "rotation": { "x": 0, "y": 0, "z": 1200 }
    },
    {
      "mode": "CP",
      "team": "BLUE",
      "position": { "x": -5000, "y": 2125, "z": 1200 },
      "rotation": { "x": 0, "y": 0, "z": 1200 }
    },
    {
      "mode": "DM",
      "position": { "x": -812.5, "y": -3000, "z": 0 },
      "rotation": { "x": 0, "y": 0, "z": 0 }
    },
    {
      "team": "BLUE",
      "position": { "x": 5000, "y": -1500, "z": 0 },
      "rotation": { "x": 0, "y": 0, "z": 0 }
    },
    {
      "mode": "DM",
      "position": { "x": 4000, "y": 2750, "z": 0 },
      "rotation": { "x": 0, "y": 0, "z": 0 }
    },
    {
      "mode": "CP",
      "team": "BLUE",
      "position": { "x": 6250, "y": 250, "z": 0 },
      "rotation": { "x": 0, "y": 0, "z": 0 }
    },
    {
      "mode": "DM",
      "position": { "x": 6500, "y": 2750, "z": 0 },
      "rotation": { "x": 0, "y": 0, "z": 0 }
    },
    {
      "mode": "DM",
      "position": { "x": -250, "y": 3250, "z": 0 },
      "rotation": { "x": 0, "y": 0, "z": 0 }
    },
    {
      "mode": "CP",
      "team": "BLUE",
      "position": { "x": -2500, "y": 1500, "z": 0 },
      "rotation": { "x": 0, "y": 0, "z": 0 }
    },
    {
      "team": "RED",
      "position": { "x": -4750, "y": 0, "z": 1200 },
      "rotation": { "x": 0, "y": 0, "z": 1200 }
    },
    {
      "team": "BLUE",
      "position": { "x": 8750, "y": 1500, "z": 600 },
      "rotation": { "x": 0, "y": 0, "z": 600 }
    },
    {
      "mode": "CP",
      "team": "RED",
      "position": { "x": 7125, "y": 1500, "z": 300 },
      "rotation": { "x": 0, "y": 0, "z": 300 }
    },
    {
      "mode": "CP",
      "team": "BLUE",
      "position": { "x": -1250, "y": 3750, "z": 0 },
      "rotation": { "x": 0, "y": 0, "z": 0 }
    },
    {
      "mode": "DM",
      "position": { "x": -5250, "y": -3125, "z": 1200 },
      "rotation": { "x": 0, "y": 0, "z": 1200 }
    },
    {
      "mode": "CP",
      "team": "RED",
      "position": { "x": -5000, "y": 2125, "z": 1200 },
      "rotation": { "x": 0, "y": 0, "z": 1200 }
    },
    {
      "mode": "CP",
      "team": "BLUE",
      "position": { "x": 7125, "y": 1500, "z": 300 },
      "rotation": { "x": 0, "y": 0, "z": 300 }
    },
    {
      "mode": "CP",
      "team": "RED",
      "position": { "x": -750, "y": -2875, "z": 0 },
      "rotation": { "x": 0, "y": 0, "z": 0 }
    },
    {
      "mode": "CP",
      "team": "RED",
      "position": { "x": 1000, "y": 5125, "z": 0 },
      "rotation": { "x": 0, "y": 0, "z": 0 }
    },
    {
      "mode": "CP",
      "team": "RED",
      "position": { "x": 10125, "y": 4375, "z": 600 },
      "rotation": { "x": 0, "y": 0, "z": 600 }
    },
    {
      "mode": "CP",
      "team": "BLUE",
      "position": { "x": 4125, "y": 5750, "z": 0 },
      "rotation": { "x": 0, "y": 0, "z": 0 }
    },
    {
      "mode": "DM",
      "position": { "x": 6125, "y": -750, "z": 0 },
      "rotation": { "x": 0, "y": 0, "z": 0 }
    },
    {
      "mode": "DM",
      "position": { "x": 3500, "y": -1500, "z": 0 },
      "rotation": { "x": 0, "y": 0, "z": 0 }
    },
    {
      "team": "RED",
      "position": { "x": -1250, "y": 3750, "z": 0 },
      "rotation": { "x": 0, "y": 0, "z": 0 }
    },
    {
      "mode": "CP",
      "team": "RED",
      "position": { "x": -2500, "y": 1500, "z": 0 },
      "rotation": { "x": 0, "y": 0, "z": 0 }
    },
    {
      "mode": "DM",
      "position": { "x": -5000, "y": 2187.5, "z": 1200 },
      "rotation": { "x": 0, "y": 0, "z": 1200 }
    },
    {
      "mode": "CP",
      "team": "RED",
      "position": { "x": 4125, "y": 5750, "z": 0 },
      "rotation": { "x": 0, "y": 0, "z": 0 }
    },
    {
      "mode": "CP",
      "team": "BLUE",
      "position": { "x": -750, "y": -2875, "z": 0 },
      "rotation": { "x": 0, "y": 0, "z": 0 }
    },
    {
      "team": "RED",
      "position": { "x": 1000, "y": -1687.5, "z": 0 },
      "rotation": { "x": 0, "y": 0, "z": 0 }
    },
    {
      "mode": "CP",
      "team": "BLUE",
      "position": { "x": 3375, "y": -2500, "z": 0 },
      "rotation": { "x": 0, "y": 0, "z": 0 }
    },
    {
      "mode": "DM",
      "position": { "x": -1500, "y": 0, "z": 0 },
      "rotation": { "x": 0, "y": 0, "z": 0 }
    },
    {
      "mode": "CP",
      "team": "RED",
      "position": { "x": 3375, "y": -2500, "z": 0 },
      "rotation": { "x": 0, "y": 0, "z": 0 }
    },
    {
      "mode": "CP",
      "team": "RED",
      "position": { "x": -5187.5, "y": -2500, "z": 1200 },
      "rotation": { "x": 0, "y": 0, "z": 1200 }
    },
    {
      "team": "RED",
      "position": { "x": -500, "y": 1500, "z": 0 },
      "rotation": { "x": 0, "y": 0, "z": 0 }
    },
    {
      "mode": "CP",
      "team": "BLUE",
      "position": { "x": 8500, "y": 4875, "z": 600 },
      "rotation": { "x": 0, "y": 0, "z": 600 }
    },
    {
      "mode": "DM",
      "position": { "x": 5625, "y": -1875, "z": 0 },
      "rotation": { "x": 0, "y": 0, "z": 0 }
    },
    {
      "mode": "DM",
      "position": { "x": 4000, "y": 6000, "z": 0 },
      "rotation": { "x": 0, "y": 0, "z": 0 }
    },
    {
      "team": "RED",
      "position": { "x": -2500, "y": 1500, "z": 0 },
      "rotation": { "x": 0, "y": 0, "z": 0 }
    },
    {
      "mode": "DM",
      "position": { "x": 2500, "y": -1000, "z": -900 },
      "rotation": { "x": 0, "y": 0, "z": -900 }
    },
    {
      "mode": "CP",
      "team": "RED",
      "position": { "x": 6250, "y": 250, "z": 0 },
      "rotation": { "x": 0, "y": 0, "z": 0 }
    },
    {
      "mode": "DM",
      "position": { "x": 7500, "y": 4000, "z": 600 },
      "rotation": { "x": 0, "y": 0, "z": 600 }
    },
    {
      "mode": "CP",
      "team": "RED",
      "position": { "x": -5562.5, "y": 0, "z": 1200 },
      "rotation": { "x": 0, "y": 0, "z": 1200 }
    },
    {
      "mode": "DM",
      "position": { "x": 8750, "y": 3250, "z": 600 },
      "rotation": { "x": 0, "y": 0, "z": 600 }
    },
    {
      "mode": "CP",
      "team": "RED",
      "position": { "x": -4750, "y": 0, "z": 1200 },
      "rotation": { "x": 0, "y": 0, "z": 1200 }
    },
    {
      "team": "RED",
      "position": { "x": 662.427, "y": 5664.003, "z": 0 },
      "rotation": { "x": 0, "y": 0, "z": 0 }
    },
    {
      "mode": "DM",
      "position": { "x": 1000, "y": 4750, "z": 0 },
      "rotation": { "x": 0, "y": 0, "z": 0 }
    },
    {
      "team": "BLUE",
      "position": { "x": 10000, "y": 3500, "z": 600 },
      "rotation": { "x": 0, "y": 0, "z": 600 }
    }
  ],
  "flags": {
    "RED": {
      "position": { "x": -1750, "y": 0, "z": 0 }
    },
    "BLUE": {
      "position": { "x": 6250, "y": 0, "z": 0 }
    }
  },
  "points": [
    {
      "id": "A",
      "distance": 1000,
      "free": false,
      "position": { "x": 1500, "y": 1000, "z": -300 }
    }
  ],
  "bonuses": [
    {
      "name": "free-bonus",
      "free": true,
      "types": [ "double_armor" ],
      "modes": [ "TDM", "CTF", "CP", "DM" ],
      "parachute": true,
      "position": {
        "min": { "x": 6750, "y": 1250, "z": 1500 },
        "max": { "x": 7250, "y": 1750, "z": 1800 }
      },
      "rotation": { "x": 0, "y": 0, "z": 0 }
    },
    {
      "name": "free-bonus",
      "free": true,
      "types": [ "double_damage", "gold" ],
      "modes": [ "DM", "CTF", "TDM" ],
      "parachute": true,
      "position": {
        "min": { "x": 328.192, "y": 714.974, "z": 1050 },
        "max": { "x": 828.192, "y": 1214.974, "z": 1350 }
      },
      "rotation": { "x": 0, "y": 0, "z": 0 }
    },
    {
      "name": "free-bonus",
      "free": true,
      "types": [ "crystal", "nitro", "gold" ],
      "modes": [ "TDM", "CTF", "CP", "DM" ],
      "parachute": true,
      "position": {
        "min": { "x": -942.873, "y": -1996.35, "z": 1050 },
        "max": { "x": 57.127, "y": -1246.35, "z": 1350 }
      },
      "rotation": { "x": 0, "y": 0, "z": 0 }
    },
    {
      "name": "free-bonus",
      "free": true,
      "types": [ "crystal", "gold" ],
      "modes": [ "TDM", "CTF", "CP", "DM" ],
      "parachute": true,
      "position": {
        "min": { "x": -750, "y": 875, "z": 1200 },
        "max": { "x": -250, "y": 1875, "z": 1500 }
      },
      "rotation": { "x": 0, "y": 0, "z": 0 }
    },
    {
      "name": "free-bonus",
      "free": true,
      "types": [ "double_damage" ],
      "modes": [ "TDM", "CTF", "CP", "DM" ],
      "parachute": true,
      "position": {
        "min": { "x": -3875, "y": -750, "z": 1200 },
        "max": { "x": -3625, "y": -250, "z": 1500 }
      },
      "rotation": { "x": 0, "y": 0, "z": 0 }
    },
    {
      "name": "free-bonus",
      "free": true,
      "types": [ "double_armor" ],
      "modes": [ "TDM", "CTF", "CP", "DM" ],
      "parachute": true,
      "position": {
        "min": { "x": -2500, "y": 1250, "z": 1650 },
        "max": { "x": -2000, "y": 1750, "z": 1950 }
      },
      "rotation": { "x": 0, "y": 0, "z": 0 }
    },
    {
      "name": "free-bonus",
      "free": true,
      "types": [ "crystal", "health", "gold" ],
      "modes": [ "TDM", "CTF", "CP", "DM" ],
      "parachute": true,
      "position": {
        "min": { "x": 1738.425, "y": 2677.29, "z": 1050 },
        "max": { "x": 2238.425, "y": 3177.29, "z": 1350 }
      },
      "rotation": { "x": 0, "y": 0, "z": 0 }
    },
    {
      "name": "free-bonus",
      "free": true,
      "types": [ "double_armor" ],
      "modes": [ "DM", "CTF", "TDM" ],
      "parachute": true,
      "position": {
        "min": { "x": 2145.694, "y": -73.787, "z": 600 },
        "max": { "x": 2645.694, "y": 426.213, "z": 900 }
      },
      "rotation": { "x": 0, "y": 0, "z": 0 }
    },
    {
      "name": "free-bonus",
      "free": true,
      "types": [ "gold" ],
      "modes": [ "TDM", "CTF", "CP", "DM" ],
      "parachute": true,
      "position": {
        "min": { "x": 4270.321, "y": -1742.954, "z": 1200 },
        "max": { "x": 4770.321, "y": -1242.954, "z": 1500 }
      },
      "rotation": { "x": 0, "y": 0, "z": 0 }
    },
    {
      "name": "free-bonus",
      "free": true,
      "types": [ "nitro" ],
      "modes": [ "TDM", "CTF", "CP", "DM" ],
      "parachute": true,
      "position": {
        "min": { "x": -3250, "y": 1250, "z": 1800 },
        "max": { "x": -2750, "y": 1750, "z": 2100 }
      },
      "rotation": { "x": 0, "y": 0, "z": 0 }
    },
    {
      "name": "free-bonus",
      "free": true,
      "types": [ "nitro" ],
      "modes": [ "TDM", "CTF", "CP", "DM" ],
      "parachute": true,
      "position": {
        "min": { "x": 6340.498, "y": 3754.311, "z": 1500 },
        "max": { "x": 6840.498, "y": 4254.311, "z": 1800 }
      },
      "rotation": { "x": 0, "y": 0, "z": 0 }
    },
    {
      "name": "free-bonus",
      "free": true,
      "types": [ "double_damage" ],
      "modes": [ "TDM", "CTF", "CP", "DM" ],
      "parachute": true,
      "position": {
        "min": { "x": 57.111, "y": 3140.719, "z": 900 },
        "max": { "x": 807.111, "y": 3890.719, "z": 1200 }
      },
      "rotation": { "x": 0, "y": 0, "z": 0 }
    },
    {
      "name": "free-bonus",
      "free": true,
      "types": [ "gold" ],
      "modes": [ "TDM", "CTF", "CP", "DM" ],
      "parachute": true,
      "position": {
        "min": { "x": -875, "y": 2625, "z": 1500 },
        "max": { "x": -375, "y": 3375, "z": 1800 }
      },
      "rotation": { "x": 0, "y": 0, "z": 0 }
    },
    {
      "name": "free-bonus",
      "free": true,
      "types": [ "crystal", "gold" ],
      "modes": [ "TDM", "CTF", "CP", "DM" ],
      "parachute": true,
      "position": {
        "min": { "x": 1875, "y": -1250, "z": 1200 },
        "max": { "x": 2625, "y": -750, "z": 1500 }
      },
      "rotation": { "x": 0, "y": 0, "z": 0 }
    },
    {
      "name": "free-bonus",
      "free": true,
      "types": [ "crystal", "double_damage", "gold" ],
      "modes": [ "TDM", "CTF", "CP", "DM" ],
      "parachute": true,
      "position": {
        "min": { "x": 4123.344, "y": 2289.966, "z": 900 },
        "max": { "x": 5123.344, "y": 3289.966, "z": 1200 }
      },
      "rotation": { "x": 0, "y": 0, "z": 0 }
    },
    {
      "name": "free-bonus",
      "free": true,
      "types": [ "crystal", "gold" ],
      "modes": [ "DM", "CTF", "TDM" ],
      "parachute": true,
      "position": {
        "min": { "x": 1075, "y": 575, "z": 1275 },
        "max": { "x": 1925, "y": 1425, "z": 1875 }
      },
      "rotation": { "x": 0, "y": 0, "z": 0 }
    }
  ]
}
