{
  "id": "dictator",
  "index": 19,

  "name": {
    "en": "Dictator",
    "ru": "Диктатор"
  },
  "description": {
    "en": "Because of improved active defense system and usage of newest composite materials, this armor effectively absorbs energy of an impact of almost any caliber gun. With Dictator you can fight on the front line of any battle. Being one of the fastest and best protected hulls in the game, Dictator is large which makes it an easy target.",
    "ru": "Благодаря усовершенствованной системе активной защиты и применению новейших композитных материалов данный корпус эффективно поглощает энергию взрыва снаряда любого калибра. Обладатель такого корпуса может смело вести товарищей в атаку, принимая основной удар на себя. Будучи одним из самых быстрых и защищённых, этот корпус имеет большие габариты, что делает его лёгкой мишенью для врага."
  },

  "baseItemId": 904690,

  "modifications": {
    "0": {
      "previewResourceId": 904690,
      "object3ds": 931026,

      "rank": 4,
      "price": 400,

      "properties": [
        { "property": "HULL_ARMOR", "value": 1500 },
        { "property": "HULL_SPEED", "value": 7.00 },
        { "property": "HULL_TURN_SPEED", "value": 89 },
        { "property": "HULL_MASS", "value": 2410 },
        {
          "property": "HULL_POWER",
          "properties": [
            { "property": "HULL_ACCELERATION", "value": 10 }
          ]
        }
      ],

      "physics": {
        "speed": 7,
        "turnSpeed": 1.553343,
        "acceleration": 10.9,
        "reverseAcceleration": 13.53,
        "sideAcceleration": 10.53,
        "turnAcceleration": 1.9107865,
        "reverseTurnAcceleration": 3.8030725,
        "damping": 2500,
        "mass": 2410,
        "power": 10.9
      }
    },
    "1": {
      "previewResourceId": 486892,
      "object3ds": 6338,

      "rank": 11,
      "price": 16550,

      "properties": [
        { "property": "HULL_ARMOR", "value": 2100 },
        { "property": "HULL_SPEED", "value": 7.30 },
        { "property": "HULL_TURN_SPEED", "value": 103.3 },
        { "property": "HULL_MASS", "value": 2722 },
        {
          "property": "HULL_POWER",
          "properties": [
            { "property": "HULL_ACCELERATION", "value": 12 }
          ]
        }
      ],

      "physics": {
        "speed": 7.3,
        "turnSpeed": 1.8029252,
        "acceleration": 12.33,
        "reverseAcceleration": 15.44,
        "sideAcceleration": 12.44,
        "turnAcceleration": 2.036101,
        "reverseTurnAcceleration": 4.30468,
        "damping": 2500,
        "mass": 2722,
        "power": 12.33
      }
    },
    "2": {
      "previewResourceId": 55428,
      "object3ds": 890676,

      "rank": 18,
      "price": 78550,

      "properties": [
        { "property": "HULL_ARMOR", "value": 2600 },
        { "property": "HULL_SPEED", "value": 7.70 },
        { "property": "HULL_TURN_SPEED", "value": 117.7 },
        { "property": "HULL_MASS", "value": 3033 },
        {
          "property": "HULL_POWER",
          "properties": [
            { "property": "HULL_ACCELERATION", "value": 13 }
          ]
        }
      ],

      "physics": {
        "speed": 7.7,
        "turnSpeed": 2.0542524,
        "acceleration": 13.77,
        "reverseAcceleration": 17.36,
        "sideAcceleration": 14.36,
        "turnAcceleration": 2.149373,
        "reverseTurnAcceleration": 4.8061132,
        "damping": 2500,
        "mass": 3033,
        "power": 13.77
      }
    },
    "3": {
      "previewResourceId": 64819,
      "object3ds": 802804,

      "rank": 26,
      "price": 220000,

      "properties": [
        { "property": "HULL_ARMOR", "value": 3000 },
        { "property": "HULL_SPEED", "value": 8.00 },
        { "property": "HULL_TURN_SPEED", "value": 130 },
        { "property": "HULL_MASS", "value": 3300 },
        {
          "property": "HULL_POWER",
          "properties": [
            { "property": "HULL_ACCELERATION", "value": 15 }
          ]
        }
      ],

      "physics": {
        "speed": 8,
        "turnSpeed": 2.268928,
        "acceleration": 15,
        "reverseAcceleration": 19,
        "sideAcceleration": 16,
        "turnAcceleration": 2.268928,
        "reverseTurnAcceleration": 5.2359877,
        "damping": 2500,
        "mass": 3300,
        "power": 15
      }
    }
  }
}
