{
  "id": "titan",
  "index": 21,

  "name": {
    "en": "Titan",
    "ru": "Титан"
  },
  "description": {
    "en": "Titan alloy armor plates combined with special geometry make this hull highly effective even against large-caliber weapons. With Titan, you can plunge into the thick of a battle without any hesitation. Please note that due to low speed this hull is not suitable for fast attacks behind enemy lines.",
    "ru": "Броня из сверхпрочного титанового сплава вкупе с грамотно спроектированной геометрией позволяет данному корпусу отлично противостоять даже крупнокалиберным пушкам. Танк, оборудованный данным корпусом, может без раздумий отправляться в самое пекло. Следует отметить, что из-за низкой скорости этот корпус непригоден для быстрых атак в тыл врага."
  },

  "baseItemId": 882375,

  "modifications": {
    "0": {
      "previewResourceId": 882375,
      "object3ds": 819540,

      "rank": 3,
      "price": 300,

      "properties": [
        { "property": "HULL_ARMOR", "value": 2000 },
        { "property": "HULL_SPEED", "value": 5.30 },
        { "property": "HULL_TURN_SPEED", "value": 55.7 },
        { "property": "HULL_MASS", "value": 3571 },
        {
          "property": "HULL_POWER",
          "properties": [
            { "property": "HULL_ACCELERATION", "value": 11 }
          ]
        }
      ],

      "physics": {
        "speed": 5.3,
        "turnSpeed": 0.9721484,
        "acceleration": 11.71,
        "reverseAcceleration": 11.28,
        "sideAcceleration": 12.85,
        "turnAcceleration": 1.296256,
        "reverseTurnAcceleration": 3.1909854,
        "damping": 2100,
        "mass": 3571,
        "power": 11.71
      }
    },
    "1": {
      "previewResourceId": 511249,
      "object3ds": 385322,

      "rank": 10,
      "price": 12100,

      "properties": [
        { "property": "HULL_ARMOR", "value": 2750 },
        { "property": "HULL_SPEED", "value": 5.50 },
        { "property": "HULL_TURN_SPEED", "value": 67.1 },
        { "property": "HULL_MASS", "value": 4047 },
        {
          "property": "HULL_POWER",
          "properties": [
            { "property": "HULL_ACCELERATION", "value": 13 }
          ]
        }
      ],

      "physics": {
        "speed": 5.5,
        "turnSpeed": 1.1711159,
        "acceleration": 13.14,
        "reverseAcceleration": 13.19,
        "sideAcceleration": 15.23,
        "turnAcceleration": 1.5041248,
        "reverseTurnAcceleration": 3.5236452,
        "damping": 2100,
        "mass": 4047,
        "power": 13.14
      }
    },
    "2": {
      "previewResourceId": 372034,
      "object3ds": 175994,

      "rank": 17,
      "price": 70500,

      "properties": [
        { "property": "HULL_ARMOR", "value": 3350 },
        { "property": "HULL_SPEED", "value": 5.80 },
        { "property": "HULL_TURN_SPEED", "value": 78.6 },
        { "property": "HULL_MASS", "value": 4524 },
        {
          "property": "HULL_POWER",
          "properties": [
            { "property": "HULL_ACCELERATION", "value": 14 }
          ]
        }
      ],

      "physics": {
        "speed": 5.8,
        "turnSpeed": 1.3718288,
        "acceleration": 14.57,
        "reverseAcceleration": 15.09,
        "sideAcceleration": 17.62,
        "turnAcceleration": 1.7119935,
        "reverseTurnAcceleration": 3.8561306,
        "damping": 2100,
        "mass": 4524,
        "power": 14.57
      }
    },
    "3": {
      "previewResourceId": 185908,
      "object3ds": 142350,

      "rank": 25,
      "price": 210000,

      "properties": [
        { "property": "HULL_ARMOR", "value": 4000 },
        { "property": "HULL_SPEED", "value": 6.00 },
        { "property": "HULL_TURN_SPEED", "value": 90 },
        { "property": "HULL_MASS", "value": 5000 },
        {
          "property": "HULL_POWER",
          "properties": [
            { "property": "HULL_ACCELERATION", "value": 16 }
          ]
        }
      ],

      "physics": {
        "speed": 6,
        "turnSpeed": 1.5707964,
        "acceleration": 16,
        "reverseAcceleration": 17,
        "sideAcceleration": 20,
        "turnAcceleration": 1.9198622,
        "reverseTurnAcceleration": 4.1887903,
        "damping": 2100,
        "mass": 5000,
        "power": 16
      }
    }
  }
}
