{
  "id": "viking",
  "index": 20,

  "name": {
    "en": "Viking",
    "ru": "Викинг"
  },
  "description": {
    "en": "This armor incorporates all modern military technologies. Reinforced armor and «Type 2» engine make Viking one of the most versatile hulls. Attack the enemy or cover your teammates – this hull will prove itself as a good and trustful one in any situation.",
    "ru": "Этот корпус воплощает в себе все самые современные наработки военной инженерии. Усиленная броня и гусеничная система второго поколения делают его великолепным универсалом. Корпус прекрасно подходит для решения любых боевых задач — от удержания высоты до лобовой атаки."
  },

  "baseItemId": 730749,

  "modifications": {
    "0": {
      "previewResourceId": 730749,
      "object3ds": 513347,

      "rank": 7,
      "price": 700,

      "properties": [
        { "property": "HULL_ARMOR", "value": 1500 },
        { "property": "HULL_SPEED", "value": 7.80 },
        { "property": "HULL_TURN_SPEED", "value": 80.6 },
        { "property": "HULL_MASS", "value": 2235 },
        {
          "property": "HULL_POWER",
          "properties": [
            { "property": "HULL_ACCELERATION", "value": 12 }
          ]
        }
      ],
      "physics": {
        "speed": 7.8,
        "turnSpeed": 1.4067353,
        "acceleration": 12.88,
        "reverseAcceleration": 13.53,
        "sideAcceleration": 16.19,
        "turnAcceleration": 2.3848178,
        "reverseTurnAcceleration": 3.3674383,
        "damping": 2000,
        "mass": 2235,
        "power": 12.88
      }
    },
    "1": {
      "previewResourceId": 500013,
      "object3ds": 347843,

      "rank": 14,
      "price": 29900,

      "properties": [
        { "property": "HULL_ARMOR", "value": 2100 },
        { "property": "HULL_SPEED", "value": 8.30 },
        { "property": "HULL_TURN_SPEED", "value": 92.7 },
        { "property": "HULL_MASS", "value": 2550 },
        {
          "property": "HULL_POWER",
          "properties": [
            { "property": "HULL_ACCELERATION", "value": 14 }
          ]
        }
      ],

      "physics": {
        "speed": 8.3,
        "turnSpeed": 1.6179202,
        "acceleration": 14.58,
        "reverseAcceleration": 17.23,
        "sideAcceleration": 16.19,
        "turnAcceleration": 2.5527184,
        "reverseTurnAcceleration": 3.7056832,
        "damping": 2000,
        "mass": 2550,
        "power": 14.58
      }
    },
    "2": {
      "previewResourceId": 914016,
      "object3ds": 153457,

      "rank": 21,
      "price": 102700,

      "properties": [
        { "property": "HULL_ARMOR", "value": 2600 },
        { "property": "HULL_SPEED", "value": 8.80 },
        { "property": "HULL_TURN_SPEED", "value": 104.8 },
        { "property": "HULL_MASS", "value": 2865 },
        {
          "property": "HULL_POWER",
          "properties": [
            { "property": "HULL_ACCELERATION", "value": 16 }
          ]
        }
      ],

      "physics": {
        "speed": 8.8,
        "turnSpeed": 1.8291051,
        "acceleration": 16.27,
        "reverseAcceleration": 19.17,
        "sideAcceleration": 18.86,
        "turnAcceleration": 2.7206194,
        "reverseTurnAcceleration": 4.0439277,
        "damping": 2000,
        "mass": 2865,
        "power": 16.27
      }
    },
    "3": {
      "previewResourceId": 832320,
      "object3ds": 937522,

      "rank": 29,
      "price": 250000,

      "properties": [
        { "property": "HULL_ARMOR", "value": 3000 },
        { "property": "HULL_SPEED", "value": 9.00 },
        { "property": "HULL_TURN_SPEED", "value": 110 },
        { "property": "HULL_MASS", "value": 3000 },
        {
          "property": "HULL_POWER",
          "properties": [
            { "property": "HULL_ACCELERATION", "value": 17 }
          ]
        }
      ],

      "physics": {
        "speed": 9.0,
        "turnSpeed": 1.9198622,
        "acceleration": 17.0,
        "reverseAcceleration": 20.0,
        "sideAcceleration": 20.0,
        "turnAcceleration": 2.7925267,
        "reverseTurnAcceleration": 4.1887903,
        "damping": 2000,
        "mass": 3000,
        "power": 17.0
      }
    }
  }
}
