{
  "id": "wasp",
  "index": 16,

  "name": {
    "en": "Wasp",
    "ru": "Васп"
  },
  "description": {
    "en": "Lightweight, economical, easy to operate – Wasp is a perfect hull for beginners. Upgraded wasp can reach fairly high speed, which in combination with small size gives the freedom of action on the battlefield. Because of low weight, Wasp can easily be rolled over by an enemy’s gunfire.",
    "ru": "Легкий, экономичный, простой в эксплуатации — идеальный корпус начального уровня. После прокачки позволяет развивать довольно большую скорость, что в сочетании с небольшими габаритами даёт свободу действий на поле боя. Из-за небольшой массы подвержен переворотам от ударов мощного вражеского оружия."
  },

  "baseItemId": 629496,

  "modifications": {
    "0": {
      "previewResourceId": 629496,
      "object3ds": 160287,

      "rank": 2,
      "price": 200,

      "properties": [
        { "property": "HULL_ARMOR", "value": 1000 },
        { "property": "HULL_SPEED", "value": 10.80 },
        { "property": "HULL_TURN_SPEED", "value": 93.9 },
        { "property": "HULL_MASS", "value": 1376 },
        {
          "property": "HULL_POWER",
          "properties": [
            { "property": "HULL_ACCELERATION", "value": 9 }
          ]
        }
      ],

      "physics": {
        "speed": 10.8,
        "turnSpeed": 1.6388642,
        "acceleration": 9.4,
        "reverseAcceleration": 13.26,
        "sideAcceleration": 17.27,
        "turnAcceleration": 2.968107,
        "reverseTurnAcceleration": 5.0204396,
        "damping": 900,
        "mass": 1376,
        "power": 9.47
      }
    },
    "1": {
      "previewResourceId": 265425,
      "object3ds": 557817,

      "rank": 9,
      "price": 7650,

      "properties": [
        { "property": "HULL_ARMOR", "value": 1375 },
        { "property": "HULL_SPEED", "value": 11.50 },
        { "property": "HULL_TURN_SPEED", "value": 111.7 },
        { "property": "HULL_MASS", "value": 1638 },
        {
          "property": "HULL_POWER",
          "properties": [
            { "property": "HULL_ACCELERATION", "value": 10 }
          ]
        }
      ],

      "physics": {
        "speed": 11.85,
        "turnSpeed": 1.9495327,
        "acceleration": 10.5,
        "reverseAcceleration": 14.45,
        "sideAcceleration": 19.41,
        "turnAcceleration": 3.1344368,
        "reverseTurnAcceleration": 5.477716,
        "damping": 900,
        "mass": 1638,
        "power": 10.55
      }
    },
    "2": {
      "previewResourceId": 67263,
      "object3ds": 653204,

      "rank": 16,
      "price": 62450,

      "properties": [
        { "property": "HULL_ARMOR", "value": 1750 },
        { "property": "HULL_SPEED", "value": 12.20 },
        { "property": "HULL_TURN_SPEED", "value": 129.6 },
        { "property": "HULL_MASS", "value": 1901 },
        {
          "property": "HULL_POWER",
          "properties": [
            { "property": "HULL_ACCELERATION", "value": 11 }
          ]
        }
      ],

      "physics": {
        "speed": 12.20,
        "turnSpeed": 2.261947,
        "acceleration": 11.69,
        "reverseAcceleration": 15.64,
        "sideAcceleration": 21.567778,
        "turnAcceleration": 3.3005922,
        "reverseTurnAcceleration": 5.935167,
        "damping": 900,
        "mass": 1901,
        "power": 11.87
      }
    },
    "3": {
      "previewResourceId": 923853,
      "object3ds": 20647,

      "rank": 24,
      "price": 200000,

      "properties": [
        { "property": "HULL_ARMOR", "value": 2000 },
        { "property": "HULL_SPEED", "value": 13.00 },
        { "property": "HULL_TURN_SPEED", "value": 150 },
        { "property": "HULL_MASS", "value": 2200 },
        {
          "property": "HULL_POWER",
          "properties": [
            { "property": "HULL_ACCELERATION", "value": 13 }
          ]
        }
      ],

      "physics": {
        "speed": 13.0,
        "turnSpeed": 2.6179938,
        "acceleration": 13.0,
        "reverseAcceleration": 17,
        "sideAcceleration": 24,
        "turnAcceleration": 3.4906585,
        "reverseTurnAcceleration": 6.4577184,
        "damping": 900,
        "mass": 2200,
        "power": 13.0
      }
    }
  }
}
