{
  "name": "map_madness_space",
  "theme": "space",

  "id": 518628,
  "preview": 678652,

  "visual": {
    "angleX": -1,
    "angleZ": -0.5,

    "lightColor": 13090219,
    "shadowColor": 5530735,

    "fogAlpha": 0,
    "fogColor": 10543615,

    "farLimit": 10000,
    "nearLimit": 5000,

    "gravity": 500,
    "skyboxRevolutionSpeed": 0.015,
    "ssaoColor": 2045258,

    "dustAlpha": 0.75,
    "dustDensity": 0.15000000596046448,
    "dustFarDistance": 7000,
    "dustNearDistance": 5000,
    "dustParticle": "summer",
    "dustSize": 200
  },
  "skybox": "Space",
  "resources": {
    "proplibs": [
      "Bush",
      "Defense",
      "Exterior",
      "Passage",
      "Promotion"
    ],
    "map": { "id": 518628, "version": 1 }
  },
  "spawnPoints": [
    {
      "mode": "DM",
      "position": { "x": -3250, "y": -1750, "z": 1200 },
      "rotation": { "x": 0, "y": 0, "z": 1200 }
    },
    {
      "mode": "CP",
      "point": "E",
      "position": { "x": -1000, "y": 250, "z": -3600 },
      "rotation": { "x": 0, "y": 0, "z": -3600 }
    },
    {
      "mode": "CP",
      "point": "D",
      "position": { "x": 7125, "y": 1500, "z": -3900 },
      "rotation": { "x": 0, "y": 0, "z": -3900 }
    },
    {
      "team": "BLUE",
      "position": { "x": 2250, "y": 2250, "z": 900 },
      "rotation": { "x": 0, "y": 0, "z": 900 }
    },
    {
      "mode": "CP",
      "point": "D",
      "position": { "x": -500, "y": -5750, "z": -3900 },
      "rotation": { "x": 0, "y": 0, "z": -3900 }
    },
    {
      "mode": "DM",
      "position": { "x": 5750, "y": -750, "z": 2100 },
      "rotation": { "x": 0, "y": 0, "z": 2100 }
    },
    {
      "team": "BLUE",
      "position": { "x": -4250, "y": -1250, "z": 1200 },
      "rotation": { "x": 0, "y": 0, "z": 1200 }
    },
    {
      "mode": "DM",
      "position": { "x": 3250, "y": 4750, "z": 900 },
      "rotation": { "x": 0, "y": 0, "z": 900 }
    },
    {
      "mode": "DM",
      "position": { "x": -1500, "y": 5000, "z": 2700 },
      "rotation": { "x": 0, "y": 0, "z": 2700 }
    },
    {
      "mode": "DM",
      "position": { "x": -3750, "y": -2000, "z": 2400 },
      "rotation": { "x": 0, "y": 0, "z": 2400 }
    },
    {
      "team": "BLUE",
      "position": { "x": -2250, "y": -5750, "z": 2100 },
      "rotation": { "x": 0, "y": 0, "z": 2100 }
    },
    {
      "mode": "DM",
      "position": { "x": -4250, "y": -1750, "z": 1200 },
      "rotation": { "x": 0, "y": 0, "z": 1200 }
    },
    {
      "team": "RED",
      "position": { "x": -750, "y": -5750, "z": 2100 },
      "rotation": { "x": 0, "y": 0, "z": 2100 }
    },
    {
      "team": "BLUE",
      "position": { "x": -250, "y": 2750, "z": 1800 },
      "rotation": { "x": 0, "y": 0, "z": 1800 }
    },
    {
      "mode": "DM",
      "position": { "x": -2750, "y": -1750, "z": 1200 },
      "rotation": { "x": 0, "y": 0, "z": 1200 }
    },
    {
      "mode": "DM",
      "position": { "x": -2750, "y": -2750, "z": 1200 },
      "rotation": { "x": 0, "y": 0, "z": 1200 }
    },
    {
      "team": "BLUE",
      "position": { "x": 2750, "y": 750, "z": 1500 },
      "rotation": { "x": 0, "y": 0, "z": 1500 }
    },
    {
      "mode": "CP",
      "point": "F",
      "position": { "x": 5375, "y": -5125, "z": -3900 },
      "rotation": { "x": 0, "y": 0, "z": -3900 }
    },
    {
      "mode": "DM",
      "position": { "x": -750, "y": 2750, "z": 1800 },
      "rotation": { "x": 0, "y": 0, "z": 1800 }
    },
    {
      "team": "RED",
      "position": { "x": -2750, "y": -5250, "z": 2100 },
      "rotation": { "x": 0, "y": 0, "z": 2100 }
    },
    {
      "team": "RED",
      "position": { "x": -6000, "y": -2000, "z": 2400 },
      "rotation": { "x": 0, "y": 0, "z": 2400 }
    },
    {
      "mode": "CP",
      "point": "F",
      "position": { "x": 5500, "y": -3500, "z": -3900 },
      "rotation": { "x": 0, "y": 0, "z": -3900 }
    },
    {
      "mode": "DM",
      "position": { "x": -3250, "y": -3750, "z": 3300 },
      "rotation": { "x": 0, "y": 0, "z": 3300 }
    },
    {
      "mode": "DM",
      "position": { "x": -500, "y": 250, "z": 300 },
      "rotation": { "x": 0, "y": 0, "z": 300 }
    },
    {
      "mode": "DM",
      "position": { "x": 6250, "y": 750, "z": 2100 },
      "rotation": { "x": 0, "y": 0, "z": 2100 }
    },
    {
      "mode": "CP",
      "point": "E",
      "position": { "x": 1750, "y": -2625, "z": -3600 },
      "rotation": { "x": 0, "y": 0, "z": -3600 }
    },
    {
      "mode": "CP",
      "point": "F",
      "position": { "x": 4500, "y": -5000, "z": -3900 },
      "rotation": { "x": 0, "y": 0, "z": -3900 }
    },
    {
      "team": "RED",
      "position": { "x": -4250, "y": 3250, "z": 1200 },
      "rotation": { "x": 0, "y": 0, "z": 1200 }
    },
    {
      "team": "BLUE",
      "position": { "x": -3750, "y": -2750, "z": 1200 },
      "rotation": { "x": 0, "y": 0, "z": 1200 }
    },
    {
      "mode": "CP",
      "point": "E",
      "position": { "x": 1000, "y": 1875, "z": -3600 },
      "rotation": { "x": 0, "y": 0, "z": -3600 }
    },
    {
      "mode": "DM",
      "position": { "x": 1750, "y": 750, "z": 1200 },
      "rotation": { "x": 0, "y": 0, "z": 1200 }
    },
    {
      "mode": "DM",
      "position": { "x": 6250, "y": 3250, "z": 900 },
      "rotation": { "x": 0, "y": 0, "z": 900 }
    },
    {
      "mode": "DM",
      "position": { "x": 4250, "y": 4250, "z": 900 },
      "rotation": { "x": 0, "y": 0, "z": 900 }
    },
    {
      "mode": "CP",
      "point": "E",
      "position": { "x": 3500, "y": 0, "z": -3600 },
      "rotation": { "x": 0, "y": 0, "z": -3600 }
    },
    {
      "team": "BLUE",
      "position": { "x": -250, "y": -5500, "z": 2100 },
      "rotation": { "x": 0, "y": 0, "z": 2100 }
    },
    {
      "team": "BLUE",
      "position": { "x": 5750, "y": -1250, "z": 2100 },
      "rotation": { "x": 0, "y": 0, "z": 2100 }
    },
    {
      "mode": "CP",
      "point": "G",
      "position": { "x": -4125, "y": 5500, "z": -3900 },
      "rotation": { "x": 0, "y": 0, "z": -3900 }
    },
    {
      "team": "BLUE",
      "position": { "x": -6250, "y": 1250, "z": 1200 },
      "rotation": { "x": 0, "y": 0, "z": 1200 }
    },
    {
      "mode": "DM",
      "position": { "x": 6250, "y": -1750, "z": 600 },
      "rotation": { "x": 0, "y": 0, "z": 600 }
    },
    {
      "team": "RED",
      "position": { "x": -5250, "y": 1250, "z": 1200 },
      "rotation": { "x": 0, "y": 0, "z": 1200 }
    },
    {
      "mode": "DM",
      "position": { "x": -4750, "y": 1750, "z": 1200 },
      "rotation": { "x": 0, "y": 0, "z": 1200 }
    },
    {
      "mode": "DM",
      "position": { "x": -1250, "y": -5250, "z": 2100 },
      "rotation": { "x": 0, "y": 0, "z": 2100 }
    },
    {
      "team": "BLUE",
      "position": { "x": -3750, "y": -1750, "z": 2400 },
      "rotation": { "x": 0, "y": 0, "z": 2400 }
    },
    {
      "team": "BLUE",
      "position": { "x": 6250, "y": 3250, "z": 900 },
      "rotation": { "x": 0, "y": 0, "z": 900 }
    },
    {
      "mode": "DM",
      "position": { "x": -1750, "y": -5750, "z": 2100 },
      "rotation": { "x": 0, "y": 0, "z": 2100 }
    },
    {
      "mode": "DM",
      "position": { "x": -1750, "y": -4250, "z": 3300 },
      "rotation": { "x": 0, "y": 0, "z": 3300 }
    },
    {
      "mode": "DM",
      "position": { "x": -750, "y": 4750, "z": 0 },
      "rotation": { "x": 0, "y": 0, "z": 0 }
    },
    {
      "mode": "DM",
      "position": { "x": -4250, "y": -250, "z": 1200 },
      "rotation": { "x": 0, "y": 0, "z": 1200 }
    },
    {
      "team": "RED",
      "position": { "x": -6750, "y": -250, "z": 2400 },
      "rotation": { "x": 0, "y": 0, "z": 2400 }
    },
    {
      "mode": "DM",
      "position": { "x": 2750, "y": -750, "z": 1800 },
      "rotation": { "x": 0, "y": 0, "z": 1800 }
    },
    {
      "team": "BLUE",
      "position": { "x": -2750, "y": 2750, "z": 2700 },
      "rotation": { "x": 0, "y": 0, "z": 2700 }
    },
    {
      "mode": "DM",
      "position": { "x": 6250, "y": 1250, "z": 1500 },
      "rotation": { "x": 0, "y": 0, "z": 1500 }
    },
    {
      "team": "BLUE",
      "position": { "x": -4250, "y": 4750, "z": 1200 },
      "rotation": { "x": 0, "y": 0, "z": 1200 }
    },
    {
      "mode": "DM",
      "position": { "x": 1750, "y": 2250, "z": 900 },
      "rotation": { "x": 0, "y": 0, "z": 900 }
    },
    {
      "mode": "CP",
      "point": "F",
      "position": { "x": 7125, "y": -2000, "z": -3900 },
      "rotation": { "x": 0, "y": 0, "z": -3900 }
    },
    {
      "mode": "DM",
      "position": { "x": -2250, "y": -4250, "z": 3300 },
      "rotation": { "x": 0, "y": 0, "z": 3300 }
    },
    {
      "team": "RED",
      "position": { "x": 3250, "y": -1750, "z": 1800 },
      "rotation": { "x": 0, "y": 0, "z": 1800 }
    },
    {
      "team": "BLUE",
      "position": { "x": -7500, "y": -2000, "z": 2400 },
      "rotation": { "x": 0, "y": 0, "z": 2400 }
    },
    {
      "mode": "CP",
      "point": "G",
      "position": { "x": -3750, "y": 4625, "z": -3900 },
      "rotation": { "x": 0, "y": 0, "z": -3900 }
    },
    {
      "mode": "DM",
      "position": { "x": -2250, "y": -2250, "z": 1200 },
      "rotation": { "x": 0, "y": 0, "z": 1200 }
    },
    {
      "mode": "DM",
      "position": { "x": -750, "y": 1750, "z": 300 },
      "rotation": { "x": 0, "y": 0, "z": 300 }
    },
    {
      "team": "RED",
      "position": { "x": -3250, "y": -1250, "z": 1200 },
      "rotation": { "x": 0, "y": 0, "z": 1200 }
    },
    {
      "mode": "DM",
      "position": { "x": 3250, "y": 3750, "z": 900 },
      "rotation": { "x": 0, "y": 0, "z": 900 }
    },
    {
      "mode": "DM",
      "position": { "x": -250, "y": 2250, "z": 300 },
      "rotation": { "x": 0, "y": 0, "z": 300 }
    },
    {
      "mode": "DM",
      "position": { "x": -2250, "y": -3250, "z": 1200 },
      "rotation": { "x": 0, "y": 0, "z": 1200 }
    },
    {
      "mode": "DM",
      "position": { "x": -750, "y": 2250, "z": 1800 },
      "rotation": { "x": 0, "y": 0, "z": 1800 }
    },
    {
      "team": "RED",
      "position": { "x": -3250, "y": -1750, "z": 2400 },
      "rotation": { "x": 0, "y": 0, "z": 2400 }
    },
    {
      "mode": "CP",
      "point": "D",
      "position": { "x": 4000, "y": 5250, "z": -3900 },
      "rotation": { "x": 0, "y": 0, "z": -3900 }
    },
    {
      "mode": "DM",
      "position": { "x": 2750, "y": -1250, "z": 1800 },
      "rotation": { "x": 0, "y": 0, "z": 1800 }
    },
    {
      "mode": "DM",
      "position": { "x": -3750, "y": -3250, "z": 1200 },
      "rotation": { "x": 0, "y": 0, "z": 1200 }
    },
    {
      "team": "RED",
      "position": { "x": 1750, "y": 250, "z": 1200 },
      "rotation": { "x": 0, "y": 0, "z": 1200 }
    },
    {
      "team": "RED",
      "position": { "x": 6250, "y": -2750, "z": 600 },
      "rotation": { "x": 0, "y": 0, "z": 600 }
    },
    {
      "mode": "DM",
      "position": { "x": -3250, "y": 4750, "z": 1200 },
      "rotation": { "x": 0, "y": 0, "z": 1200 }
    },
    {
      "mode": "DM",
      "position": { "x": -3750, "y": -1250, "z": 1200 },
      "rotation": { "x": 0, "y": 0, "z": 1200 }
    },
    {
      "team": "BLUE",
      "position": { "x": 6250, "y": -1750, "z": 600 },
      "rotation": { "x": 0, "y": 0, "z": 600 }
    },
    {
      "team": "RED",
      "position": { "x": 3250, "y": -3750, "z": 2400 },
      "rotation": { "x": 0, "y": 0, "z": 2400 }
    },
    {
      "team": "RED",
      "position": { "x": 6250, "y": 3750, "z": 900 },
      "rotation": { "x": 0, "y": 0, "z": 900 }
    },
    {
      "mode": "DM",
      "position": { "x": 4750, "y": -4250, "z": 600 },
      "rotation": { "x": 0, "y": 0, "z": 600 }
    },
    {
      "mode": "DM",
      "position": { "x": 1750, "y": -4250, "z": 1500 },
      "rotation": { "x": 0, "y": 0, "z": 1500 }
    },
    {
      "mode": "DM",
      "position": { "x": -250, "y": -4250, "z": 1500 },
      "rotation": { "x": 0, "y": 0, "z": 1500 }
    },
    {
      "mode": "CP",
      "point": "D",
      "position": { "x": -4375, "y": 1875, "z": -3900 },
      "rotation": { "x": 0, "y": 0, "z": -3900 }
    },
    {
      "mode": "DM",
      "position": { "x": 1250, "y": -3750, "z": 1500 },
      "rotation": { "x": 0, "y": 0, "z": 1500 }
    },
    {
      "mode": "DM",
      "position": { "x": -6250, "y": -1250, "z": 2400 },
      "rotation": { "x": 0, "y": 0, "z": 2400 }
    },
    {
      "mode": "DM",
      "position": { "x": -3250, "y": -250, "z": 1200 },
      "rotation": { "x": 0, "y": 0, "z": 1200 }
    },
    {
      "mode": "CP",
      "point": "G",
      "position": { "x": -2875, "y": 5375, "z": -3900 },
      "rotation": { "x": 0, "y": 0, "z": -3900 }
    },
    {
      "mode": "DM",
      "position": { "x": -5750, "y": -1750, "z": 2400 },
      "rotation": { "x": 0, "y": 0, "z": 2400 }
    },
    {
      "team": "RED",
      "position": { "x": -1500, "y": 750, "z": 1200 },
      "rotation": { "x": 0, "y": 0, "z": 1200 }
    },
    {
      "mode": "DM",
      "position": { "x": 6250, "y": -1250, "z": 2100 },
      "rotation": { "x": 0, "y": 0, "z": 2100 }
    },
    {
      "mode": "DM",
      "position": { "x": -750, "y": 5250, "z": 2700 },
      "rotation": { "x": 0, "y": 0, "z": 2700 }
    },
    {
      "team": "RED",
      "position": { "x": -2250, "y": 1750, "z": 2700 },
      "rotation": { "x": 0, "y": 0, "z": 2700 }
    },
    {
      "team": "RED",
      "position": { "x": -2750, "y": -4250, "z": 3300 },
      "rotation": { "x": 0, "y": 0, "z": 3300 }
    },
    {
      "team": "BLUE",
      "position": { "x": 6250, "y": 1250, "z": 2100 },
      "rotation": { "x": 0, "y": 0, "z": 2100 }
    },
    {
      "mode": "DM",
      "position": { "x": 2250, "y": 2750, "z": 900 },
      "rotation": { "x": 0, "y": 0, "z": 900 }
    },
    {
      "mode": "DM",
      "position": { "x": 2750, "y": 250, "z": 1500 },
      "rotation": { "x": 0, "y": 0, "z": 1500 }
    },
    {
      "team": "RED",
      "position": { "x": 4750, "y": -3750, "z": 600 },
      "rotation": { "x": 0, "y": 0, "z": 600 }
    },
    {
      "mode": "DM",
      "position": { "x": 6250, "y": -3250, "z": 600 },
      "rotation": { "x": 0, "y": 0, "z": 600 }
    },
    {
      "team": "RED",
      "position": { "x": -2250, "y": -2750, "z": 1200 },
      "rotation": { "x": 0, "y": 0, "z": 1200 }
    },
    {
      "mode": "DM",
      "position": { "x": 2250, "y": -4250, "z": 2400 },
      "rotation": { "x": 0, "y": 0, "z": 2400 }
    },
    {
      "team": "BLUE",
      "position": { "x": 2750, "y": -1750, "z": 1800 },
      "rotation": { "x": 0, "y": 0, "z": 1800 }
    },
    {
      "mode": "DM",
      "position": { "x": -2250, "y": -5250, "z": 2100 },
      "rotation": { "x": 0, "y": 0, "z": 2100 }
    },
    {
      "team": "RED",
      "position": { "x": 3250, "y": 750, "z": 900 },
      "rotation": { "x": 0, "y": 0, "z": 900 }
    },
    {
      "team": "BLUE",
      "position": { "x": 3250, "y": 5250, "z": 900 },
      "rotation": { "x": 0, "y": 0, "z": 900 }
    },
    {
      "mode": "CP",
      "point": "G",
      "position": { "x": -1000, "y": 6000, "z": -3900 },
      "rotation": { "x": 0, "y": 0, "z": -3900 }
    },
    {
      "team": "BLUE",
      "position": { "x": -1250, "y": 4750, "z": 2700 },
      "rotation": { "x": 0, "y": 0, "z": 2700 }
    },
    {
      "team": "BLUE",
      "position": { "x": -1500, "y": -1250, "z": 1200 },
      "rotation": { "x": 0, "y": 0, "z": 1200 }
    },
    {
      "team": "RED",
      "position": { "x": -500, "y": -1250, "z": 300 },
      "rotation": { "x": 0, "y": 0, "z": 300 }
    },
    {
      "team": "BLUE",
      "position": { "x": -1250, "y": -4250, "z": 3300 },
      "rotation": { "x": 0, "y": 0, "z": 3300 }
    },
    {
      "team": "BLUE",
      "position": { "x": -3250, "y": -4250, "z": 3300 },
      "rotation": { "x": 0, "y": 0, "z": 3300 }
    },
    {
      "mode": "DM",
      "position": { "x": 2250, "y": 750, "z": 900 },
      "rotation": { "x": 0, "y": 0, "z": 900 }
    },
    {
      "mode": "DM",
      "position": { "x": -2750, "y": 2250, "z": 2700 },
      "rotation": { "x": 0, "y": 0, "z": 2700 }
    },
    {
      "mode": "DM",
      "position": { "x": 1250, "y": -4250, "z": 2400 },
      "rotation": { "x": 0, "y": 0, "z": 2400 }
    },
    {
      "team": "RED",
      "position": { "x": 1750, "y": 2750, "z": 900 },
      "rotation": { "x": 0, "y": 0, "z": 900 }
    },
    {
      "team": "RED",
      "position": { "x": -1250, "y": 5250, "z": 2700 },
      "rotation": { "x": 0, "y": 0, "z": 2700 }
    },
    {
      "team": "RED",
      "position": { "x": -500, "y": 4500, "z": 0 },
      "rotation": { "x": 0, "y": 0, "z": 0 }
    },
    {
      "mode": "DM",
      "position": { "x": -1250, "y": -4250, "z": 3300 },
      "rotation": { "x": 0, "y": 0, "z": 3300 }
    },
    {
      "mode": "DM",
      "position": { "x": -500, "y": 3250, "z": 0 },
      "rotation": { "x": 0, "y": 0, "z": 0 }
    },
    {
      "mode": "CP",
      "point": "F",
      "position": { "x": 5500, "y": -4250, "z": -3900 },
      "rotation": { "x": 0, "y": 0, "z": -3900 }
    },
    {
      "team": "BLUE",
      "position": { "x": 1750, "y": -4250, "z": 1500 },
      "rotation": { "x": 0, "y": 0, "z": 1500 }
    },
    {
      "mode": "DM",
      "position": { "x": -4250, "y": 4250, "z": 1200 },
      "rotation": { "x": 0, "y": 0, "z": 1200 }
    },
    {
      "team": "BLUE",
      "position": { "x": -6250, "y": -250, "z": 2400 },
      "rotation": { "x": 0, "y": 0, "z": 2400 }
    },
    {
      "mode": "DM",
      "position": { "x": -1750, "y": 4250, "z": 2700 },
      "rotation": { "x": 0, "y": 0, "z": 2700 }
    },
    {
      "team": "RED",
      "position": { "x": -1250, "y": -2750, "z": 3300 },
      "rotation": { "x": 0, "y": 0, "z": 3300 }
    },
    {
      "mode": "CP",
      "point": "D",
      "position": { "x": 1500, "y": -5750, "z": -3900 },
      "rotation": { "x": 0, "y": 0, "z": -3900 }
    },
    {
      "team": "BLUE",
      "position": { "x": 1750, "y": -4250, "z": 2400 },
      "rotation": { "x": 0, "y": 0, "z": 2400 }
    },
    {
      "mode": "DM",
      "position": { "x": -2750, "y": -2000, "z": 2400 },
      "rotation": { "x": 0, "y": 0, "z": 2400 }
    },
    {
      "team": "BLUE",
      "position": { "x": -2750, "y": -3250, "z": 1200 },
      "rotation": { "x": 0, "y": 0, "z": 1200 }
    },
    {
      "mode": "DM",
      "position": { "x": 2750, "y": 5250, "z": 900 },
      "rotation": { "x": 0, "y": 0, "z": 900 }
    },
    {
      "mode": "CP",
      "point": "G",
      "position": { "x": -4500, "y": 3375, "z": -3900 },
      "rotation": { "x": 0, "y": 0, "z": -3900 }
    },
    {
      "mode": "DM",
      "position": { "x": -1750, "y": 3250, "z": 2700 },
      "rotation": { "x": 0, "y": 0, "z": 2700 }
    },
    {
      "team": "BLUE",
      "position": { "x": -750, "y": 1250, "z": 300 },
      "rotation": { "x": 0, "y": 0, "z": 300 }
    },
    {
      "mode": "DM",
      "position": { "x": -4250, "y": 1250, "z": 1200 },
      "rotation": { "x": 0, "y": 0, "z": 1200 }
    },
    {
      "team": "RED",
      "position": { "x": -250, "y": 2250, "z": 1800 },
      "rotation": { "x": 0, "y": 0, "z": 1800 }
    },
    {
      "mode": "DM",
      "position": { "x": 5250, "y": 4250, "z": 900 },
      "rotation": { "x": 0, "y": 0, "z": 900 }
    },
    {
      "team": "BLUE",
      "position": { "x": -500, "y": 3500, "z": 0 },
      "rotation": { "x": 0, "y": 0, "z": 0 }
    },
    {
      "mode": "DM",
      "position": { "x": -250, "y": -5500, "z": 2100 },
      "rotation": { "x": 0, "y": 0, "z": 2100 }
    },
    {
      "team": "BLUE",
      "position": { "x": 4250, "y": -4250, "z": 600 },
      "rotation": { "x": 0, "y": 0, "z": 600 }
    },
    {
      "mode": "DM",
      "position": { "x": -1750, "y": -3250, "z": 3300 },
      "rotation": { "x": 0, "y": 0, "z": 3300 }
    },
    {
      "team": "RED",
      "position": { "x": 6750, "y": -1250, "z": 2100 },
      "rotation": { "x": 0, "y": 0, "z": 2100 }
    }
  ],
  "flags": {
    "RED": {
      "position": { "x": -6000, "y": -7000, "z": -3750 }
    },
    "BLUE": {
      "position": { "x": 8000, "y": 6500, "z": -3750 }
    }
  },
  "points": [
    {
      "id": "F",
      "distance": 1000,
      "free": false,
      "position": { "x": 5000, "y": -6500, "z": 2100 }
    },
    {
      "id": "D",
      "distance": 1000,
      "free": false,
      "position": { "x": -6250, "y": 4750, "z": 4200 }
    },
    {
      "id": "E",
      "distance": 1000,
      "free": false,
      "position": { "x": -3500, "y": -1500, "z": 3600 }
    },
    {
      "id": "G",
      "distance": 1000,
      "free": false,
      "position": { "x": -9500, "y": 2000, "z": 2100 }
    },
    {
      "id": "B",
      "distance": 1000,
      "free": false,
      "position": { "x": -4750, "y": -5750, "z": -3900 }
    },
    {
      "id": "A",
      "distance": 1000,
      "free": false,
      "position": { "x": 1250, "y": -250, "z": -3300 }
    },
    {
      "id": "C",
      "distance": 1000,
      "free": false,
      "position": { "x": 6750, "y": 5250, "z": -3900 }
    }
  ],
  "bonuses": [
    {
      "name": "free-bonus",
      "free": true,
      "types": [ "double_damage", "gold", "crystal" ],
      "modes": [ "DM", "CTF", "TDM" ],
      "parachute": true,
      "position": {
        "min": { "x": -10250, "y": 1625, "z": 3000 },
        "max": { "x": -8750, "y": 2375, "z": 3300 }
      },
      "rotation": { "x": 0, "y": 0, "z": 0 }
    },
    {
      "name": "free-bonus",
      "free": true,
      "types": [ "gold" ],
      "modes": [ "CP", "DM", "CTF", "TDM" ],
      "parachute": true,
      "position": {
        "min": { "x": -3500, "y": -2500, "z": -3900 },
        "max": { "x": -2500, "y": -1500, "z": -3870 }
      },
      "rotation": { "x": 0, "y": 0, "z": 0 }
    },
    {
      "name": "free-bonus",
      "free": true,
      "types": [ "double_armor" ],
      "modes": [ ],
      "parachute": true,
      "position": {
        "min": { "x": -3000, "y": -3500, "z": 2700 },
        "max": { "x": -2500, "y": -3000, "z": 3000 }
      },
      "rotation": { "x": 0, "y": 0, "z": 0 }
    },
    {
      "name": "free-bonus",
      "free": true,
      "types": [ "gold" ],
      "modes": [ "CP", "DM", "CTF", "TDM" ],
      "parachute": true,
      "position": {
        "min": { "x": 3000, "y": 3250, "z": -3900 },
        "max": { "x": 3750, "y": 4250, "z": -3870 }
      },
      "rotation": { "x": 0, "y": 0, "z": 0 }
    },
    {
      "name": "free-bonus",
      "free": true,
      "types": [ "double_armor" ],
      "modes": [ "CP", "DM", "CTF", "TDM" ],
      "parachute": true,
      "position": {
        "min": { "x": -2500, "y": -2500, "z": 1650 },
        "max": { "x": -2000, "y": -2000, "z": 1950 }
      },
      "rotation": { "x": 0, "y": 0, "z": 0 }
    },
    {
      "name": "free-bonus",
      "free": true,
      "types": [ "crystal" ],
      "modes": [ "CP" ],
      "parachute": true,
      "position": {
        "min": { "x": -4500, "y": -5000, "z": -3900 },
        "max": { "x": -4000, "y": -4000, "z": -3870 }
      },
      "rotation": { "x": 0, "y": 0, "z": 0 }
    },
    {
      "name": "free-bonus",
      "free": true,
      "types": [ "crystal", "gold" ],
      "modes": [ "CP", "DM", "CTF", "TDM" ],
      "parachute": true,
      "position": {
        "min": { "x": -1250, "y": -2750, "z": -2850 },
        "max": { "x": -750, "y": -2250, "z": -2550 }
      },
      "rotation": { "x": 0, "y": 0, "z": 0 }
    },
    {
      "name": "free-bonus",
      "free": true,
      "types": [ "crystal", "gold", "double_armor" ],
      "modes": [ "DM", "CTF", "TDM" ],
      "parachute": true,
      "position": {
        "min": { "x": 4750, "y": -6625, "z": 2775 },
        "max": { "x": 5250, "y": -4625, "z": 3075 }
      },
      "rotation": { "x": 0, "y": 0, "z": 0 }
    },
    {
      "name": "free-bonus",
      "free": true,
      "types": [ "crystal", "gold", "nitro" ],
      "modes": [ "CP", "DM", "CTF", "TDM" ],
      "parachute": true,
      "position": {
        "min": { "x": -125, "y": -4625, "z": -3900 },
        "max": { "x": 625, "y": -3875, "z": -3870 }
      },
      "rotation": { "x": 0, "y": 0, "z": 0 }
    },
    {
      "name": "free-bonus",
      "free": true,
      "types": [ "crystal", "gold" ],
      "modes": [ "CP", "DM", "CTF", "TDM" ],
      "parachute": true,
      "position": {
        "min": { "x": -3000, "y": 3750, "z": -3900 },
        "max": { "x": -2250, "y": 4500, "z": -3870 }
      },
      "rotation": { "x": 0, "y": 0, "z": 0 }
    },
    {
      "name": "free-bonus",
      "free": true,
      "types": [ "double_damage", "health", "nitro" ],
      "modes": [ "CP", "DM", "CTF", "TDM" ],
      "parachute": true,
      "position": {
        "min": { "x": 5875, "y": 125, "z": -3900 },
        "max": { "x": 6625, "y": 1375, "z": -3870 }
      },
      "rotation": { "x": 0, "y": 0, "z": 0 }
    },
    {
      "name": "free-bonus",
      "free": true,
      "types": [ "health" ],
      "modes": [ "DM", "CTF", "TDM" ],
      "parachute": true,
      "position": {
        "min": { "x": -6500, "y": 4250, "z": 5100 },
        "max": { "x": -5500, "y": 5250, "z": 5400 }
      },
      "rotation": { "x": 0, "y": 0, "z": 0 }
    },
    {
      "name": "free-bonus",
      "free": true,
      "types": [ "double_damage", "gold", "crystal", "double_armor" ],
      "modes": [ "CP", "DM", "CTF", "TDM" ],
      "parachute": true,
      "position": {
        "min": { "x": 2625, "y": -4500, "z": -3900 },
        "max": { "x": 3375, "y": -4000, "z": -3870 }
      },
      "rotation": { "x": 0, "y": 0, "z": 0 }
    },
    {
      "name": "free-bonus",
      "free": true,
      "types": [ "gold" ],
      "modes": [ "CP", "DM", "CTF", "TDM" ],
      "parachute": true,
      "position": {
        "min": { "x": 5875, "y": 125, "z": -3900 },
        "max": { "x": 6625, "y": 1375, "z": -3300 }
      },
      "rotation": { "x": 0, "y": 0, "z": 0 }
    },
    {
      "name": "free-bonus",
      "free": true,
      "types": [ "nitro" ],
      "modes": [ "CP", "DM", "CTF", "TDM" ],
      "parachute": true,
      "position": {
        "min": { "x": -1750, "y": 4750, "z": 3450 },
        "max": { "x": -1250, "y": 5250, "z": 3750 }
      },
      "rotation": { "x": 0, "y": 0, "z": 0 }
    },
    {
      "name": "free-bonus",
      "free": true,
      "types": [ "gold" ],
      "modes": [ "CP", "DM", "CTF", "TDM" ],
      "parachute": true,
      "position": {
        "min": { "x": 250, "y": 4250, "z": -3900 },
        "max": { "x": 1250, "y": 5250, "z": -3870 }
      },
      "rotation": { "x": 0, "y": 0, "z": 0 }
    },
    {
      "name": "free-bonus",
      "free": true,
      "types": [ "gold", "crystal" ],
      "modes": [ "CP", "DM", "CTF", "TDM" ],
      "parachute": true,
      "position": {
        "min": { "x": 8750, "y": -4750, "z": -2700 },
        "max": { "x": 9250, "y": -4250, "z": -2400 }
      },
      "rotation": { "x": 0, "y": 0, "z": 0 }
    },
    {
      "name": "free-bonus",
      "free": true,
      "types": [ "nitro", "health", "crystal", "double_armor" ],
      "modes": [ "CP", "DM", "CTF", "TDM" ],
      "parachute": true,
      "position": {
        "min": { "x": -3750, "y": 750, "z": -3900 },
        "max": { "x": -2750, "y": 1750, "z": -3300 }
      },
      "rotation": { "x": 0, "y": 0, "z": 0 }
    },
    {
      "name": "free-bonus",
      "free": true,
      "types": [ "gold", "crystal" ],
      "modes": [ "CP", "DM", "CTF", "TDM" ],
      "parachute": true,
      "position": {
        "min": { "x": 6500, "y": -1375, "z": -3900 },
        "max": { "x": 7250, "y": -625, "z": -3870 }
      },
      "rotation": { "x": 0, "y": 0, "z": 0 }
    },
    {
      "name": "free-bonus",
      "free": true,
      "types": [ "gold", "crystal" ],
      "modes": [ "DM", "CTF", "TDM" ],
      "parachute": true,
      "position": {
        "min": { "x": -4500, "y": -5000, "z": -3900 },
        "max": { "x": -4000, "y": -4000, "z": -3870 }
      },
      "rotation": { "x": 0, "y": 0, "z": 0 }
    },
    {
      "name": "free-bonus",
      "free": true,
      "types": [ "health" ],
      "modes": [ "CP", "DM", "CTF", "TDM" ],
      "parachute": true,
      "position": {
        "min": { "x": -1500, "y": -1500, "z": 2700 },
        "max": { "x": -1000, "y": -1000, "z": 3000 }
      },
      "rotation": { "x": 0, "y": 0, "z": 0 }
    },
    {
      "name": "free-bonus",
      "free": true,
      "types": [ "double_damage" ],
      "modes": [ "CP", "DM", "CTF", "TDM" ],
      "parachute": true,
      "position": {
        "min": { "x": -1125, "y": -5750, "z": 2700 },
        "max": { "x": -125, "y": -5250, "z": 3000 }
      },
      "rotation": { "x": 0, "y": 0, "z": 0 }
    },
    {
      "name": "free-bonus",
      "free": true,
      "types": [ "nitro" ],
      "modes": [ "CP", "DM", "CTF", "TDM" ],
      "parachute": true,
      "position": {
        "min": { "x": -2000, "y": 500, "z": 2550 },
        "max": { "x": -1500, "y": 1000, "z": 2850 }
      },
      "rotation": { "x": 0, "y": 0, "z": 0 }
    },
    {
      "name": "free-bonus",
      "free": true,
      "types": [ "crystal", "double_damage" ],
      "modes": [ "CP" ],
      "parachute": true,
      "position": {
        "min": { "x": -9375, "y": -875, "z": 3000 },
        "max": { "x": -8625, "y": 625, "z": 3300 }
      },
      "rotation": { "x": 0, "y": 0, "z": 0 }
    },
    {
      "name": "free-bonus",
      "free": true,
      "types": [ "double_damage", "crystal", "nitro" ],
      "modes": [ "CP", "DM", "CTF", "TDM" ],
      "parachute": true,
      "position": {
        "min": { "x": 250, "y": 4250, "z": -3900 },
        "max": { "x": 1250, "y": 5250, "z": -3300 }
      },
      "rotation": { "x": 0, "y": 0, "z": 0 }
    },
    {
      "name": "free-bonus",
      "free": true,
      "types": [ "double_armor" ],
      "modes": [ "CP" ],
      "parachute": true,
      "position": {
        "min": { "x": -1750, "y": -3750, "z": 4200 },
        "max": { "x": -1250, "y": -3250, "z": 4500 }
      },
      "rotation": { "x": 0, "y": 0, "z": 0 }
    },
    {
      "name": "free-bonus",
      "free": true,
      "types": [ "double_damage" ],
      "modes": [ "CP", "DM", "CTF", "TDM" ],
      "parachute": true,
      "position": {
        "min": { "x": 2000, "y": 2000, "z": 2100 },
        "max": { "x": 2500, "y": 2500, "z": 2400 }
      },
      "rotation": { "x": 0, "y": 0, "z": 0 }
    },
    {
      "name": "free-bonus",
      "free": true,
      "types": [ "double_damage" ],
      "modes": [ "CP", "DM", "CTF", "TDM" ],
      "parachute": true,
      "position": {
        "min": { "x": -2250, "y": 3750, "z": 3300 },
        "max": { "x": -1750, "y": 4250, "z": 3600 }
      },
      "rotation": { "x": 0, "y": 0, "z": 0 }
    },
    {
      "name": "free-bonus",
      "free": true,
      "types": [ "gold", "double_armor" ],
      "modes": [ "DM", "CTF", "TDM" ],
      "parachute": true,
      "position": {
        "min": { "x": -1750, "y": -3750, "z": 4200 },
        "max": { "x": -1250, "y": -3250, "z": 4500 }
      },
      "rotation": { "x": 0, "y": 0, "z": 0 }
    },
    {
      "name": "free-bonus",
      "free": true,
      "types": [ "double_armor" ],
      "modes": [ "CP", "DM", "CTF", "TDM" ],
      "parachute": true,
      "position": {
        "min": { "x": 2812.5, "y": -2250, "z": 2700 },
        "max": { "x": 3312.5, "y": -1750, "z": 3000 }
      },
      "rotation": { "x": 0, "y": 0, "z": 0 }
    },
    {
      "name": "free-bonus",
      "free": true,
      "types": [ "nitro" ],
      "modes": [ "CP", "DM", "CTF", "TDM" ],
      "parachute": true,
      "position": {
        "min": { "x": 3500, "y": 3500, "z": 1800 },
        "max": { "x": 4000, "y": 4000, "z": 2100 }
      },
      "rotation": { "x": 0, "y": 0, "z": 0 }
    },
    {
      "name": "free-bonus",
      "free": true,
      "types": [ "double_damage", "gold", "nitro", "health", "crystal", "double_armor" ],
      "modes": [ "DM", "CTF", "TDM" ],
      "parachute": true,
      "position": {
        "min": { "x": 375, "y": -1125, "z": -3300 },
        "max": { "x": 2125, "y": 625, "z": -2400 }
      },
      "rotation": { "x": 0, "y": 0, "z": 0 }
    },
    {
      "name": "free-bonus",
      "free": true,
      "types": [ "double_armor" ],
      "modes": [ "CP" ],
      "parachute": true,
      "position": {
        "min": { "x": 250, "y": 250, "z": -3300 },
        "max": { "x": 750, "y": 750, "z": -2400 }
      },
      "rotation": { "x": 0, "y": 0, "z": 0 }
    },
    {
      "name": "free-bonus",
      "free": true,
      "types": [ "double_damage" ],
      "modes": [ "CP" ],
      "parachute": true,
      "position": {
        "min": { "x": 1750, "y": -1250, "z": -3300 },
        "max": { "x": 2250, "y": -750, "z": -2400 }
      },
      "rotation": { "x": 0, "y": 0, "z": 0 }
    },
    {
      "name": "free-bonus",
      "free": true,
      "types": [ "health" ],
      "modes": [ "CP" ],
      "parachute": true,
      "position": {
        "min": { "x": 1750, "y": 250, "z": -3300 },
        "max": { "x": 2250, "y": 750, "z": -2400 }
      },
      "rotation": { "x": 0, "y": 0, "z": 0 }
    },
    {
      "name": "free-bonus",
      "free": true,
      "types": [ "gold", "crystal" ],
      "modes": [ "CP", "DM", "CTF", "TDM" ],
      "parachute": true,
      "position": {
        "min": { "x": 5000, "y": -3000, "z": -3900 },
        "max": { "x": 5750, "y": -2250, "z": -3870 }
      },
      "rotation": { "x": 0, "y": 0, "z": 0 }
    },
    {
      "name": "free-bonus",
      "free": true,
      "types": [ "gold", "crystal" ],
      "modes": [ "CP", "DM", "CTF", "TDM" ],
      "parachute": true,
      "position": {
        "min": { "x": 3250, "y": -2750, "z": -2850 },
        "max": { "x": 3750, "y": -2250, "z": -2550 }
      },
      "rotation": { "x": 0, "y": 0, "z": 0 }
    },
    {
      "name": "free-bonus",
      "free": true,
      "types": [ "double_damage" ],
      "modes": [ "CP", "DM", "CTF", "TDM" ],
      "parachute": true,
      "position": {
        "min": { "x": -1975, "y": 1150, "z": 2250 },
        "max": { "x": -1525, "y": 1600, "z": 2550 }
      },
      "rotation": { "x": 0, "y": 0, "z": 0 }
    },
    {
      "name": "free-bonus",
      "free": true,
      "types": [ "health" ],
      "modes": [ "CP" ],
      "parachute": true,
      "position": {
        "min": { "x": -5250, "y": 3750, "z": 4950 },
        "max": { "x": -4750, "y": 4250, "z": 5250 }
      },
      "rotation": { "x": 0, "y": 0, "z": 0 }
    },
    {
      "name": "free-bonus",
      "free": true,
      "types": [ "crystal", "double_armor" ],
      "modes": [ "CP" ],
      "parachute": true,
      "position": {
        "min": { "x": 4750, "y": -5500, "z": 2775 },
        "max": { "x": 5250, "y": -4500, "z": 3075 }
      },
      "rotation": { "x": 0, "y": 0, "z": 0 }
    },
    {
      "name": "free-bonus",
      "free": true,
      "types": [ "nitro" ],
      "modes": [ "CP" ],
      "parachute": true,
      "position": {
        "min": { "x": 250, "y": -1250, "z": -3300 },
        "max": { "x": 750, "y": -750, "z": -2400 }
      },
      "rotation": { "x": 0, "y": 0, "z": 0 }
    },
    {
      "name": "free-bonus",
      "free": true,
      "types": [ "nitro" ],
      "modes": [ "CP", "DM", "CTF", "TDM" ],
      "parachute": true,
      "position": {
        "min": { "x": -2750, "y": -5750, "z": 2700 },
        "max": { "x": -1750, "y": -5250, "z": 3000 }
      },
      "rotation": { "x": 0, "y": 0, "z": 0 }
    },
    {
      "name": "free-bonus",
      "free": true,
      "types": [ "crystal", "gold" ],
      "modes": [ "CP", "DM", "CTF", "TDM" ],
      "parachute": true,
      "position": {
        "min": { "x": 3250, "y": 1750, "z": -2850 },
        "max": { "x": 3750, "y": 2250, "z": -2550 }
      },
      "rotation": { "x": 0, "y": 0, "z": 0 }
    },
    {
      "name": "free-bonus",
      "free": true,
      "types": [ "crystal" ],
      "modes": [ "CP" ],
      "parachute": true,
      "position": {
        "min": { "x": 5000, "y": 3750, "z": -3900 },
        "max": { "x": 5750, "y": 4500, "z": -3870 }
      },
      "rotation": { "x": 0, "y": 0, "z": 0 }
    },
    {
      "name": "free-bonus",
      "free": true,
      "types": [ "double_armor" ],
      "modes": [ "CP", "DM", "CTF", "TDM" ],
      "parachute": true,
      "position": {
        "min": { "x": -4250, "y": -1750, "z": 1650 },
        "max": { "x": -3750, "y": -1250, "z": 1950 }
      },
      "rotation": { "x": 0, "y": 0, "z": 0 }
    },
    {
      "name": "free-bonus",
      "free": true,
      "types": [ "crystal", "gold" ],
      "modes": [ "CP", "DM", "CTF", "TDM" ],
      "parachute": true,
      "position": {
        "min": { "x": -1250, "y": 1750, "z": -2850 },
        "max": { "x": -750, "y": 2250, "z": -2550 }
      },
      "rotation": { "x": 0, "y": 0, "z": 0 }
    },
    {
      "name": "free-bonus",
      "free": true,
      "types": [ "crystal", "gold" ],
      "modes": [ "DM", "CTF", "TDM" ],
      "parachute": true,
      "position": {
        "min": { "x": 5000, "y": 3750, "z": -3900 },
        "max": { "x": 5750, "y": 4500, "z": -3870 }
      },
      "rotation": { "x": 0, "y": 0, "z": 0 }
    },
    {
      "name": "free-bonus",
      "free": true,
      "types": [ "gold", "crystal" ],
      "modes": [ "CP", "DM", "CTF", "TDM" ],
      "parachute": true,
      "position": {
        "min": { "x": -4750, "y": 7250, "z": -2700 },
        "max": { "x": -4250, "y": 7750, "z": -2400 }
      },
      "rotation": { "x": 0, "y": 0, "z": 0 }
    },
    {
      "name": "free-bonus",
      "free": true,
      "types": [ "crystal" ],
      "modes": [ "CP", "DM", "CTF", "TDM" ],
      "parachute": true,
      "position": {
        "min": { "x": 6000, "y": -4500, "z": -3900 },
        "max": { "x": 6750, "y": -3750, "z": -3870 }
      },
      "rotation": { "x": 0, "y": 0, "z": 0 }
    }
  ]
}
