{
  "name": "map_brest",
  "theme": "summer_day",

  "id": 505696,
  "preview": 891611,

  "visual": {
    "angleX": -1,
    "angleZ": -0.5,

    "lightColor": 13090219,
    "shadowColor": 5530735,

    "fogAlpha": 0.25,
    "fogColor": 10543615,

    "farLimit": 10000,
    "nearLimit": 5000,

    "gravity": 1000,
    "skyboxRevolutionSpeed": 0,
    "ssaoColor": 1321528,

    "dustAlpha": 0.75,
    "dustDensity": 0.15000000596046448,
    "dustFarDistance": 7000,
    "dustNearDistance": 5000,
    "dustParticle": "summer",
    "dustSize": 200
  },
  "skybox": "Hills",
  "resources": {
    "proplibs": [
      "Bridge Parts",
      "Bush",
      "City Builds",
      "Cliffs",
      "Concrete Tiles",
      "Concrete Walls",
      "Grass Tiles",
      "Promotion",
      "Slopes Rises",
      "Small Bridge"
    ],
    "map": { "id": 505696, "version": 1 }
  },
  "spawnPoints": [
    {
      "mode": "DM",
      "position": { "x": 4579.518, "y": -7081.645, "z": 1500 },
      "rotation": { "x": 0, "y": 0, "z": 1500 }
    },
    {
      "team": "BLUE",
      "position": { "x": -3522.822, "y": 12757.355, "z": 300 },
      "rotation": { "x": 0, "y": 0, "z": 300 }
    },
    {
      "team": "RED",
      "position": { "x": -4046.213, "y": -7473.226, "z": 1500 },
      "rotation": { "x": 0, "y": 0, "z": 1500 }
    },
    {
      "team": "BLUE",
      "position": { "x": -4445.167, "y": 12753.97, "z": 300 },
      "rotation": { "x": 0, "y": 0, "z": 300 }
    },
    {
      "team": "RED",
      "position": { "x": -57.9, "y": -9486.365, "z": 600 },
      "rotation": { "x": 0, "y": 0, "z": 600 }
    },
    {
      "team": "RED",
      "position": { "x": 568.553, "y": -9491.44, "z": 600 },
      "rotation": { "x": 0, "y": 0, "z": 600 }
    },
    {
      "team": "BLUE",
      "position": { "x": 6802.609, "y": 12007.045, "z": 600 },
      "rotation": { "x": 0, "y": 0, "z": 600 }
    },
    {
      "team": "BLUE",
      "position": { "x": 7474.116, "y": 11984.967, "z": 600 },
      "rotation": { "x": 0, "y": 0, "z": 600 }
    },
    {
      "mode": "CP",
      "point": "B",
      "position": { "x": 250, "y": -10250, "z": 600 },
      "rotation": { "x": 0, "y": 0, "z": 600 }
    },
    {
      "mode": "DM",
      "position": { "x": -3253.547, "y": -9235.895, "z": 300 },
      "rotation": { "x": 0, "y": 0, "z": 300 }
    },
    {
      "mode": "CP",
      "point": "A",
      "position": { "x": -6250, "y": 13000, "z": 600 },
      "rotation": { "x": 0, "y": 0, "z": 600 }
    },
    {
      "mode": "DM",
      "position": { "x": 3653.643, "y": -9288.351, "z": 300 },
      "rotation": { "x": 0, "y": 0, "z": 300 }
    },
    {
      "mode": "CP",
      "point": "A",
      "position": { "x": 6750, "y": 12750, "z": 600 },
      "rotation": { "x": 0, "y": 0, "z": 600 }
    },
    {
      "mode": "CP",
      "point": "B",
      "position": { "x": -6250, "y": -9250, "z": 600 },
      "rotation": { "x": 0, "y": 0, "z": 600 }
    },
    {
      "mode": "DM",
      "position": { "x": 4984.125, "y": 9072.05, "z": 1500 },
      "rotation": { "x": 0, "y": 0, "z": 1500 }
    },
    {
      "mode": "DM",
      "position": { "x": -6240.807, "y": 12922.185, "z": 600 },
      "rotation": { "x": 0, "y": 0, "z": 600 }
    },
    {
      "mode": "DM",
      "position": { "x": 7514.84, "y": 361.142, "z": 0 },
      "rotation": { "x": 0, "y": 0, "z": 0 }
    },
    {
      "mode": "DM",
      "position": { "x": -4496.152, "y": 9080.789, "z": 1500 },
      "rotation": { "x": 0, "y": 0, "z": 1500 }
    },
    {
      "mode": "DM",
      "position": { "x": 258.395, "y": 5566.214, "z": -600 },
      "rotation": { "x": 0, "y": 0, "z": -600 }
    },
    {
      "team": "RED",
      "position": { "x": 6260.109, "y": -9110.525, "z": 600 },
      "rotation": { "x": 0, "y": 0, "z": 600 }
    },
    {
      "mode": "DM",
      "position": { "x": 6751.737, "y": -9561.54, "z": 600 },
      "rotation": { "x": 0, "y": 0, "z": 600 }
    },
    {
      "mode": "DM",
      "position": { "x": -6999.862, "y": 2537.664, "z": 0 },
      "rotation": { "x": 0, "y": 0, "z": 0 }
    },
    {
      "mode": "DM",
      "position": { "x": -6251.122, "y": -9434.614, "z": 600 },
      "rotation": { "x": 0, "y": 0, "z": 600 }
    },
    {
      "team": "BLUE",
      "position": { "x": 5014.791, "y": 12935.459, "z": 300 },
      "rotation": { "x": 0, "y": 0, "z": 300 }
    },
    {
      "mode": "DM",
      "position": { "x": -3972.505, "y": -7001.082, "z": 1500 },
      "rotation": { "x": 0, "y": 0, "z": 1500 }
    },
    {
      "team": "RED",
      "position": { "x": 250, "y": -6250, "z": 600 },
      "rotation": { "x": 0, "y": 0, "z": 600 }
    },
    {
      "mode": "DM",
      "position": { "x": 265.993, "y": -2629.843, "z": -600 },
      "rotation": { "x": 0, "y": 0, "z": -600 }
    },
    {
      "team": "BLUE",
      "position": { "x": -3451.169, "y": 10085.701, "z": 300 },
      "rotation": { "x": 0, "y": 0, "z": 300 }
    },
    {
      "mode": "DM",
      "position": { "x": 3984.56, "y": -3036.959, "z": 0 },
      "rotation": { "x": 0, "y": 0, "z": 0 }
    },
    {
      "team": "BLUE",
      "position": { "x": -4526.473, "y": 9398.919, "z": 1500 },
      "rotation": { "x": 0, "y": 0, "z": 1500 }
    },
    {
      "mode": "DM",
      "position": { "x": -3534.151, "y": 5217.484, "z": 0 },
      "rotation": { "x": 0, "y": 0, "z": 0 }
    },
    {
      "team": "BLUE",
      "position": { "x": 5010.893, "y": 9402.837, "z": 1500 },
      "rotation": { "x": 0, "y": 0, "z": 1500 }
    },
    {
      "team": "BLUE",
      "position": { "x": -6735.403, "y": 12621.582, "z": 600 },
      "rotation": { "x": 0, "y": 0, "z": 600 }
    },
    {
      "team": "BLUE",
      "position": { "x": 7216.787, "y": 12909.629, "z": 600 },
      "rotation": { "x": 0, "y": 0, "z": 600 }
    },
    {
      "mode": "DM",
      "position": { "x": 2555.227, "y": 2646.405, "z": -600 },
      "rotation": { "x": 0, "y": 0, "z": -600 }
    },
    {
      "mode": "DM",
      "position": { "x": 6755.713, "y": 12958.552, "z": 600 },
      "rotation": { "x": 0, "y": 0, "z": 600 }
    },
    {
      "mode": "DM",
      "position": { "x": -3970.906, "y": 12680.761, "z": 300 },
      "rotation": { "x": 0, "y": 0, "z": 300 }
    },
    {
      "mode": "DM",
      "position": { "x": -2022.953, "y": 374.535, "z": -600 },
      "rotation": { "x": 0, "y": 0, "z": -600 }
    },
    {
      "mode": "CP",
      "point": "A",
      "position": { "x": 250, "y": 13750, "z": 600 },
      "rotation": { "x": 0, "y": 0, "z": 600 }
    },
    {
      "mode": "CP",
      "point": "B",
      "position": { "x": 6750, "y": -9500, "z": 600 },
      "rotation": { "x": 0, "y": 0, "z": 600 }
    },
    {
      "mode": "DM",
      "position": { "x": 4531.188, "y": 12690.503, "z": 300 },
      "rotation": { "x": 0, "y": 0, "z": 300 }
    },
    {
      "team": "RED",
      "position": { "x": 4001.555, "y": -7021.197, "z": 300 },
      "rotation": { "x": 0, "y": 0, "z": 300 }
    },
    {
      "team": "BLUE",
      "position": { "x": 3992.915, "y": 9959.487, "z": 300 },
      "rotation": { "x": 0, "y": 0, "z": 300 }
    },
    {
      "team": "RED",
      "position": { "x": -6229.576, "y": -8386.46, "z": 600 },
      "rotation": { "x": 0, "y": 0, "z": 600 }
    },
    {
      "team": "RED",
      "position": { "x": -5775.516, "y": -9357.093, "z": 600 },
      "rotation": { "x": 0, "y": 0, "z": 600 }
    },
    {
      "team": "RED",
      "position": { "x": -3456.728, "y": -6955.79, "z": 300 },
      "rotation": { "x": 0, "y": 0, "z": 300 }
    },
    {
      "team": "RED",
      "position": { "x": -3505.291, "y": -9360.709, "z": 300 },
      "rotation": { "x": 0, "y": 0, "z": 300 }
    },
    {
      "team": "RED",
      "position": { "x": 4525.999, "y": -7489.267, "z": 1500 },
      "rotation": { "x": 0, "y": 0, "z": 1500 }
    },
    {
      "team": "BLUE",
      "position": { "x": 268.631, "y": 12846.359, "z": 600 },
      "rotation": { "x": 0, "y": 0, "z": 600 }
    },
    {
      "team": "BLUE",
      "position": { "x": 3999.684, "y": 12937.417, "z": 300 },
      "rotation": { "x": 0, "y": 0, "z": 300 }
    },
    {
      "team": "RED",
      "position": { "x": -6725.115, "y": -9058.533, "z": 600 },
      "rotation": { "x": 0, "y": 0, "z": 600 }
    },
    {
      "team": "BLUE",
      "position": { "x": 6483.83, "y": 12917.322, "z": 600 },
      "rotation": { "x": 0, "y": 0, "z": 600 }
    },
    {
      "team": "RED",
      "position": { "x": -6960.547, "y": -8171.569, "z": 600 },
      "rotation": { "x": 0, "y": 0, "z": 600 }
    },
    {
      "team": "RED",
      "position": { "x": 3879.511, "y": -9353.046, "z": 300 },
      "rotation": { "x": 0, "y": 0, "z": 300 }
    }
  ],
  "flags": {
    "RED": {
      "position": { "x": 272.599, "y": -8467.042, "z": 600 }
    },
    "BLUE": {
      "position": { "x": 258.169, "y": 11373.38, "z": 600 }
    }
  },
  "points": [
    {
      "id": "G",
      "distance": 1000,
      "free": false,
      "position": { "x": 10000, "y": -750, "z": 0 }
    },
    {
      "id": "C",
      "distance": 1000,
      "free": false,
      "position": { "x": 250, "y": 1500, "z": -300 }
    },
    {
      "id": "D",
      "distance": 1000,
      "free": false,
      "position": { "x": -4250, "y": 1500, "z": 0 }
    },
    {
      "id": "E",
      "distance": 1000,
      "free": false,
      "position": { "x": 4750, "y": 1500, "z": 0 }
    },
    {
      "id": "B",
      "distance": 1000,
      "free": false,
      "position": { "x": 250, "y": -7750, "z": 600 }
    },
    {
      "id": "A",
      "distance": 1000,
      "free": false,
      "position": { "x": 250, "y": 10250, "z": 300 }
    },
    {
      "id": "F",
      "distance": 1000,
      "free": false,
      "position": { "x": -9500, "y": 3750, "z": 0 }
    }
  ],
  "bonuses": [
    {
      "name": "free-bonus",
      "free": true,
      "types": [ "double_armor" ],
      "modes": [ "TDM", "DM", "CTF", "CP" ],
      "parachute": true,
      "position": {
        "min": { "x": 2997.743, "y": -2536.544, "z": 900 },
        "max": { "x": 3997.743, "y": -2036.544, "z": 1200 }
      },
      "rotation": { "x": 0, "y": 0, "z": 0 }
    },
    {
      "name": "free-bonus",
      "free": true,
      "types": [ "nitro" ],
      "modes": [ "TDM", "DM", "CTF", "CP" ],
      "parachute": true,
      "position": {
        "min": { "x": 0, "y": 4500, "z": 300 },
        "max": { "x": 500, "y": 5500, "z": 600 }
      },
      "rotation": { "x": 0, "y": 0, "z": 0 }
    },
    {
      "name": "free-bonus",
      "free": true,
      "types": [ "double_armor" ],
      "modes": [ "TDM", "DM", "CTF", "CP" ],
      "parachute": true,
      "position": {
        "min": { "x": -6750, "y": -9250, "z": 1500 },
        "max": { "x": -5750, "y": -7750, "z": 1800 }
      },
      "rotation": { "x": 0, "y": 0, "z": 0 }
    },
    {
      "name": "free-bonus",
      "free": true,
      "types": [ "gold", "health" ],
      "modes": [ "CP" ],
      "parachute": true,
      "position": {
        "min": { "x": 0, "y": -1000, "z": 600 },
        "max": { "x": 500, "y": 0, "z": 900 }
      },
      "rotation": { "x": 0, "y": 0, "z": 0 }
    },
    {
      "name": "free-bonus",
      "free": true,
      "types": [ "gold", "health" ],
      "modes": [ "CP" ],
      "parachute": true,
      "position": {
        "min": { "x": 0, "y": 3000, "z": 600 },
        "max": { "x": 500, "y": 4000, "z": 900 }
      },
      "rotation": { "x": 0, "y": 0, "z": 0 }
    },
    {
      "name": "free-bonus",
      "free": true,
      "types": [ "health" ],
      "modes": [ "TDM", "DM", "CTF", "CP" ],
      "parachute": true,
      "position": {
        "min": { "x": 0, "y": 9000, "z": 2100 },
        "max": { "x": 500, "y": 9500, "z": 2400 }
      },
      "rotation": { "x": 0, "y": 0, "z": 0 }
    },
    {
      "name": "free-bonus",
      "free": true,
      "types": [ "double_damage" ],
      "modes": [ "TDM", "DM", "CTF", "CP" ],
      "parachute": true,
      "position": {
        "min": { "x": -3697.313, "y": -813.992, "z": 900 },
        "max": { "x": -3197.313, "y": -313.992, "z": 1200 }
      },
      "rotation": { "x": 0, "y": 0, "z": 0 }
    },
    {
      "name": "free-bonus",
      "free": true,
      "types": [ "nitro" ],
      "modes": [ "TDM", "DM", "CTF", "CP" ],
      "parachute": true,
      "position": {
        "min": { "x": 8250, "y": 9250, "z": 1500 },
        "max": { "x": 9250, "y": 10750, "z": 1800 }
      },
      "rotation": { "x": 0, "y": 0, "z": 0 }
    },
    {
      "name": "free-bonus",
      "free": true,
      "types": [ "gold", "health", "crystal" ],
      "modes": [ "TDM", "DM", "CTF", "CP" ],
      "parachute": true,
      "position": {
        "min": { "x": 6250, "y": 1250, "z": 1800 },
        "max": { "x": 7250, "y": 2750, "z": 2100 }
      },
      "rotation": { "x": 0, "y": 0, "z": 0 }
    },
    {
      "name": "free-bonus",
      "free": true,
      "types": [ "nitro" ],
      "modes": [ "TDM", "DM", "CTF", "CP" ],
      "parachute": true,
      "position": {
        "min": { "x": -3750, "y": 11750, "z": 1200 },
        "max": { "x": -3250, "y": 12250, "z": 1500 }
      },
      "rotation": { "x": 0, "y": 0, "z": 0 }
    },
    {
      "name": "free-bonus",
      "free": true,
      "types": [ "nitro" ],
      "modes": [ "TDM", "DM", "CTF", "CP" ],
      "parachute": true,
      "position": {
        "min": { "x": 2500, "y": -8750, "z": 1200 },
        "max": { "x": 3000, "y": -8250, "z": 1500 }
      },
      "rotation": { "x": 0, "y": 0, "z": 0 }
    },
    {
      "name": "free-bonus",
      "free": true,
      "types": [ "gold", "health" ],
      "modes": [ "TDM", "DM", "CTF" ],
      "parachute": true,
      "position": {
        "min": { "x": -500, "y": 1250, "z": 600 },
        "max": { "x": 1000, "y": 1750, "z": 900 }
      },
      "rotation": { "x": 0, "y": 0, "z": 0 }
    },
    {
      "name": "free-bonus",
      "free": true,
      "types": [ "double_damage" ],
      "modes": [ "TDM", "DM", "CTF", "CP" ],
      "parachute": true,
      "position": {
        "min": { "x": 3790.173, "y": 3265.085, "z": 900 },
        "max": { "x": 4290.173, "y": 3765.085, "z": 1200 }
      },
      "rotation": { "x": 0, "y": 0, "z": 0 }
    },
    {
      "name": "free-bonus",
      "free": true,
      "types": [ "health" ],
      "modes": [ "TDM", "DM", "CTF", "CP" ],
      "parachute": true,
      "position": {
        "min": { "x": 0, "y": -6500, "z": 2100 },
        "max": { "x": 500, "y": -6000, "z": 2400 }
      },
      "rotation": { "x": 0, "y": 0, "z": 0 }
    },
    {
      "name": "free-bonus",
      "free": true,
      "types": [ "double_damage" ],
      "modes": [ "TDM", "DM", "CTF", "CP" ],
      "parachute": true,
      "position": {
        "min": { "x": -6500, "y": 9000, "z": 1500 },
        "max": { "x": -6000, "y": 9500, "z": 1800 }
      },
      "rotation": { "x": 0, "y": 0, "z": 0 }
    },
    {
      "name": "free-bonus",
      "free": true,
      "types": [ "double_damage" ],
      "modes": [ "TDM", "DM", "CTF", "CP" ],
      "parachute": true,
      "position": {
        "min": { "x": 72.061, "y": -9795.466, "z": 1500 },
        "max": { "x": 572.061, "y": -9295.466, "z": 1800 }
      },
      "rotation": { "x": 0, "y": 0, "z": 0 }
    },
    {
      "name": "free-bonus",
      "free": true,
      "types": [ "double_armor" ],
      "modes": [ "TDM", "DM", "CTF", "CP" ],
      "parachute": true,
      "position": {
        "min": { "x": 6538.652, "y": 3297.775, "z": 1800 },
        "max": { "x": 7038.652, "y": 3797.775, "z": 2100 }
      },
      "rotation": { "x": 0, "y": 0, "z": 0 }
    },
    {
      "name": "free-bonus",
      "free": true,
      "types": [ "nitro" ],
      "modes": [ "TDM", "DM", "CTF", "CP" ],
      "parachute": true,
      "position": {
        "min": { "x": -8750, "y": -6500, "z": 1500 },
        "max": { "x": -7750, "y": -5000, "z": 1800 }
      },
      "rotation": { "x": 0, "y": 0, "z": 0 }
    },
    {
      "name": "free-bonus",
      "free": true,
      "types": [ "gold", "health", "crystal" ],
      "modes": [ "TDM", "DM", "CTF", "CP" ],
      "parachute": true,
      "position": {
        "min": { "x": -6750, "y": 1750, "z": 1800 },
        "max": { "x": -5750, "y": 3250, "z": 2100 }
      },
      "rotation": { "x": 0, "y": 0, "z": 0 }
    },
    {
      "name": "free-bonus",
      "free": true,
      "types": [ "double_armor" ],
      "modes": [ "TDM", "DM", "CTF", "CP" ],
      "parachute": true,
      "position": {
        "min": { "x": -3536.903, "y": 5074.393, "z": 900 },
        "max": { "x": -2536.903, "y": 5574.393, "z": 1200 }
      },
      "rotation": { "x": 0, "y": 0, "z": 0 }
    },
    {
      "name": "free-bonus",
      "free": true,
      "types": [ "crystal" ],
      "modes": [ "TDM", "DM", "CTF", "CP" ],
      "parachute": true,
      "position": {
        "min": { "x": -2000, "y": 500, "z": 600 },
        "max": { "x": -1500, "y": 1000, "z": 900 }
      },
      "rotation": { "x": 0, "y": 0, "z": 0 }
    },
    {
      "name": "free-bonus",
      "free": true,
      "types": [ "nitro" ],
      "modes": [ "TDM", "DM", "CTF", "CP" ],
      "parachute": true,
      "position": {
        "min": { "x": 0, "y": -2500, "z": 300 },
        "max": { "x": 500, "y": -1500, "z": 600 }
      },
      "rotation": { "x": 0, "y": 0, "z": 0 }
    },
    {
      "name": "free-bonus",
      "free": true,
      "types": [ "double_damage" ],
      "modes": [ "TDM", "DM", "CTF", "CP" ],
      "parachute": true,
      "position": {
        "min": { "x": 6500, "y": -6750, "z": 1500 },
        "max": { "x": 7000, "y": -6250, "z": 1800 }
      },
      "rotation": { "x": 0, "y": 0, "z": 0 }
    },
    {
      "name": "free-bonus",
      "free": true,
      "types": [ "crystal" ],
      "modes": [ "TDM", "DM", "CTF", "CP" ],
      "parachute": true,
      "position": {
        "min": { "x": 2000, "y": 2000, "z": 300 },
        "max": { "x": 2500, "y": 2500, "z": 600 }
      },
      "rotation": { "x": 0, "y": 0, "z": 0 }
    },
    {
      "name": "free-bonus",
      "free": true,
      "types": [ "gold", "health", "crystal" ],
      "modes": [ "TDM", "DM", "CTF", "CP" ],
      "parachute": true,
      "position": {
        "min": { "x": -6750, "y": 250, "z": 1800 },
        "max": { "x": -5750, "y": 1750, "z": 2100 }
      },
      "rotation": { "x": 0, "y": 0, "z": 0 }
    },
    {
      "name": "free-bonus",
      "free": true,
      "types": [ "double_armor" ],
      "modes": [ "TDM", "DM", "CTF", "CP" ],
      "parachute": true,
      "position": {
        "min": { "x": -6482.463, "y": -719.324, "z": 1800 },
        "max": { "x": -5982.463, "y": -219.324, "z": 2100 }
      },
      "rotation": { "x": 0, "y": 0, "z": 0 }
    },
    {
      "name": "free-bonus",
      "free": true,
      "types": [ "nitro" ],
      "modes": [ "TDM", "DM", "CTF", "CP" ],
      "parachute": true,
      "position": {
        "min": { "x": -9500, "y": 1250, "z": 1050 },
        "max": { "x": -9000, "y": 1750, "z": 1350 }
      },
      "rotation": { "x": 0, "y": 0, "z": 0 }
    },
    {
      "name": "free-bonus",
      "free": true,
      "types": [ "double_damage" ],
      "modes": [ "TDM", "DM", "CTF", "CP" ],
      "parachute": true,
      "position": {
        "min": { "x": 0, "y": 12750, "z": 1500 },
        "max": { "x": 500, "y": 13250, "z": 1800 }
      },
      "rotation": { "x": 0, "y": 0, "z": 0 }
    },
    {
      "name": "free-bonus",
      "free": true,
      "types": [ "double_armor" ],
      "modes": [ "TDM", "DM", "CTF", "CP" ],
      "parachute": true,
      "position": {
        "min": { "x": 6250, "y": 11500, "z": 1500 },
        "max": { "x": 7250, "y": 13000, "z": 1800 }
      },
      "rotation": { "x": 0, "y": 0, "z": 0 }
    },
    {
      "name": "free-bonus",
      "free": true,
      "types": [ "gold", "health", "crystal" ],
      "modes": [ "TDM", "DM", "CTF", "CP" ],
      "parachute": true,
      "position": {
        "min": { "x": 6250, "y": -250, "z": 1800 },
        "max": { "x": 7250, "y": 1250, "z": 2100 }
      },
      "rotation": { "x": 0, "y": 0, "z": 0 }
    },
    {
      "name": "free-bonus",
      "free": true,
      "types": [ "nitro" ],
      "modes": [ "TDM", "DM", "CTF", "CP" ],
      "parachute": true,
      "position": {
        "min": { "x": 9500, "y": 1250, "z": 1050 },
        "max": { "x": 10000, "y": 1750, "z": 1350 }
      },
      "rotation": { "x": 0, "y": 0, "z": 0 }
    }
  ]
}
