{
  "name": "map_fortknox",
  "theme": "winter_day",

  "id": 229266,
  "preview": 964405,

  "visual": {
    "angleX": -1,
    "angleZ": 1.0471999645233154,

    "lightColor": 8419955,
    "shadowColor": 6184542,

    "fogAlpha": 0.25,
    "fogColor": 15333375,

    "farLimit": 10000,
    "nearLimit": 5000,

    "gravity": 1000,
    "skyboxRevolutionSpeed": 0,
    "ssaoColor": 2374217,

    "dustAlpha": 0.8999999761581421,
    "dustDensity": 0.15000000596046448,
    "dustFarDistance": 7000,
    "dustNearDistance": 5000,
    "dustParticle": "winter",
    "dustSize": 200
  },
  "skybox": "Winter",
  "resources": {
    "proplibs": [
      "Bush Winter",
      "City Builds Winter",
      "Cliffs Winter",
      "Concrete Tiles Winter",
      "Concrete Walls Winter",
      "Fort Winter",
      "Grass Tiles Winter",
      "NuBu 4 Winter",
      "NuBu 9 Winter",
      "Promotion Winter",
      "Slopes Rises Winter",
      "Small Bridge Winter",
      "Village Builds Winter"
    ],
    "map": { "id": 229266, "version": 1 }
  },
  "spawnPoints": [
    {
      "mode": "DM",
      "position": { "x": 6613.325, "y": 2478.548, "z": -300 },
      "rotation": { "x": 0, "y": 0, "z": -300 }
    },
    {
      "team": "BLUE",
      "position": { "x": -3729.271, "y": -2622.851, "z": -300 },
      "rotation": { "x": 0, "y": 0, "z": -300 }
    },
    {
      "team": "RED",
      "position": { "x": 6164.783, "y": 2337.166, "z": -300 },
      "rotation": { "x": 0, "y": 0, "z": -300 }
    },
    {
      "team": "BLUE",
      "position": { "x": -5718.338, "y": -2149.634, "z": -300 },
      "rotation": { "x": 0, "y": 0, "z": -300 }
    },
    {
      "team": "BLUE",
      "position": { "x": -4986.947, "y": 1725.704, "z": -300 },
      "rotation": { "x": 0, "y": 0, "z": -300 }
    },
    {
      "team": "RED",
      "position": { "x": 4790.605, "y": 2542.583, "z": -300 },
      "rotation": { "x": 0, "y": 0, "z": -300 }
    },
    {
      "team": "RED",
      "position": { "x": 5289.048, "y": -4218.394, "z": -300 },
      "rotation": { "x": 0, "y": 0, "z": -300 }
    },
    {
      "team": "RED",
      "position": { "x": 4707.02, "y": -2438.966, "z": -300 },
      "rotation": { "x": 0, "y": 0, "z": -300 }
    },
    {
      "mode": "DM",
      "position": { "x": 6971.901, "y": 1316.557, "z": -300 },
      "rotation": { "x": 0, "y": 0, "z": -300 }
    },
    {
      "mode": "DM",
      "position": { "x": -4137.868, "y": 4561.561, "z": -300 },
      "rotation": { "x": 0, "y": 0, "z": -300 }
    },
    {
      "team": "BLUE",
      "position": { "x": -3823.902, "y": 2000.842, "z": -300 },
      "rotation": { "x": 0, "y": 0, "z": -300 }
    },
    {
      "mode": "DM",
      "position": { "x": -1408.363, "y": 2361.86, "z": -300 },
      "rotation": { "x": 0, "y": 0, "z": -300 }
    },
    {
      "team": "BLUE",
      "position": { "x": -6198.442, "y": 3069.104, "z": -300 },
      "rotation": { "x": 0, "y": 0, "z": -300 }
    },
    {
      "mode": "DM",
      "position": { "x": 4750, "y": 3500, "z": -300 },
      "rotation": { "x": 0, "y": 0, "z": -300 }
    },
    {
      "team": "RED",
      "position": { "x": 6880.456, "y": -3964.416, "z": -300 },
      "rotation": { "x": 0, "y": 0, "z": -300 }
    },
    {
      "team": "RED",
      "position": { "x": 6725.409, "y": 5053.209, "z": -300 },
      "rotation": { "x": 0, "y": 0, "z": -300 }
    },
    {
      "mode": "DM",
      "position": { "x": 5809.439, "y": 4986.035, "z": -300 },
      "rotation": { "x": 0, "y": 0, "z": -300 }
    },
    {
      "team": "BLUE",
      "position": { "x": -5569.874, "y": -3082.401, "z": -300 },
      "rotation": { "x": 0, "y": 0, "z": -300 }
    },
    {
      "team": "RED",
      "position": { "x": 5168.518, "y": 5218.513, "z": -300 },
      "rotation": { "x": 0, "y": 0, "z": -300 }
    },
    {
      "team": "RED",
      "position": { "x": 6091.694, "y": -1497.444, "z": -300 },
      "rotation": { "x": 0, "y": 0, "z": -300 }
    },
    {
      "team": "BLUE",
      "position": { "x": -4968.43, "y": -1037.262, "z": -300 },
      "rotation": { "x": 0, "y": 0, "z": -300 }
    },
    {
      "mode": "DM",
      "position": { "x": -1535.276, "y": -2754.696, "z": -300 },
      "rotation": { "x": 0, "y": 0, "z": -300 }
    },
    {
      "mode": "DM",
      "position": { "x": -5183.063, "y": -2937.383, "z": -300 },
      "rotation": { "x": 0, "y": 0, "z": -300 }
    },
    {
      "mode": "DM",
      "position": { "x": 2434.427, "y": -2314.966, "z": -300 },
      "rotation": { "x": 0, "y": 0, "z": -300 }
    },
    {
      "mode": "DM",
      "position": { "x": 6755.411, "y": -1092.202, "z": -300 },
      "rotation": { "x": 0, "y": 0, "z": -300 }
    },
    {
      "mode": "DM",
      "position": { "x": 6678.524, "y": -4203.149, "z": -300 },
      "rotation": { "x": 0, "y": 0, "z": -300 }
    },
    {
      "team": "BLUE",
      "position": { "x": -3959.227, "y": 4249.91, "z": -300 },
      "rotation": { "x": 0, "y": 0, "z": -300 }
    },
    {
      "mode": "DM",
      "position": { "x": 2855.032, "y": 2889.465, "z": -300 },
      "rotation": { "x": 0, "y": 0, "z": -300 }
    },
    {
      "team": "RED",
      "position": { "x": 6384.19, "y": 1154.621, "z": -300 },
      "rotation": { "x": 0, "y": 0, "z": -300 }
    },
    {
      "team": "BLUE",
      "position": { "x": -5819.324, "y": -5034.091, "z": -300 },
      "rotation": { "x": 0, "y": 0, "z": -300 }
    },
    {
      "mode": "DM",
      "position": { "x": -5313.627, "y": 1286.632, "z": -300 },
      "rotation": { "x": 0, "y": 0, "z": -300 }
    },
    {
      "mode": "DM",
      "position": { "x": -5622.289, "y": -1145.85, "z": -300 },
      "rotation": { "x": 0, "y": 0, "z": -300 }
    }
  ],
  "flags": {
    "RED": {
      "position": { "x": 6677.599, "y": -1319.338, "z": -300 }
    },
    "BLUE": {
      "position": { "x": -5586.425, "y": 1278.711, "z": -300 }
    }
  },
  "points": [
    {
      "id": "C",
      "distance": 800,
      "free": false,
      "position": { "x": 2500, "y": 2500, "z": -300 }
    },
    {
      "id": "D",
      "distance": 800,
      "free": false,
      "position": { "x": -1500, "y": 2500, "z": -300 }
    },
    {
      "id": "A",
      "distance": 800,
      "free": false,
      "position": { "x": 2500, "y": -2500, "z": -300 }
    },
    {
      "id": "B",
      "distance": 800,
      "free": false,
      "position": { "x": -1500, "y": -2500, "z": -300 }
    }
  ],
  "bonuses": [
    {
      "name": "free-bonus",
      "free": true,
      "types": [ "crystal" ],
      "modes": [ "TDM", "DM", "CTF", "CP" ],
      "parachute": true,
      "position": {
        "min": { "x": -779.66, "y": -505.192, "z": 750 },
        "max": { "x": -529.66, "y": 494.808, "z": 1050 }
      },
      "rotation": { "x": 0, "y": 0, "z": 0 }
    },
    {
      "name": "free-bonus",
      "free": true,
      "types": [ "nitro" ],
      "modes": [ "TDM", "DM", "CTF", "CP" ],
      "parachute": true,
      "position": {
        "min": { "x": 2250, "y": 4750, "z": 300 },
        "max": { "x": 3250, "y": 5250, "z": 600 }
      },
      "rotation": { "x": 0, "y": 0, "z": 0 }
    },
    {
      "name": "free-bonus",
      "free": true,
      "types": [ "crystal" ],
      "modes": [ "TDM", "DM", "CTF", "CP" ],
      "parachute": true,
      "position": {
        "min": { "x": 168.255, "y": 2993.931, "z": 1050 },
        "max": { "x": 668.255, "y": 3993.931, "z": 1350 }
      },
      "rotation": { "x": 0, "y": 0, "z": 0 }
    },
    {
      "name": "free-bonus",
      "free": true,
      "types": [ "double_damage" ],
      "modes": [ "TDM", "DM", "CTF", "CP" ],
      "parachute": true,
      "position": {
        "min": { "x": -4083.421, "y": -998.5, "z": 300 },
        "max": { "x": -3583.421, "y": 501.5, "z": 600 }
      },
      "rotation": { "x": 0, "y": 0, "z": 0 }
    },
    {
      "name": "free-bonus",
      "free": true,
      "types": [ "crystal" ],
      "modes": [ "TDM", "DM", "CTF", "CP" ],
      "parachute": true,
      "position": {
        "min": { "x": 1484.532, "y": -489.837, "z": 750 },
        "max": { "x": 1734.532, "y": 510.163, "z": 1050 }
      },
      "rotation": { "x": 0, "y": 0, "z": 0 }
    },
    {
      "name": "free-bonus",
      "free": true,
      "types": [ "gold" ],
      "modes": [ "TDM", "DM", "CTF", "CP" ],
      "parachute": true,
      "position": {
        "min": { "x": 1500, "y": 1000, "z": 900 },
        "max": { "x": 1750, "y": 1250, "z": 1200 }
      },
      "rotation": { "x": 0, "y": 0, "z": 0 }
    },
    {
      "name": "free-bonus",
      "free": true,
      "types": [ "nitro" ],
      "modes": [ "TDM", "DM", "CTF" ],
      "parachute": true,
      "position": {
        "min": { "x": -1711.878, "y": -2706.387, "z": 600 },
        "max": { "x": -1211.878, "y": -1706.387, "z": 900 }
      },
      "rotation": { "x": 0, "y": 0, "z": 0 }
    },
    {
      "name": "free-bonus",
      "free": true,
      "types": [ "nitro" ],
      "modes": [ "TDM", "DM", "CTF", "CP" ],
      "parachute": true,
      "position": {
        "min": { "x": -2250, "y": -5250, "z": 300 },
        "max": { "x": -1250, "y": -4750, "z": 600 }
      },
      "rotation": { "x": 0, "y": 0, "z": 0 }
    },
    {
      "name": "free-bonus",
      "free": true,
      "types": [ "double_damage" ],
      "modes": [ "TDM", "DM", "CTF", "CP" ],
      "parachute": true,
      "position": {
        "min": { "x": -1302.063, "y": 3350.601, "z": 1050 },
        "max": { "x": -302.063, "y": 3850.601, "z": 1350 }
      },
      "rotation": { "x": 0, "y": 0, "z": 0 }
    },
    {
      "name": "free-bonus",
      "free": true,
      "types": [ "health" ],
      "modes": [ "TDM", "DM", "CTF", "CP" ],
      "parachute": true,
      "position": {
        "min": { "x": -771.429, "y": 1073.473, "z": 300 },
        "max": { "x": -271.429, "y": 1323.473, "z": 600 }
      },
      "rotation": { "x": 0, "y": 0, "z": 0 }
    },
    {
      "name": "free-bonus",
      "free": true,
      "types": [ "nitro" ],
      "modes": [ "TDM", "DM", "CTF", "CP" ],
      "parachute": true,
      "position": {
        "min": { "x": -4500, "y": 3500, "z": 225 },
        "max": { "x": -4000, "y": 4500, "z": 525 }
      },
      "rotation": { "x": 0, "y": 0, "z": 0 }
    },
    {
      "name": "free-bonus",
      "free": true,
      "types": [ "double_armor" ],
      "modes": [ "TDM", "DM", "CTF", "CP" ],
      "parachute": true,
      "position": {
        "min": { "x": -2855.468, "y": 1238.7, "z": 1050 },
        "max": { "x": -2605.468, "y": 1988.7, "z": 1350 }
      },
      "rotation": { "x": 0, "y": 0, "z": 0 }
    },
    {
      "name": "free-bonus",
      "free": true,
      "types": [ "gold" ],
      "modes": [ "TDM", "DM", "CTF", "CP" ],
      "parachute": true,
      "position": {
        "min": { "x": -750, "y": -1250, "z": 900 },
        "max": { "x": -500, "y": -1000, "z": 1200 }
      },
      "rotation": { "x": 0, "y": 0, "z": 0 }
    },
    {
      "name": "free-bonus",
      "free": true,
      "types": [ "nitro" ],
      "modes": [ "TDM", "DM", "CTF" ],
      "parachute": true,
      "position": {
        "min": { "x": 2225.561, "y": 2089.379, "z": 600 },
        "max": { "x": 2725.561, "y": 3089.379, "z": 900 }
      },
      "rotation": { "x": 0, "y": 0, "z": 0 }
    },
    {
      "name": "free-bonus",
      "free": true,
      "types": [ "health" ],
      "modes": [ "TDM", "DM", "CTF", "CP" ],
      "parachute": true,
      "position": {
        "min": { "x": 1375, "y": 2375, "z": 300 },
        "max": { "x": 1625, "y": 2625, "z": 600 }
      },
      "rotation": { "x": 0, "y": 0, "z": 0 }
    },
    {
      "name": "free-bonus",
      "free": true,
      "types": [ "health" ],
      "modes": [ "TDM", "DM", "CTF", "CP" ],
      "parachute": true,
      "position": {
        "min": { "x": -625, "y": -2625, "z": 300 },
        "max": { "x": -375, "y": -2375, "z": 600 }
      },
      "rotation": { "x": 0, "y": 0, "z": 0 }
    },
    {
      "name": "free-bonus",
      "free": true,
      "types": [ "double_damage" ],
      "modes": [ "TDM", "DM", "CTF", "CP" ],
      "parachute": true,
      "position": {
        "min": { "x": 4824.457, "y": -775.542, "z": 300 },
        "max": { "x": 5324.457, "y": 724.458, "z": 600 }
      },
      "rotation": { "x": 0, "y": 0, "z": 0 }
    },
    {
      "name": "free-bonus",
      "free": true,
      "types": [ "nitro" ],
      "modes": [ "TDM", "DM", "CTF", "CP" ],
      "parachute": true,
      "position": {
        "min": { "x": 4750, "y": -4500, "z": 225 },
        "max": { "x": 5250, "y": -3500, "z": 525 }
      },
      "rotation": { "x": 0, "y": 0, "z": 0 }
    },
    {
      "name": "free-bonus",
      "free": true,
      "types": [ "double_armor" ],
      "modes": [ "TDM", "DM", "CTF", "CP" ],
      "parachute": true,
      "position": {
        "min": { "x": 3598.962, "y": -1827.69, "z": 1050 },
        "max": { "x": 3848.962, "y": -1077.69, "z": 1350 }
      },
      "rotation": { "x": 0, "y": 0, "z": 0 }
    },
    {
      "name": "free-bonus",
      "free": true,
      "types": [ "double_armor" ],
      "modes": [ "TDM", "DM", "CTF", "CP" ],
      "parachute": true,
      "position": {
        "min": { "x": 4851.268, "y": 3708.233, "z": 300 },
        "max": { "x": 5351.268, "y": 4708.233, "z": 600 }
      },
      "rotation": { "x": 0, "y": 0, "z": 0 }
    },
    {
      "name": "free-bonus",
      "free": true,
      "types": [ "gold" ],
      "modes": [ "TDM", "DM", "CTF", "CP" ],
      "parachute": true,
      "position": {
        "min": { "x": 750, "y": -4500, "z": 1200 },
        "max": { "x": 1750, "y": -3500, "z": 1500 }
      },
      "rotation": { "x": 0, "y": 0, "z": 0 }
    },
    {
      "name": "free-bonus",
      "free": true,
      "types": [ "health" ],
      "modes": [ "TDM", "DM", "CTF", "CP" ],
      "parachute": true,
      "position": {
        "min": { "x": 1235.683, "y": -1392.114, "z": 300 },
        "max": { "x": 1735.683, "y": -1142.114, "z": 600 }
      },
      "rotation": { "x": 0, "y": 0, "z": 0 }
    },
    {
      "name": "free-bonus",
      "free": true,
      "types": [ "double_armor" ],
      "modes": [ "TDM", "DM", "CTF", "CP" ],
      "parachute": true,
      "position": {
        "min": { "x": -4382.59, "y": -5118.245, "z": 300 },
        "max": { "x": -3882.59, "y": -4118.245, "z": 600 }
      },
      "rotation": { "x": 0, "y": 0, "z": 0 }
    },
    {
      "name": "free-bonus",
      "free": true,
      "types": [ "gold" ],
      "modes": [ "TDM", "DM", "CTF", "CP" ],
      "parachute": true,
      "position": {
        "min": { "x": -750, "y": 3500, "z": 1200 },
        "max": { "x": 250, "y": 4500, "z": 1500 }
      },
      "rotation": { "x": 0, "y": 0, "z": 0 }
    },
    {
      "name": "free-bonus",
      "free": true,
      "types": [ "double_damage" ],
      "modes": [ "TDM", "DM", "CTF", "CP" ],
      "parachute": true,
      "position": {
        "min": { "x": 1418.052, "y": -3911.373, "z": 1050 },
        "max": { "x": 2418.052, "y": -3411.373, "z": 1350 }
      },
      "rotation": { "x": 0, "y": 0, "z": 0 }
    },
    {
      "name": "free-bonus",
      "free": true,
      "types": [ "crystal" ],
      "modes": [ "TDM", "DM", "CTF", "CP" ],
      "parachute": true,
      "position": {
        "min": { "x": 277.518, "y": -4020.836, "z": 1050 },
        "max": { "x": 777.518, "y": -3020.836, "z": 1350 }
      },
      "rotation": { "x": 0, "y": 0, "z": 0 }
    }
  ]
}
