{
  "name": "map_pass",
  "theme": "summer_day",

  "id": 445477,
  "preview": 716334,

  "visual": {
    "angleX": -1,
    "angleZ": -0.5,

    "lightColor": 13090219,
    "shadowColor": 5530735,

    "fogAlpha": 0.25,
    "fogColor": 14545407,

    "farLimit": 10000,
    "nearLimit": 5000,

    "gravity": 1000,
    "skyboxRevolutionSpeed": 0,
    "ssaoColor": 3025184,

    "dustAlpha": 0.75,
    "dustDensity": 0.15000000596046448,
    "dustFarDistance": 7000,
    "dustNearDistance": 5000,
    "dustParticle": "summer",
    "dustSize": 200
  },
  "skybox": "Mountains",
  "resources": {
    "proplibs": [
      "City Buildings",
      "Desert Houses",
      "Industrial Bridge",
      "Industrial Elements",
      "Land Rocks",
      "Land Tiles",
      "NuBu 12",
      "NuBu 3",
      "NuBu 6",
      "NuBu 9",
      "Outer Walls",
      "Promotion",
      "Stuffs",
      "Waffle Fence"
    ],
    "map": { "id": 445477, "version": 1 }
  },
  "spawnPoints": [
    {
      "mode": "CP",
      "team": "BLUE",
      "position": { "x": 2500, "y": -2500, "z": 0 },
      "rotation": { "x": 0, "y": 0, "z": 0 }
    },
    {
      "team": "RED",
      "position": { "x": 3010.313, "y": 8552.271, "z": 0 },
      "rotation": { "x": 0, "y": 0, "z": 0 }
    },
    {
      "mode": "DM",
      "position": { "x": 1750, "y": 6750, "z": 300 },
      "rotation": { "x": 0, "y": 0, "z": 300 }
    },
    {
      "team": "RED",
      "position": { "x": -1032.207, "y": 5776.538, "z": 300 },
      "rotation": { "x": 0, "y": 0, "z": 300 }
    },
    {
      "mode": "CP",
      "team": "BLUE",
      "position": { "x": 4312.5, "y": -3062.5, "z": 0 },
      "rotation": { "x": 0, "y": 0, "z": 0 }
    },
    {
      "mode": "CP",
      "team": "BLUE",
      "position": { "x": -500, "y": -2000, "z": 0 },
      "rotation": { "x": 0, "y": 0, "z": 0 }
    },
    {
      "mode": "DM",
      "position": { "x": 2294.23, "y": -1607.779, "z": 0 },
      "rotation": { "x": 0, "y": 0, "z": 0 }
    },
    {
      "mode": "CP",
      "team": "BLUE",
      "position": { "x": -750, "y": -2875, "z": 0 },
      "rotation": { "x": 0, "y": 0, "z": 0 }
    },
    {
      "mode": "CP",
      "team": "BLUE",
      "position": { "x": -250, "y": -2625, "z": 0 },
      "rotation": { "x": 0, "y": 0, "z": 0 }
    },
    {
      "mode": "CP",
      "team": "BLUE",
      "position": { "x": 4250, "y": -2000, "z": 0 },
      "rotation": { "x": 0, "y": 0, "z": 0 }
    },
    {
      "team": "BLUE",
      "position": { "x": 4000, "y": -750, "z": 0 },
      "rotation": { "x": 0, "y": 0, "z": 0 }
    },
    {
      "mode": "DM",
      "position": { "x": 3250, "y": 9750, "z": 0 },
      "rotation": { "x": 0, "y": 0, "z": 0 }
    },
    {
      "mode": "CP",
      "team": "BLUE",
      "position": { "x": 2000, "y": -2875, "z": 0 },
      "rotation": { "x": 0, "y": 0, "z": 0 }
    },
    {
      "team": "BLUE",
      "position": { "x": -23.747, "y": -3601.949, "z": 0 },
      "rotation": { "x": 0, "y": 0, "z": 0 }
    },
    {
      "mode": "CP",
      "team": "BLUE",
      "position": { "x": 2000, "y": -1750, "z": 0 },
      "rotation": { "x": 0, "y": 0, "z": 0 }
    },
    {
      "mode": "DM",
      "position": { "x": 3250, "y": 750, "z": 300 },
      "rotation": { "x": 0, "y": 0, "z": 300 }
    },
    {
      "team": "BLUE",
      "position": { "x": -684.418, "y": -2040.873, "z": 0 },
      "rotation": { "x": 0, "y": 0, "z": 0 }
    },
    {
      "mode": "CP",
      "team": "BLUE",
      "position": { "x": 0, "y": -3625, "z": 0 },
      "rotation": { "x": 0, "y": 0, "z": 0 }
    },
    {
      "team": "RED",
      "position": { "x": 4897.073, "y": 7003.558, "z": 300 },
      "rotation": { "x": 0, "y": 0, "z": 300 }
    },
    {
      "team": "BLUE",
      "position": { "x": 2611.736, "y": -1236.484, "z": 0 },
      "rotation": { "x": 0, "y": 0, "z": 0 }
    },
    {
      "mode": "DM",
      "position": { "x": -250, "y": 9750, "z": 0 },
      "rotation": { "x": 0, "y": 0, "z": 0 }
    },
    {
      "mode": "DM",
      "position": { "x": 3009.224, "y": -1080.78, "z": 0 },
      "rotation": { "x": 0, "y": 0, "z": 0 }
    },
    {
      "team": "RED",
      "position": { "x": 2250, "y": 6250, "z": 300 },
      "rotation": { "x": 0, "y": 0, "z": 300 }
    },
    {
      "mode": "DM",
      "position": { "x": 2250, "y": 8750, "z": 0 },
      "rotation": { "x": 0, "y": 0, "z": 0 }
    },
    {
      "team": "BLUE",
      "position": { "x": 1785.435, "y": 914.91, "z": 300 },
      "rotation": { "x": 0, "y": 0, "z": 300 }
    },
    {
      "team": "BLUE",
      "position": { "x": 2469.689, "y": 1061.767, "z": 300 },
      "rotation": { "x": 0, "y": 0, "z": 300 }
    },
    {
      "mode": "DM",
      "position": { "x": 3250, "y": 6750, "z": 300 },
      "rotation": { "x": 0, "y": 0, "z": 300 }
    },
    {
      "team": "BLUE",
      "position": { "x": -1001.66, "y": 1221.048, "z": 300 },
      "rotation": { "x": 0, "y": 0, "z": 300 }
    },
    {
      "mode": "DM",
      "position": { "x": 4250, "y": 9250, "z": 0 },
      "rotation": { "x": 0, "y": 0, "z": 0 }
    },
    {
      "team": "RED",
      "position": { "x": 3972.913, "y": 10432.615, "z": 0 },
      "rotation": { "x": 0, "y": 0, "z": 0 }
    },
    {
      "team": "RED",
      "position": { "x": -720.686, "y": 6973.747, "z": 300 },
      "rotation": { "x": 0, "y": 0, "z": 300 }
    },
    {
      "team": "RED",
      "position": { "x": -1051.157, "y": 10636.435, "z": 0 },
      "rotation": { "x": 0, "y": 0, "z": 0 }
    },
    {
      "mode": "CP",
      "team": "BLUE",
      "position": { "x": 2500, "y": -3625, "z": 0 },
      "rotation": { "x": 0, "y": 0, "z": 0 }
    },
    {
      "mode": "DM",
      "position": { "x": 1000, "y": 5750, "z": 300 },
      "rotation": { "x": 0, "y": 0, "z": 300 }
    },
    {
      "mode": "CP",
      "team": "BLUE",
      "position": { "x": 3500, "y": -2250, "z": 0 },
      "rotation": { "x": 0, "y": 0, "z": 0 }
    },
    {
      "team": "BLUE",
      "position": { "x": 4125, "y": 500, "z": 300 },
      "rotation": { "x": 0, "y": 0, "z": 300 }
    },
    {
      "mode": "DM",
      "position": { "x": 750, "y": 6750, "z": 300 },
      "rotation": { "x": 0, "y": 0, "z": 300 }
    },
    {
      "mode": "DM",
      "position": { "x": 1000, "y": 500, "z": 300 },
      "rotation": { "x": 0, "y": 0, "z": 300 }
    }
  ],
  "flags": {
    "RED": {
      "position": { "x": 473.55, "y": 9482.978, "z": 0 }
    },
    "BLUE": {
      "position": { "x": 3869.3, "y": -2059.092, "z": 0 }
    }
  },
  "points": [
    {
      "id": "A",
      "distance": 1000,
      "free": false,
      "position": { "x": -1250, "y": 5250, "z": 300 }
    },
    {
      "id": "C",
      "distance": 1000,
      "free": false,
      "position": { "x": 5500, "y": 1750, "z": 300 }
    },
    {
      "id": "B",
      "distance": 1000,
      "free": false,
      "position": { "x": 2000, "y": 3000, "z": 300 }
    }
  ],
  "bonuses": [
    {
      "name": "free-bonus",
      "free": true,
      "types": [ "nitro" ],
      "modes": [ "TDM", "CTF", "DM" ],
      "parachute": true,
      "position": {
        "min": { "x": -1657.513, "y": 4723.606, "z": 975 },
        "max": { "x": -657.513, "y": 5723.606, "z": 1275 }
      },
      "rotation": { "x": 0, "y": 0, "z": 0 }
    },
    {
      "name": "free-bonus",
      "free": true,
      "types": [ "crystal" ],
      "modes": [ "CP", "TDM", "CTF", "DM" ],
      "parachute": true,
      "position": {
        "min": { "x": 787.34, "y": 2499.045, "z": 1200 },
        "max": { "x": 1287.34, "y": 2999.045, "z": 1500 }
      },
      "rotation": { "x": 0, "y": 0, "z": 0 }
    },
    {
      "name": "free-bonus",
      "free": true,
      "types": [ "nitro" ],
      "modes": [ "CP", "TDM", "CTF", "DM" ],
      "parachute": true,
      "position": {
        "min": { "x": -1213.484, "y": 2239.285, "z": 1200 },
        "max": { "x": -713.484, "y": 2739.285, "z": 1500 }
      },
      "rotation": { "x": 0, "y": 0, "z": 0 }
    },
    {
      "name": "free-bonus",
      "free": true,
      "types": [ "gold" ],
      "modes": [ "CP", "TDM", "CTF", "DM" ],
      "parachute": true,
      "position": {
        "min": { "x": 750, "y": 3750, "z": 1500 },
        "max": { "x": 1250, "y": 5250, "z": 1800 }
      },
      "rotation": { "x": 0, "y": 0, "z": 0 }
    },
    {
      "name": "free-bonus",
      "free": true,
      "types": [ "crystal" ],
      "modes": [ "TDM", "CTF", "DM" ],
      "parachute": true,
      "position": {
        "min": { "x": 1750, "y": 2750, "z": 1275 },
        "max": { "x": 2250, "y": 3250, "z": 1575 }
      },
      "rotation": { "x": 0, "y": 0, "z": 0 }
    },
    {
      "name": "free-bonus",
      "free": true,
      "types": [ "nitro" ],
      "modes": [ "TDM", "CTF", "DM" ],
      "parachute": true,
      "position": {
        "min": { "x": 5250, "y": 1875, "z": 825 },
        "max": { "x": 5750, "y": 2875, "z": 1125 }
      },
      "rotation": { "x": 0, "y": 0, "z": 0 }
    },
    {
      "name": "free-bonus",
      "free": true,
      "types": [ "gold" ],
      "modes": [ "TDM", "CTF", "DM" ],
      "parachute": true,
      "position": {
        "min": { "x": 1500, "y": 2750, "z": 1500 },
        "max": { "x": 2500, "y": 3250, "z": 1800 }
      },
      "rotation": { "x": 0, "y": 0, "z": 0 }
    },
    {
      "name": "free-bonus",
      "free": true,
      "types": [ "double_armor" ],
      "modes": [ "CP", "TDM", "CTF", "DM" ],
      "parachute": true,
      "position": {
        "min": { "x": -1047.966, "y": 346.197, "z": 1200 },
        "max": { "x": -547.966, "y": 846.197, "z": 1500 }
      },
      "rotation": { "x": 0, "y": 0, "z": 0 }
    },
    {
      "name": "free-bonus",
      "free": true,
      "types": [ "double_armor" ],
      "modes": [ "CP", "TDM", "CTF", "DM" ],
      "parachute": true,
      "position": {
        "min": { "x": 750, "y": 4125, "z": 1200 },
        "max": { "x": 1250, "y": 4625, "z": 1500 }
      },
      "rotation": { "x": 0, "y": 0, "z": 0 }
    },
    {
      "name": "free-bonus",
      "free": true,
      "types": [ "nitro" ],
      "modes": [ "CP", "TDM", "CTF", "DM" ],
      "parachute": true,
      "position": {
        "min": { "x": 1753.583, "y": 791.268, "z": 900 },
        "max": { "x": 2253.583, "y": 1291.268, "z": 1200 }
      },
      "rotation": { "x": 0, "y": 0, "z": 0 }
    },
    {
      "name": "free-bonus",
      "free": true,
      "types": [ "nitro" ],
      "modes": [ "CP" ],
      "parachute": true,
      "position": {
        "min": { "x": 7687.5, "y": 2000, "z": 750 },
        "max": { "x": 7937.5, "y": 3000, "z": 1050 }
      },
      "rotation": { "x": 0, "y": 0, "z": 0 }
    },
    {
      "name": "free-bonus",
      "free": true,
      "types": [ "nitro" ],
      "modes": [ "CP" ],
      "parachute": true,
      "position": {
        "min": { "x": -3250, "y": 4000, "z": 600 },
        "max": { "x": -3000, "y": 5000, "z": 900 }
      },
      "rotation": { "x": 0, "y": 0, "z": 0 }
    },
    {
      "name": "free-bonus",
      "free": true,
      "types": [ "crystal", "double_damage" ],
      "modes": [ "CP", "TDM", "CTF", "DM" ],
      "parachute": true,
      "position": {
        "min": { "x": 3250, "y": 3625, "z": 1200 },
        "max": { "x": 4250, "y": 4625, "z": 1500 }
      },
      "rotation": { "x": 0, "y": 0, "z": 0 }
    },
    {
      "name": "free-bonus",
      "free": true,
      "types": [ "nitro" ],
      "modes": [ "CP", "TDM", "CTF", "DM" ],
      "parachute": true,
      "position": {
        "min": { "x": 1911.654, "y": 6057.477, "z": 900 },
        "max": { "x": 2411.654, "y": 6557.477, "z": 1200 }
      },
      "rotation": { "x": 0, "y": 0, "z": 0 }
    },
    {
      "name": "free-bonus",
      "free": true,
      "types": [ "gold" ],
      "modes": [ "CP", "TDM", "CTF", "DM" ],
      "parachute": true,
      "position": {
        "min": { "x": 2625, "y": 1500, "z": 1500 },
        "max": { "x": 3375, "y": 3000, "z": 1800 }
      },
      "rotation": { "x": 0, "y": 0, "z": 0 }
    }
  ]
}
