{
  "id": "1000_scores",
  "index": 0,

  "name": {
    "en": "1000 experience",
    "ru": "1000 опыта"
  },
  "description": {
    "en": "Buying 1000 experience points, you get closer to their next rank. Having bought several thousands of experience points, you can make substantial progress on the career ladder, and thus get access to new guns, hulls and paints.\n\nAttention! \"1000 experience\" is activated automatically after it's purchased.\n\n<a href = \"http://ru.protankiwiki.com/images/a/a6/RankList.png\"><u>Rank table</u></a>",
    "ru": "Приобретая 1000 очков опыта, вы приближаетесь к своему следующему званию. Купив сразу несколько тысяч очков опыта, вы можете значительно продвинуться по карьерной лестнице и получить тем самым доступ к новым пушкам , корпусам и краскам.\n\nВнимание! \"1000 опыта\" используется автоматически сразу после покупки.\n\n<a href = \"http://ru.protankiwiki.com/images/a/a6/RankList.png\"><u>Таблица званий</u></a>"
  },

  "baseItemId": 613847,
  "previewResourceId": 613847,

  "rank": 11,
  "price": 2000,

  "properties": [ ]
}
