{
  "id": "armor",
  "index": 2,

  "name": {
    "en": "Double Armor",
    "ru": "Двойная защита"
  },
  "description": {
    "en": "Doubles protection to one minute.\n\nA set of advanced kevlar plates, mounted in standart slots. Being set in a right way they can take up 50% of kinetic and thermal energy of the impact, provided double power armor.\n\nThe devices function for the period of one minute.",
    "ru": "Удваивает защиту на минуту.\n\nНабор усовершенствованных керамо-кавлоровых бронепластин, монтируемых в стандартные слоты 600x800 мм. При весе всего в 10 кг, такая пластина способна вдвое увеличить защитные свойства штатной брони, при правильной установке принимая на себя 50% кинетической и термической энергии взрыва. В комплект также входят ножницы с победитовыми лезвиями, три катушки двухстороннего скотча и белоснежная кружевная тряпочка из некатинового материала, без которой, судя по инструкции, никак не обойтись."
  },

  "baseItemId": 824172,
  "previewResourceId": 824172,

  "rank": 4,
  "price": 50,

  "properties": [ ]
}
