{
  "id": "double_damage",
  "index": 3,

  "name": {
    "en": "Double Power",
    "ru": "Двойная энергия"
  },
  "description": {
    "en": "Doubles gun characteristics to one minute.\n\nA unique devise - small metal cluth mounted on a barrel of the turret support upper distillate with the help on two bolts (20) and one lock screw. It speeds up for several times the shell of ant nuture, plasma or impulse nanoweight, creating double power boost to any shot. Unfortunately, due to high power consumption of the electromagnetic modulator which speeds up the substance in the barrel, independent nuclear supply sourse which gives it power supply, runs down quickly and becomes useless.",
    "ru": "Удваивает характеристики пушки на минуту.\n\nУникальная военная разработка — небольшая металлическая муфта, монтируемая на среднюю часть дула посредством двух болтов на 20 и одного гроверного шурупа. Позволяет в разы увеличить выходную скорость снаряда любой природы, тем самым вдвое увеличив его поражающую способность. К сожалению, автономный источник энергии, от которого питается электромагнитный модулятор, разгоняющий материю внутри ствола, быстро разряжается и устройство приходит в негодность."
  },
  "baseItemId": 71622,
  "previewResourceId": 71622,

  "rank": 4,
  "price": 50,

  "properties": [ ]
}
