{
  "id": "health",
  "index": 1,

  "name": {
    "en": "First Aid",
    "ru": "Аптечка"
  },
  "description": {
    "en": "Gradually restores «heath» at the rate of 30 HP/sec. Heals till full healing or till all HPs are given. The amount of HPs in the medkit is equal to full «health» of the tank. Next use within 30 seconds after previous medkit activation. \nA must have item at a warfield. A set of well balanced medical items, packed in a box, helps to stay alive in a very dangerous situations. The box itself can play the role of composting tollet.",
    "ru": "Постепенно восстанавливает «здоровье» со скоростью 30 H/P сек. Лечит либо до полного исцеления, либо пока не выработает свой ресурс, равный полному запасу «здоровья» танка.\nНезаменимая вещь в бою. Набор грамотно подобранных медикаментов, аккуратно упакованных в пластиковую коробку, позволит вылечить легкие раны и неглубокие порезы. Входящие в комплект нитка, иголка и бактерицидный гель помогут приладить на место отрезанные в бою пальцы, уши и другие мелкие части тела. Сама же коробка нужна не только для хранения всего этого хозяйства, по задумке военных инженеров она также должна выполнять роль биотуалета."
  },

  "baseItemId": 716565,
  "previewResourceId": 716565,

  "rank": 3,
  "price": 150,

  "properties": [ ]
}
