{
  "id": "mine",
  "index": 5,

  "name": {
    "en": "Mine",
    "ru": "Мина"
  },
  "description": {
    "en": "Undermines enemies.\n\nThe mine it deactivated if its owner was killed, left the battle was finished. In team battles mines don't react to allies.\n\nThe mine is the friend, comrade and brother of an experienced tanker. To gain the rear of the enemy and mine his staff, protect the comrades while retreat, block approaches to the base - all this is prossible due to the inconspicuous deadly device.",
    "ru": "Подрывает противников.\n\nМина деактивируется, если владелец погиб, вышел из битвы или закончилась битва. В командной битве мины не реагируют на союзников.\n\nМина — друг, товарищ и брат опытного танкиста. Незаметно прокрасться в тыл врага и заминировать его штаб, прикрыть товарищей при отступлении, заблокировать подходы к базе — всё это стало возможным благодаря применению незаметного смертоносного устройства. Танк, подорвавшийся на мине, теряет от 120 до 240 единиц здоровья (hp). Время активации мины — 2 секунды, повторное использование мины возможно только через 30 секунд."
  },

  "baseItemId": 504645,
  "previewResourceId": 504645,

  "rank": 5,
  "price": 50,

  "properties": [ ]
}
