{
  "name": "map_noise",
  "theme": "winter_day",

  "id": 332849,
  "preview": 983773,

  "visual": {
    "angleX": -1,
    "angleZ": -0.5,

    "lightColor": 8419955,
    "shadowColor": 6184542,

    "fogAlpha": 0.25,
    "fogColor": 15333375,

    "farLimit": 10000,
    "nearLimit": 5000,

    "gravity": 1000,
    "skyboxRevolutionSpeed": 0,
    "ssaoColor": 2374217,

    "dustAlpha": 0.8999999761581421,
    "dustDensity": 0.15000000596046448,
    "dustFarDistance": 7000,
    "dustNearDistance": 5000,
    "dustParticle": "winter",
    "dustSize": 200
  },
  "skybox": "Winter",
  "resources": {
    "proplibs": [
      "Broken Walls Winter",
      "City Buildings Winter",
      "Desert Houses Winter",
      "Hangars Winter",
      "Industrial Bridge Winter",
      "Industrial Elements Winter",
      "Land Tiles Winter",
      "Outer Walls Winter",
      "Promotion Winter",
      "Stuffs Winter",
      "Waffle Fence Winter"
    ],
    "map": { "id": 332849, "version": 1 }
  },
  "spawnPoints": [
    {
      "mode": "CP",
      "team": "BLUE",
      "position": { "x": -250, "y": 3750, "z": 1200 },
      "rotation": { "x": 0, "y": 0, "z": 1200 }
    },
    {
      "team": "BLUE",
      "position": { "x": 2500, "y": -1750, "z": 0 },
      "rotation": { "x": 0, "y": 0, "z": 0 }
    },
    {
      "mode": "CP",
      "team": "BLUE",
      "position": { "x": 1000, "y": 4000, "z": 1200 },
      "rotation": { "x": 0, "y": 0, "z": 1200 }
    },
    {
      "mode": "CP",
      "team": "RED",
      "position": { "x": 5250, "y": -500, "z": 1800 },
      "rotation": { "x": 0, "y": 0, "z": 1800 }
    },
    {
      "team": "BLUE",
      "position": { "x": -1148.996, "y": 696.353, "z": 0 },
      "rotation": { "x": 0, "y": 0, "z": 0 }
    },
    {
      "mode": "CP",
      "team": "RED",
      "position": { "x": 7250, "y": -1500, "z": 1800 },
      "rotation": { "x": 0, "y": 0, "z": 1800 }
    },
    {
      "mode": "CP",
      "team": "RED",
      "position": { "x": 5750, "y": -1750, "z": 1800 },
      "rotation": { "x": 0, "y": 0, "z": 1800 }
    },
    {
      "mode": "DM",
      "position": { "x": 7750, "y": 2250, "z": 2400 },
      "rotation": { "x": 0, "y": 0, "z": 2400 }
    },
    {
      "mode": "CP",
      "team": "RED",
      "position": { "x": 4000, "y": -2000, "z": 1800 },
      "rotation": { "x": 0, "y": 0, "z": 1800 }
    },
    {
      "team": "RED",
      "position": { "x": 6276.895, "y": 5051.95, "z": 2400 },
      "rotation": { "x": 0, "y": 0, "z": 2400 }
    },
    {
      "mode": "DM",
      "position": { "x": 1125, "y": -1625, "z": 0 },
      "rotation": { "x": 0, "y": 0, "z": 0 }
    },
    {
      "mode": "CP",
      "team": "RED",
      "position": { "x": 5375, "y": 1125, "z": 1800 },
      "rotation": { "x": 0, "y": 0, "z": 1800 }
    },
    {
      "mode": "DM",
      "position": { "x": 625, "y": -1625, "z": 0 },
      "rotation": { "x": 0, "y": 0, "z": 0 }
    },
    {
      "team": "RED",
      "position": { "x": 8142.886, "y": 4592.113, "z": 2400 },
      "rotation": { "x": 0, "y": 0, "z": 2400 }
    },
    {
      "mode": "CP",
      "team": "BLUE",
      "position": { "x": 1500, "y": 4000, "z": 1200 },
      "rotation": { "x": 0, "y": 0, "z": 1200 }
    },
    {
      "mode": "CP",
      "team": "RED",
      "position": { "x": 6625, "y": 1125, "z": 1800 },
      "rotation": { "x": 0, "y": 0, "z": 1800 }
    },
    {
      "mode": "DM",
      "position": { "x": -1040.676, "y": 976.788, "z": 0 },
      "rotation": { "x": 0, "y": 0, "z": 0 }
    },
    {
      "mode": "CP",
      "team": "RED",
      "position": { "x": 7750, "y": -1250, "z": 1800 },
      "rotation": { "x": 0, "y": 0, "z": 1800 }
    },
    {
      "mode": "CP",
      "team": "RED",
      "position": { "x": 6000, "y": 1125, "z": 1800 },
      "rotation": { "x": 0, "y": 0, "z": 1800 }
    },
    {
      "team": "BLUE",
      "position": { "x": 1973.542, "y": 2067.034, "z": 0 },
      "rotation": { "x": 0, "y": 0, "z": 0 }
    },
    {
      "mode": "CP",
      "team": "RED",
      "position": { "x": 3000, "y": -1750, "z": 1800 },
      "rotation": { "x": 0, "y": 0, "z": 1800 }
    },
    {
      "mode": "DM",
      "position": { "x": 6012.512, "y": 1982.578, "z": 1800 },
      "rotation": { "x": 0, "y": 0, "z": 1800 }
    },
    {
      "mode": "DM",
      "position": { "x": 4750, "y": 2250, "z": 2400 },
      "rotation": { "x": 0, "y": 0, "z": 2400 }
    },
    {
      "mode": "DM",
      "position": { "x": 5669.818, "y": -1258.882, "z": 1800 },
      "rotation": { "x": 0, "y": 0, "z": 1800 }
    },
    {
      "mode": "CP",
      "team": "RED",
      "position": { "x": 7750, "y": -500, "z": 1800 },
      "rotation": { "x": 0, "y": 0, "z": 1800 }
    },
    {
      "mode": "DM",
      "position": { "x": 6269.365, "y": 5055.542, "z": 2400 },
      "rotation": { "x": 0, "y": 0, "z": 2400 }
    },
    {
      "mode": "CP",
      "team": "BLUE",
      "position": { "x": 500, "y": 2500, "z": 1200 },
      "rotation": { "x": 0, "y": 0, "z": 1200 }
    },
    {
      "team": "RED",
      "position": { "x": 5982.474, "y": 1957.138, "z": 1800 },
      "rotation": { "x": 0, "y": 0, "z": 1800 }
    },
    {
      "team": "BLUE",
      "position": { "x": -750, "y": -812.5, "z": 0 },
      "rotation": { "x": 0, "y": 0, "z": 0 }
    },
    {
      "team": "BLUE",
      "position": { "x": 3000, "y": 1000, "z": 0 },
      "rotation": { "x": 0, "y": 0, "z": 0 }
    },
    {
      "mode": "CP",
      "team": "BLUE",
      "position": { "x": 500, "y": 2250, "z": 1200 },
      "rotation": { "x": 0, "y": 0, "z": 1200 }
    },
    {
      "mode": "CP",
      "team": "RED",
      "position": { "x": 5750, "y": -1250, "z": 1800 },
      "rotation": { "x": 0, "y": 0, "z": 1800 }
    },
    {
      "mode": "CP",
      "team": "RED",
      "position": { "x": 3500, "y": -1750, "z": 1800 },
      "rotation": { "x": 0, "y": 0, "z": 1800 }
    },
    {
      "mode": "CP",
      "team": "BLUE",
      "position": { "x": 2500, "y": 3500, "z": 1200 },
      "rotation": { "x": 0, "y": 0, "z": 1200 }
    },
    {
      "team": "RED",
      "position": { "x": 4750, "y": 2250, "z": 2400 },
      "rotation": { "x": 0, "y": 0, "z": 2400 }
    },
    {
      "team": "RED",
      "position": { "x": 7622.731, "y": 5099.549, "z": 2400 },
      "rotation": { "x": 0, "y": 0, "z": 2400 }
    },
    {
      "mode": "DM",
      "position": { "x": 7616.284, "y": 4656.202, "z": 2400 },
      "rotation": { "x": 0, "y": 0, "z": 2400 }
    },
    {
      "mode": "CP",
      "team": "BLUE",
      "position": { "x": -750, "y": 4000, "z": 1200 },
      "rotation": { "x": 0, "y": 0, "z": 1200 }
    },
    {
      "mode": "CP",
      "team": "BLUE",
      "position": { "x": 500, "y": 4000, "z": 1200 },
      "rotation": { "x": 0, "y": 0, "z": 1200 }
    },
    {
      "team": "BLUE",
      "position": { "x": 250, "y": -1625, "z": 0 },
      "rotation": { "x": 0, "y": 0, "z": 0 }
    },
    {
      "team": "RED",
      "position": { "x": 7750, "y": 2250, "z": 2400 },
      "rotation": { "x": 0, "y": 0, "z": 2400 }
    },
    {
      "mode": "CP",
      "team": "BLUE",
      "position": { "x": 500, "y": 2750, "z": 1200 },
      "rotation": { "x": 0, "y": 0, "z": 1200 }
    },
    {
      "mode": "CP",
      "team": "BLUE",
      "position": { "x": 750, "y": 1750, "z": 1200 },
      "rotation": { "x": 0, "y": 0, "z": 1200 }
    },
    {
      "mode": "DM",
      "position": { "x": -875, "y": 4625, "z": 1200 },
      "rotation": { "x": 0, "y": 0, "z": 1200 }
    },
    {
      "mode": "DM",
      "position": { "x": 2875, "y": 2000, "z": 1200 },
      "rotation": { "x": 0, "y": 0, "z": 1200 }
    },
    {
      "mode": "DM",
      "position": { "x": 2625, "y": 4750, "z": 1200 },
      "rotation": { "x": 0, "y": 0, "z": 1200 }
    },
    {
      "mode": "CP",
      "team": "BLUE",
      "position": { "x": 2500, "y": 4750, "z": 1200 },
      "rotation": { "x": 0, "y": 0, "z": 1200 }
    }
  ],
  "flags": {
    "RED": {
      "position": { "x": 6250, "y": 3000, "z": 2400 }
    },
    "BLUE": {
      "position": { "x": 750, "y": -1750, "z": 0 }
    }
  },
  "points": [
    {
      "id": "C",
      "distance": 1000,
      "free": false,
      "position": { "x": 1000, "y": -500, "z": 0 }
    },
    {
      "id": "B",
      "distance": 1000,
      "free": false,
      "position": { "x": 6500, "y": 3000, "z": 2400 }
    },
    {
      "id": "A",
      "distance": 500,
      "free": false,
      "position": { "x": 2750, "y": 1250, "z": 1800 }
    }
  ],
  "bonuses": [
    {
      "name": "free-bonus",
      "free": true,
      "types": [ "nitro" ],
      "modes": [ "DM", "CTF", "TDM" ],
      "parachute": true,
      "position": {
        "min": { "x": 250, "y": -875, "z": 675 },
        "max": { "x": 750, "y": -375, "z": 975 }
      },
      "rotation": { "x": 0, "y": 0, "z": 0 }
    },
    {
      "name": "free-bonus",
      "free": true,
      "types": [ "double_armor" ],
      "modes": [ "DM", "CTF", "TDM" ],
      "parachute": true,
      "position": {
        "min": { "x": 2750, "y": 4250, "z": 3300 },
        "max": { "x": 3250, "y": 4750, "z": 3600 }
      },
      "rotation": { "x": 0, "y": 0, "z": 0 }
    },
    {
      "name": "free-bonus",
      "free": true,
      "types": [ "crystal" ],
      "modes": [ "DM", "CTF", "TDM" ],
      "parachute": true,
      "position": {
        "min": { "x": 3125, "y": -1875, "z": 2550 },
        "max": { "x": 3625, "y": -1375, "z": 2850 }
      },
      "rotation": { "x": 0, "y": 0, "z": 0 }
    },
    {
      "name": "free-bonus",
      "free": true,
      "types": [ "double_damage" ],
      "modes": [ "DM", "CTF", "CP", "TDM" ],
      "parachute": true,
      "position": {
        "min": { "x": -750, "y": -250, "z": 1800 },
        "max": { "x": -250, "y": 250, "z": 2100 }
      },
      "rotation": { "x": 0, "y": 0, "z": 0 }
    },
    {
      "name": "free-bonus",
      "free": true,
      "types": [ "double_armor" ],
      "modes": [ "DM", "CTF", "CP", "TDM" ],
      "parachute": true,
      "position": {
        "min": { "x": 1750, "y": -1750, "z": 1500 },
        "max": { "x": 2250, "y": -1250, "z": 1800 }
      },
      "rotation": { "x": 0, "y": 0, "z": 0 }
    },
    {
      "name": "free-bonus",
      "free": true,
      "types": [ "nitro" ],
      "modes": [ "CP" ],
      "parachute": true,
      "position": {
        "min": { "x": 4500, "y": 2000, "z": 3300 },
        "max": { "x": 5000, "y": 2500, "z": 3600 }
      },
      "rotation": { "x": 0, "y": 0, "z": 0 }
    },
    {
      "name": "free-bonus",
      "free": true,
      "types": [ "crystal" ],
      "modes": [ "DM", "CTF", "CP", "TDM" ],
      "parachute": true,
      "position": {
        "min": { "x": 5750, "y": 0, "z": 2550 },
        "max": { "x": 6250, "y": 500, "z": 2850 }
      },
      "rotation": { "x": 0, "y": 0, "z": 0 }
    },
    {
      "name": "free-bonus",
      "free": true,
      "types": [ "nitro" ],
      "modes": [ "DM", "CTF", "TDM" ],
      "parachute": true,
      "position": {
        "min": { "x": 5500, "y": 2500, "z": 3375 },
        "max": { "x": 6000, "y": 3000, "z": 3675 }
      },
      "rotation": { "x": 0, "y": 0, "z": 0 }
    },
    {
      "name": "free-bonus",
      "free": true,
      "types": [ "health", "crystal" ],
      "modes": [ "DM", "CTF", "CP", "TDM" ],
      "parachute": true,
      "position": {
        "min": { "x": 1250, "y": 750, "z": 1950 },
        "max": { "x": 1750, "y": 1250, "z": 2250 }
      },
      "rotation": { "x": 0, "y": 0, "z": 0 }
    },
    {
      "name": "free-bonus",
      "free": true,
      "types": [ "double_damage" ],
      "modes": [ "CP", "TDM" ],
      "parachute": true,
      "position": {
        "min": { "x": 5750, "y": 0, "z": 2700 },
        "max": { "x": 6250, "y": 500, "z": 3000 }
      },
      "rotation": { "x": 0, "y": 0, "z": 0 }
    },
    {
      "name": "free-bonus",
      "free": true,
      "types": [ "gold" ],
      "modes": [ "DM", "CTF", "TDM" ],
      "parachute": true,
      "position": {
        "min": { "x": 375, "y": 2250, "z": 2400 },
        "max": { "x": 875, "y": 3000, "z": 2700 }
      },
      "rotation": { "x": 0, "y": 0, "z": 0 }
    },
    {
      "name": "free-bonus",
      "free": true,
      "types": [ "crystal" ],
      "modes": [ "DM", "CTF", "CP", "TDM" ],
      "parachute": true,
      "position": {
        "min": { "x": 500, "y": 2750, "z": 1950 },
        "max": { "x": 1000, "y": 3250, "z": 2250 }
      },
      "rotation": { "x": 0, "y": 0, "z": 0 }
    },
    {
      "name": "free-bonus",
      "free": true,
      "types": [ "double_armor" ],
      "modes": [ "CP" ],
      "parachute": true,
      "position": {
        "min": { "x": 1000, "y": 3500, "z": 1950 },
        "max": { "x": 1500, "y": 4000, "z": 2250 }
      },
      "rotation": { "x": 0, "y": 0, "z": 0 }
    },
    {
      "name": "free-bonus",
      "free": true,
      "types": [ "double_damage" ],
      "modes": [ "DM", "CTF", "TDM" ],
      "parachute": true,
      "position": {
        "min": { "x": 5750, "y": 375, "z": 2700 },
        "max": { "x": 6250, "y": 875, "z": 3000 }
      },
      "rotation": { "x": 0, "y": 0, "z": 0 }
    },
    {
      "name": "free-bonus",
      "free": true,
      "types": [ "gold" ],
      "modes": [ "DM", "CTF", "CP", "TDM" ],
      "parachute": true,
      "position": {
        "min": { "x": 1125, "y": 375, "z": 2100 },
        "max": { "x": 1875, "y": 1125, "z": 2400 }
      },
      "rotation": { "x": 0, "y": 0, "z": 0 }
    },
    {
      "name": "free-bonus",
      "free": true,
      "types": [ "nitro" ],
      "modes": [ "DM", "CTF", "TDM" ],
      "parachute": true,
      "position": {
        "min": { "x": 62.5, "y": -2062.5, "z": 600 },
        "max": { "x": 312.5, "y": -1562.5, "z": 900 }
      },
      "rotation": { "x": 0, "y": 0, "z": 0 }
    }
  ]
}
