{
  "id": "black",
  "index": 28,

  "name": {
    "en": "Black",
    "ru": "Чёрный"
  },
  "description": {
    "en": "This color has become the unofficial standard for the saboteur tank division, whose main task is to penetrate enemy territory during the night. Within military circles, these elite divisions have been nicknamed «The black spots of death».",
    "ru": "Данная расцветка стала негласным стандартом для диверсионных танковых дивизий, основной задачей которых является скрытное проникновение на территорию врага в темное время суток. В армейских кругах танки из таких элитных дивизий за глаза с завистью называют «чёрные пятна смерти»."
  },

  "baseItemId": 468704,
  "previewResourceId": 468704,

  "rank": 1,
  "price": 100,

  "coloring": 976299,

  "properties": [ ]
}
