{
  "id": "carbon",
  "index": 42,

  "name": {
    "en": "Carbon",
    "ru": "Карбон"
  },
  "description": {
    "en": "A combination of high-tech carbon fiber and high-resistance paint. Includes a special substance meant for disrupting enemy sighting systems, even though this is prohibited by the Tank Movement Inspection Directorate.",
    "ru": "Сочетание высоких технологий, углеродного волокна и особой краски повышенной стойкости. В комплект поставки входит тонировка на прицельные комплексы, но по закону она запрещена требованиями инспекции танкового движения"
  },

  "baseItemId": 865963,
  "previewResourceId": 865963,

  "rank": 9,
  "price": 6500,

  "coloring": 739386,

  "properties": [
    { "property": "TWINS_RESISTANCE", "value": 6 },
    { "property": "SMOKY_RESISTANCE", "value": 19 },
    { "property": "SHAFT_RESISTANCE", "value": 6 }
  ]
}
