{
  "id": "corrosion",
  "index": 44,

  "name": {
    "en": "Corrosion",
    "ru": "Ржавчина"
  },
  "description": {
    "en": "For the tanker who wants to go beyond using bullets, and venture into the realm of chemical tetanus-powered warfare, the «Corrosion» paint is the perfect companion.",
    "ru": "Антипафос, антигламур и вызов моде! Кровавая ржавчина — выбор суровых танкистов, презирающих лоск и блеск. Полученная путём окисления металлической стружки в ванночках с кровью, эта краска говорит о брутальности и твёрдости характера танкиста."
  },

  "baseItemId": 92554,
  "previewResourceId": 92554,

  "rank": 11,
  "price": 18500,

  "coloring": 967180,

  "properties": [
    { "property": "RAILGUN_RESISTANCE", "value": 10 },
    { "property": "THUNDER_RESISTANCE", "value": 13 },
    { "property": "SHAFT_RESISTANCE", "value": 13 }
  ]
}
