{
  "id": "flora",
  "index": 31,

  "name": {
    "en": "Flora",
    "ru": "Флора"
  },
  "description": {
    "en": "This is one of two paints specifically designed for ground operations in a mid latitude climate. According to reports from the independent organization «True Camouflage», a tank wearing this particular combination of yellow, green and brown, is less likely to be detected in such regions.",
    "ru": "Одна из двух расцветок, специально разработанных для наземных операций в средних климатических широтах. Судя по отчетам независимой организации «Верный камуфляж», такая комбинация жёлтых, зелёных и коричневых пятен снижает вероятность обнаружения танка в «родной стихии»."
  },

  "baseItemId": 95646,
  "previewResourceId": 95646,

  "rank": 2,
  "price": 500,

  "coloring": 817810,

  "properties": [
    { "property": "SMOKY_RESISTANCE", "value": 10 }
  ]
}
