{
  "id": "lead",
  "index": 39,

  "name": {
    "en": "Lead",
    "ru": "Свинец"
  },
  "description": {
    "en": "Lead has long been known for its protection against radiation. This lead-infused paint takes advantage of these properties.",
    "ru": "Свинец — самая надёжная защита от излучения, это знали ещё в двадцатом веке. Покрытая свинцовым напылением броня эффективно защищает репродуктивную систему танкиста от радиации, позволяя сохранять бодрость духа даже в самых «горячих» переделках!"
  },

  "baseItemId": 829177,
  "previewResourceId": 829177,

  "rank": 8,
  "price": 3000,

  "coloring": 560996,

  "properties": [
    { "property": "SHAFT_RESISTANCE", "value": 22 }
  ]
}
