{
  "id": "marine",
  "index": 32,

  "name": "Морпех",
  "description": "Это покрытие прекрасно держится на танке даже после продолжительного контакта с солёной водой. Хитрые танкисты покрывают танк этой краской изнутри, после чего используют его как большую бочку для засаливания огурцов на зиму.",

  "baseItemId": 682329,
  "previewResourceId": 682329,

  "rank": 2,
  "price": 500,

  "coloring": 662824,

  "properties": [
    { "property": "FIREBIRD_RESISTANCE", "value": 10 }
  ]
}
