{
  "id": "needle",
  "index": 64,

  "name": {
    "en": "Needle",
    "ru": "Хвоя"
  },
  "description": {
    "en": "Using spruce from sustainable-only areas, the «Needle» paint is prepared using 25 square meters of spruce, cut down and shredded into miniature wooden needles, and bound together using a special type of resin.",
    "ru": "Для производства одной банки краски «Хвоя», изготовленной на основе иголочек хвойных деревьев, вырубается 25 квадратных метров молодого ельника. Но каждый снайпер знает, что хвойная присыпка — лучший способ маскировки!"
  },

  "baseItemId": 648950,
  "previewResourceId": 648950,

  "rank": 24,
  "price": 180000,

  "coloring": 216783,

  "properties": [
    { "property": "RICOCHET_RESISTANCE", "value": 22 },
    { "property": "SMOKY_RESISTANCE", "value": 50 },
    { "property": "SHAFT_RESISTANCE", "value": 28 }
  ]
}
