{
  "id": "premium",
  "index": 24,

  "name": {
    "en": "Premium paint",
    "ru": "Премиум краска"
  },
  "description": {
    "en": "A regular, non-animated paint that serves as an aesthetic coating for your tank. Its color scheme might potentially offer some camouflage benefits, but besides that, the paint does not offer any functional gameplay advantages.",
    "ru": "Специальная краска с уникальным дизайном — превосходный выбор для тех, кто любой ценой стремится достичь максимума в игре."
  },

  "baseItemId": 910936,
  "previewResourceId": 910936,

  "rank": 1,
  "price": 0,

  "coloring": 703442,

  "properties": [
    { "property": "SMOKY_RESISTANCE", "value": 15 },
    { "property": "TWINS_RESISTANCE", "value": 15 },
    { "property": "RICOCHET_RESISTANCE", "value": 15 },
    { "property": "THUNDER_RESISTANCE", "value": 15 },
    { "property": "RAILGUN_RESISTANCE", "value": 15 },
    { "property": "SHAFT_RESISTANCE", "value": 15 },
    { "property": "FIREBIRD_RESISTANCE", "value": 15 },
    { "property": "FREEZE_RESISTANCE", "value": 15 },
    { "property": "ISIS_RESISTANCE", "value": 15 },
    { "property": "MINE_RESISTANCE", "value": 15 }
  ]
}
