{
  "id": "prodigi",
  "index": 67,

  "name": {
    "en": "Prodigi",
    "ru": "Продиджи"
  },
  "description": {
    "en": "An enhanced digital paint with a pattern that is intended to distract and disorient your enemy, making them more likely to miss when firing at you.",
    "ru": "Усовершенствованная версия стандартного «Диджитала» выполнена по секретной технологии «Рябь в глазах». Она не только надёжно маскирует танк, но и раздражает противника, заставляя его чаще ошибаться."
  },

  "baseItemId": 645131,
  "previewResourceId": 645131,

  "rank": 26,
  "price": 204000,

  "coloring": 78411,

  "properties": [
    { "property": "FIREBIRD_RESISTANCE", "value": 7 },
    { "property": "THUNDER_RESISTANCE", "value": 23 },
    { "property": "RAILGUN_RESISTANCE", "value": 50 },
    { "property": "SHAFT_RESISTANCE", "value": 20 }
  ]
}
