{
  "id": "python",
  "index": 60,

  "name": {
    "en": "Python",
    "ru": "Питон"
  },
  "description": {
    "en": "This paint is an exact replica of a giant python's skin. It also replicates the snake's properties of extreme elasticity, as well as its scaly texture.",
    "ru": "Покрытие «Питон» — это не стилизация под змеиную шкуру, а цельная кожа настоящего питона. Покрытие ею танка производится по хитроумной технологии: камбоджийского гигантского питона морят голодом, а затем подсовывают ему обмазанный свиным жиром танк. Змея глотает его целиком, всё лишнее отрезается."
  },

  "baseItemId": 167323,
  "previewResourceId": 167323,

  "rank": 20,
  "price": 103000,

  "coloring": 704601,

  "properties": [
    { "property": "FREEZE_RESISTANCE", "value": 42 },
    { "property": "SHAFT_RESISTANCE", "value": 33 }
  ]
}
