{
  "id": "red",
  "index": 26,

  "name": {
    "en": "Red",
    "ru": "Красный"
  },
  "description": {
    "en": "The red color - the embodiment of rage and courage. It also has the practical application of being able to hide any traces of enemy blood.",
    "ru": "Красный цвет — воплощение ярости и отваги, обладает также природной практичностью, позволяя деликатно скрывать пятна вражеской крови, неизбежно появляющиеся на корпусе, как бы вы ни аккуратничали."
  },

  "baseItemId": 471061,
  "previewResourceId": 471061,

  "rank": 1,
  "price": 100,

  "coloring": 529101,

  "properties": [
    { "property": "MINE_RESISTANCE", "value": 99 }
  ]
}
