{
  "id": "sandstone",
  "index": 61,

  "name": {
    "en": "Sandstone",
    "ru": "Песчаник"
  },
  "description": {
    "en": "The paint combines the masking properties of sand, with wind-tempered stone. The «Sandstone» set comes bundled with bathing trunks or bikini of choice, sunglasses and a parasol.",
    "ru": "Покрытие «Песчаник» сочетает в себе маскирующие свойства песочной раскраски и прочность закалённого ветрами камня. Подарочный комплект «Песчаника» включает в себя купальные плавки или бикини на выбор, солнечные очки и пляжный зонт."
  },

  "baseItemId": 379571,
  "previewResourceId": 379571,

  "rank": 21,
  "price": 116000,

  "coloring": 519187,

  "properties": [
    { "property": "TWINS_RESISTANCE", "value": 10 },
    { "property": "THUNDER_RESISTANCE", "value": 20 },
    { "property": "RAILGUN_RESISTANCE", "value": 30 },
    { "property": "SHAFT_RESISTANCE", "value": 20 }
  ]
}
