{
  "id": "savanna",
  "index": 53,

  "name": {
    "en": "Savanna",
    "ru": "Саванна"
  },
  "description": {
    "en": "Perfect for hiding among thick foliage such as jungle environments. Careful though... gorillas are known to use leaves for «cleaning» purposes.",
    "ru": "Этот камуфляж скроет вас среди пальм. Пляж тоже подойдёт, но, пожалуйста, не оставляйте гильзы от танковых снарядов на песке, это доставляет неудобства отдыхающим."
  },

  "baseItemId": 388701,
  "previewResourceId": 388701,

  "rank": 16,
  "price": 50500,

  "coloring": 299478,

  "properties": [
    { "property": "RICOCHET_RESISTANCE", "value": 10 },
    { "property": "SMOKY_RESISTANCE", "value": 30 },
    { "property": "RAILGUN_RESISTANCE", "value": 15 }
  ]
}
