{
  "id": "swamp",
  "index": 33,

  "name": {
    "en": "Swamp",
    "ru": "Болотный"
  },
  "description": {
    "en": "This paint was created after a tank battalion leader accidentally fell asleep, and drove his comrades into a swamp, where a secret operation for training saboteur frogs was being conducted.",
    "ru": "Случайно заснувший ведущий танкового батальона завёл своих товарищей в болото, где проводилась тайная операция по подготовке жаб-диверсантов, и около десяти тысяч экземпляров превратились в прототип этой окраски."
  },

  "baseItemId": 300293,
  "previewResourceId": 300293,

  "rank": 3,
  "price": 900,

  "coloring": 172172,

  "properties": [
    { "property": "TWINS_RESISTANCE", "value": 10 }
  ]
}
