{
  "id": "swash",
  "index": 47,

  "name": {
    "en": "Swash",
    "ru": "Прибой"
  },
  "description": {
    "en": "The formula of the «Swash» cover was stolen from a secret laboratory codenamed <Aqua>, specializing in genetic experiments on fish. Thanks to its special heat-reflecting properties, this paint gives the air inside the tank a refreshing seaside freshness.",
    "ru": "Формула покрытия «Прибой» была похищена из секретной лаборатории под кодовым названием «Аква», специализирующейся на генетических экспериментах над рыбами. Благодаря особым теплоотражающим свойствам краска придаёт воздуху внутри танка морскую свежесть"
  },

  "baseItemId": 344971,
  "previewResourceId": 344971,

  "rank": 12,
  "price": 24500,

  "coloring": 48688,

  "properties": [
    { "property": "ISIS_RESISTANCE", "value": 9 },
    { "property": "FIREBIRD_RESISTANCE", "value": 15 },
    { "property": "TWINS_RESISTANCE", "value": 10 },
    { "property": "SMOKY_RESISTANCE", "value": 5 }
  ]
}
