{
  "id": "tundra",
  "index": 45,

  "name": {
    "en": "Tundra",
    "ru": "Тундра"
  },
  "description": {
    "en": "Gives your tank an intimidating, battle-hardened look. Nobody will dare mess with you.",
    "ru": "Одна из немногих по-настоящему стильных камуфляжных красок. Текстура сурова и по-мужски проста. Делает танк менее заметным на поле боя."
  },

  "baseItemId": 985440,
  "previewResourceId": 985440,

  "rank": 11,
  "price": 18500,

  "coloring": 689436,

  "properties": [
    { "property": "SMOKY_RESISTANCE", "value": 10 },
    { "property": "RAILGUN_RESISTANCE", "value": 25 }
  ]
}
