{
  "id": "zeus",
  "index": 65,
  
  "name": {
    "en": "Zeus",
    "ru": "Зевс"
  },
  "description": {
    "en": "Fashioned after the Greek god known for his love of thunderbolts, this paint will signal to your enemies that you're a force not to be taken lightly.",
    "ru": "Краска «Зевс» названа так за свою необычную текстуру. Яркие вспышки молний на вашем танке ослабят бдительность вражеских танков и позволят вам выглядеть круто в любой битве. "
  },

  "baseItemId": 123565,
  "previewResourceId": 123565,

  "rank": 24,
  "price": 180000,

  "coloring": 412123,

  "properties": [
    { "property": "FIREBIRD_RESISTANCE", "value": 50 },
    { "property": "FREEZE_RESISTANCE", "value": 25 },
    { "property": "SMOKY_RESISTANCE", "value": 25 }
  ]
}
