{
  "name": "map_montecarlo",
  "theme": "summer_day",

  "id": 448135,
  "preview": 833634,

  "visual": {
    "angleX": -1,
    "angleZ": -0.5,

    "lightColor": 13090219,
    "shadowColor": 5530735,

    "fogAlpha": 0.25,
    "fogColor": 10543615,

    "farLimit": 10000,
    "nearLimit": 5000,

    "gravity": 1000,
    "skyboxRevolutionSpeed": 0,
    "ssaoColor": 2045258,

    "dustAlpha": 0.75,
    "dustDensity": 0.15000000596046448,
    "dustFarDistance": 7000,
    "dustNearDistance": 5000,
    "dustParticle": "summer",
    "dustSize": 200
  },
  "skybox": "Hills",
  "resources": {
    "proplibs": [
      "Bridge Parts",
      "Concrete Tiles",
      "Concrete Walls",
      "Promotion",
      "Slopes Rises",
      "Small Bridge"
    ],
    "map": { "id": 448135, "version": 1 }
  },
  "spawnPoints": [
    {
      "team": "RED",
      "position": { "x": 1195.063, "y": -375.052, "z": 0 },
      "rotation": { "x": 0, "y": 0, "z": 0 }
    },
    {
      "team": "BLUE",
      "position": { "x": -8658.943, "y": 451.808, "z": 0 },
      "rotation": { "x": 0, "y": 0, "z": 0 }
    },
    {
      "team": "RED",
      "position": { "x": 1250, "y": -6250, "z": 0 },
      "rotation": { "x": 0, "y": 0, "z": 0 }
    },
    {
      "mode": "CP",
      "team": "RED",
      "position": { "x": 5484.062, "y": -257.875, "z": -1200 },
      "rotation": { "x": 0, "y": 0, "z": -1200 }
    },
    {
      "mode": "CP",
      "team": "RED",
      "position": { "x": 6192.091, "y": 521.265, "z": -900 },
      "rotation": { "x": 0, "y": 0, "z": -900 }
    },
    {
      "team": "RED",
      "position": { "x": 870.854, "y": 1035.032, "z": 0 },
      "rotation": { "x": 0, "y": 0, "z": 0 }
    },
    {
      "team": "BLUE",
      "position": { "x": -12980.747, "y": -7274.265, "z": -1200 },
      "rotation": { "x": 0, "y": 0, "z": -1200 }
    },
    {
      "team": "RED",
      "position": { "x": 5566.646, "y": 2215.841, "z": -1200 },
      "rotation": { "x": 0, "y": 0, "z": -1200 }
    },
    {
      "mode": "DM",
      "position": { "x": -8329.665, "y": -9237.568, "z": 0 },
      "rotation": { "x": 0, "y": 0, "z": 0 }
    },
    {
      "mode": "DM",
      "position": { "x": -8395.547, "y": -9351.778, "z": 0 },
      "rotation": { "x": 0, "y": 0, "z": 0 }
    },
    {
      "team": "BLUE",
      "position": { "x": -13149.049, "y": -4705.652, "z": -1200 },
      "rotation": { "x": 0, "y": 0, "z": -1200 }
    },
    {
      "mode": "CP",
      "team": "BLUE",
      "position": { "x": -12985.568, "y": -7199.008, "z": -1200 },
      "rotation": { "x": 0, "y": 0, "z": -1200 }
    },
    {
      "mode": "CP",
      "team": "BLUE",
      "position": { "x": -13550.753, "y": -3346.567, "z": -900 },
      "rotation": { "x": 0, "y": 0, "z": -900 }
    },
    {
      "team": "BLUE",
      "position": { "x": -8676.167, "y": -13.039, "z": 0 },
      "rotation": { "x": 0, "y": 0, "z": 0 }
    },
    {
      "team": "BLUE",
      "position": { "x": -8577.356, "y": -3700.243, "z": 0 },
      "rotation": { "x": 0, "y": 0, "z": 0 }
    },
    {
      "team": "BLUE",
      "position": { "x": -13051.283, "y": -7254.507, "z": -1200 },
      "rotation": { "x": 0, "y": 0, "z": -1200 }
    },
    {
      "mode": "DM",
      "position": { "x": 5695.12, "y": 4411.812, "z": -900 },
      "rotation": { "x": 0, "y": 0, "z": -900 }
    },
    {
      "team": "BLUE",
      "position": { "x": -8246.099, "y": -5194.841, "z": 0 },
      "rotation": { "x": 0, "y": 0, "z": 0 }
    },
    {
      "mode": "DM",
      "position": { "x": -7740.139, "y": -2713.353, "z": -1800 },
      "rotation": { "x": 0, "y": 0, "z": -1800 }
    },
    {
      "team": "BLUE",
      "position": { "x": -8405.922, "y": -5679.612, "z": 0 },
      "rotation": { "x": 0, "y": 0, "z": 0 }
    },
    {
      "team": "BLUE",
      "position": { "x": -8641.796, "y": 825.039, "z": 0 },
      "rotation": { "x": 0, "y": 0, "z": 0 }
    },
    {
      "team": "RED",
      "position": { "x": 1250, "y": -5250, "z": 0 },
      "rotation": { "x": 0, "y": 0, "z": 0 }
    },
    {
      "mode": "CP",
      "team": "RED",
      "position": { "x": 5398.474, "y": -3093.757, "z": -900 },
      "rotation": { "x": 0, "y": 0, "z": -900 }
    },
    {
      "team": "RED",
      "position": { "x": 5531.292, "y": 2257.307, "z": -1200 },
      "rotation": { "x": 0, "y": 0, "z": -1200 }
    },
    {
      "mode": "CP",
      "team": "RED",
      "position": { "x": 5901.809, "y": -2687.853, "z": -900 },
      "rotation": { "x": 0, "y": 0, "z": -900 }
    },
    {
      "mode": "CP",
      "team": "RED",
      "position": { "x": 6022.263, "y": -2018.514, "z": -900 },
      "rotation": { "x": 0, "y": 0, "z": -900 }
    },
    {
      "team": "RED",
      "position": { "x": 1250, "y": -5750, "z": 0 },
      "rotation": { "x": 0, "y": 0, "z": 0 }
    },
    {
      "mode": "CP",
      "team": "BLUE",
      "position": { "x": -13443.647, "y": -2714.657, "z": -900 },
      "rotation": { "x": 0, "y": 0, "z": -900 }
    },
    {
      "mode": "CP",
      "team": "RED",
      "position": { "x": 5481.335, "y": 2237.285, "z": -1200 },
      "rotation": { "x": 0, "y": 0, "z": -1200 }
    },
    {
      "mode": "DM",
      "position": { "x": -8270.497, "y": 4315.703, "z": 0 },
      "rotation": { "x": 0, "y": 0, "z": 0 }
    },
    {
      "mode": "CP",
      "team": "RED",
      "position": { "x": 6018.465, "y": 4284.516, "z": -900 },
      "rotation": { "x": 0, "y": 0, "z": -900 }
    },
    {
      "mode": "DM",
      "position": { "x": -13256.943, "y": -9219.622, "z": -900 },
      "rotation": { "x": 0, "y": 0, "z": -900 }
    },
    {
      "team": "RED",
      "position": { "x": 5497.154, "y": -240.823, "z": -1200 },
      "rotation": { "x": 0, "y": 0, "z": -1200 }
    },
    {
      "mode": "CP",
      "team": "BLUE",
      "position": { "x": -13628.964, "y": -8489.086, "z": -900 },
      "rotation": { "x": 0, "y": 0, "z": -900 }
    },
    {
      "mode": "DM",
      "position": { "x": 5750, "y": -2375, "z": -900 },
      "rotation": { "x": 0, "y": 0, "z": -900 }
    },
    {
      "mode": "CP",
      "team": "BLUE",
      "position": { "x": -13706.972, "y": -5977.142, "z": -900 },
      "rotation": { "x": 0, "y": 0, "z": -900 }
    },
    {
      "team": "RED",
      "position": { "x": 5504.295, "y": -308.849, "z": -1200 },
      "rotation": { "x": 0, "y": 0, "z": -1200 }
    },
    {
      "mode": "DM",
      "position": { "x": 752.356, "y": 4466.646, "z": 0 },
      "rotation": { "x": 0, "y": 0, "z": 0 }
    },
    {
      "mode": "CP",
      "team": "BLUE",
      "position": { "x": -12963.289, "y": -2354.357, "z": -900 },
      "rotation": { "x": 0, "y": 0, "z": -900 }
    },
    {
      "mode": "CP",
      "team": "BLUE",
      "position": { "x": -12962.342, "y": -4721.924, "z": -1200 },
      "rotation": { "x": 0, "y": 0, "z": -1200 }
    },
    {
      "mode": "DM",
      "position": { "x": 493.926, "y": -8962.469, "z": 0 },
      "rotation": { "x": 0, "y": 0, "z": 0 }
    },
    {
      "mode": "CP",
      "team": "BLUE",
      "position": { "x": -12448.86, "y": -9515.46, "z": -900 },
      "rotation": { "x": 0, "y": 0, "z": -900 }
    },
    {
      "mode": "CP",
      "team": "BLUE",
      "position": { "x": -13720.352, "y": -9142.588, "z": -900 },
      "rotation": { "x": 0, "y": 0, "z": -900 }
    },
    {
      "mode": "DM",
      "position": { "x": -13003.479, "y": -3063.836, "z": -900 },
      "rotation": { "x": 0, "y": 0, "z": -900 }
    },
    {
      "mode": "CP",
      "team": "RED",
      "position": { "x": 5509.122, "y": 4650.156, "z": -900 },
      "rotation": { "x": 0, "y": 0, "z": -900 }
    },
    {
      "team": "RED",
      "position": { "x": 1031.733, "y": 664.841, "z": 0 },
      "rotation": { "x": 0, "y": 0, "z": 0 }
    },
    {
      "mode": "CP",
      "team": "RED",
      "position": { "x": 5994.693, "y": 3592.535, "z": -900 },
      "rotation": { "x": 0, "y": 0, "z": -900 }
    },
    {
      "mode": "DM",
      "position": { "x": 585.65, "y": 4288.606, "z": 0 },
      "rotation": { "x": 0, "y": 0, "z": 0 }
    },
    {
      "mode": "DM",
      "position": { "x": 750, "y": -2750, "z": -1800 },
      "rotation": { "x": 0, "y": 0, "z": -1800 }
    },
    {
      "team": "BLUE",
      "position": { "x": -13050.433, "y": -4748.112, "z": -1200 },
      "rotation": { "x": 0, "y": 0, "z": -1200 }
    },
    {
      "mode": "CP",
      "team": "RED",
      "position": { "x": 4654.183, "y": 4515.195, "z": -900 },
      "rotation": { "x": 0, "y": 0, "z": -900 }
    },
    {
      "mode": "CP",
      "team": "BLUE",
      "position": { "x": -13294.176, "y": -9667.311, "z": -900 },
      "rotation": { "x": 0, "y": 0, "z": -900 }
    }
  ],
  "flags": {
    "RED": {
      "position": { "x": 750.367, "y": 4277.251, "z": 0 }
    },
    "BLUE": {
      "position": { "x": -8289.569, "y": -9261.846, "z": 0 }
    }
  },
  "points": [
    {
      "id": "A",
      "distance": 1000,
      "free": false,
      "position": { "x": 723.729, "y": 4250.94, "z": 0 }
    },
    {
      "id": "B",
      "distance": 1000,
      "free": false,
      "position": { "x": -3747.781, "y": -2501.299, "z": 900 }
    },
    {
      "id": "C",
      "distance": 1000,
      "free": false,
      "position": { "x": -8272.516, "y": -9257.042, "z": 0 }
    }
  ],
  "bonuses": [
    {
      "name": "free-bonus",
      "free": true,
      "types": [ "nitro" ],
      "modes": [ "DM", "TDM", "CTF" ],
      "parachute": true,
      "position": {
        "min": { "x": -8505.83, "y": -2952.862, "z": 900 },
        "max": { "x": -8005.83, "y": -2452.862, "z": 1200 }
      },
      "rotation": { "x": 0, "y": 0, "z": 0 }
    },
    {
      "name": "free-bonus",
      "free": true,
      "types": [ "gold" ],
      "modes": [ "TDM", "CTF", "DM" ],
      "parachute": true,
      "position": {
        "min": { "x": -4212.5, "y": -2750, "z": 1350 },
        "max": { "x": -4162.5, "y": -2250, "z": 1650 }
      },
      "rotation": { "x": 0, "y": 0, "z": 0 }
    },
    {
      "name": "free-bonus",
      "free": true,
      "types": [ "gold", "health", "crystal" ],
      "modes": [ "CP", "TDM", "CTF", "DM" ],
      "parachute": true,
      "position": {
        "min": { "x": -4148.498, "y": 1985.541, "z": 750 },
        "max": { "x": -3398.498, "y": 2985.541, "z": 1050 }
      },
      "rotation": { "x": 0, "y": 0, "z": 0 }
    },
    {
      "name": "free-bonus",
      "free": true,
      "types": [ "nitro" ],
      "modes": [ "CP" ],
      "parachute": true,
      "position": {
        "min": { "x": -12000, "y": -9500, "z": -300 },
        "max": { "x": -11500, "y": -9000, "z": 0 }
      },
      "rotation": { "x": 0, "y": 0, "z": 0 }
    },
    {
      "name": "free-bonus",
      "free": true,
      "types": [ "double_armor" ],
      "modes": [ "CP", "TDM", "CTF", "DM" ],
      "parachute": true,
      "position": {
        "min": { "x": -8500, "y": 0, "z": 600 },
        "max": { "x": -8000, "y": 500, "z": 900 }
      },
      "rotation": { "x": 0, "y": 0, "z": 0 }
    },
    {
      "name": "free-bonus",
      "free": true,
      "types": [ "nitro" ],
      "modes": [ "CP" ],
      "parachute": true,
      "position": {
        "min": { "x": 2000, "y": 4000, "z": 300 },
        "max": { "x": 2500, "y": 4500, "z": 600 }
      },
      "rotation": { "x": 0, "y": 0, "z": 0 }
    },
    {
      "name": "free-bonus",
      "free": true,
      "types": [ "nitro" ],
      "modes": [ "CP" ],
      "parachute": true,
      "position": {
        "min": { "x": 750, "y": -9500, "z": 600 },
        "max": { "x": 1250, "y": -9000, "z": 900 }
      },
      "rotation": { "x": 0, "y": 0, "z": 0 }
    },
    {
      "name": "free-bonus",
      "free": true,
      "types": [ "crystal" ],
      "modes": [ "CP", "TDM", "CTF", "DM" ],
      "parachute": true,
      "position": {
        "min": { "x": -4145.327, "y": -1925.537, "z": 1200 },
        "max": { "x": -3395.327, "y": -925.537, "z": 1500 }
      },
      "rotation": { "x": 0, "y": 0, "z": 0 }
    },
    {
      "name": "free-bonus",
      "free": true,
      "types": [ "crystal" ],
      "modes": [ "CP", "TDM", "CTF", "DM" ],
      "parachute": true,
      "position": {
        "min": { "x": -4112.992, "y": -4280.477, "z": 1200 },
        "max": { "x": -3362.992, "y": -3280.477, "z": 1500 }
      },
      "rotation": { "x": 0, "y": 0, "z": 0 }
    },
    {
      "name": "free-bonus",
      "free": true,
      "types": [ "nitro" ],
      "modes": [ "CP" ],
      "parachute": true,
      "position": {
        "min": { "x": 3500, "y": -3000, "z": -600 },
        "max": { "x": 4000, "y": -2500, "z": -300 }
      },
      "rotation": { "x": 0, "y": 0, "z": 0 }
    },
    {
      "name": "free-bonus",
      "free": true,
      "types": [ "gold" ],
      "modes": [ "TDM", "CTF", "DM" ],
      "parachute": true,
      "position": {
        "min": { "x": -3337.5, "y": -2750, "z": 1350 },
        "max": { "x": -3287.5, "y": -2250, "z": 1650 }
      },
      "rotation": { "x": 0, "y": 0, "z": 0 }
    },
    {
      "name": "free-bonus",
      "free": true,
      "types": [ "double_damage", "nitro" ],
      "modes": [ "CP", "TDM", "CTF", "DM" ],
      "parachute": true,
      "position": {
        "min": { "x": 3000, "y": 4000, "z": 0 },
        "max": { "x": 3500, "y": 4500, "z": 300 }
      },
      "rotation": { "x": 0, "y": 0, "z": 0 }
    },
    {
      "name": "free-bonus",
      "free": true,
      "types": [ "gold" ],
      "modes": [ "DM", "TDM", "CTF" ],
      "parachute": true,
      "position": {
        "min": { "x": -4750, "y": -3000, "z": -600 },
        "max": { "x": -4250, "y": -2500, "z": -300 }
      },
      "rotation": { "x": 0, "y": 0, "z": 0 }
    },
    {
      "name": "free-bonus",
      "free": true,
      "types": [ "double_damage", "nitro" ],
      "modes": [ "CP", "TDM", "CTF", "DM" ],
      "parachute": true,
      "position": {
        "min": { "x": -11084.582, "y": -9545.829, "z": 0 },
        "max": { "x": -10584.582, "y": -9045.829, "z": 300 }
      },
      "rotation": { "x": 0, "y": 0, "z": 0 }
    },
    {
      "name": "free-bonus",
      "free": true,
      "types": [ "double_armor", "nitro" ],
      "modes": [ "CP", "TDM", "CTF", "DM" ],
      "parachute": true,
      "position": {
        "min": { "x": 1500, "y": -3000, "z": -1200 },
        "max": { "x": 2000, "y": -2500, "z": -900 }
      },
      "rotation": { "x": 0, "y": 0, "z": 0 }
    },
    {
      "name": "free-bonus",
      "free": true,
      "types": [ "nitro" ],
      "modes": [ "CP" ],
      "parachute": true,
      "position": {
        "min": { "x": 4000, "y": 4000, "z": -300 },
        "max": { "x": 4500, "y": 4500, "z": 0 }
      },
      "rotation": { "x": 0, "y": 0, "z": 0 }
    },
    {
      "name": "free-bonus",
      "free": true,
      "types": [ "nitro" ],
      "modes": [ "CP" ],
      "parachute": true,
      "position": {
        "min": { "x": -11000, "y": -3000, "z": -600 },
        "max": { "x": -10500, "y": -2500, "z": -300 }
      },
      "rotation": { "x": 0, "y": 0, "z": 0 }
    },
    {
      "name": "free-bonus",
      "free": true,
      "types": [ "nitro" ],
      "modes": [ "DM", "TDM", "CTF" ],
      "parachute": true,
      "position": {
        "min": { "x": 498.121, "y": -3265.077, "z": 900 },
        "max": { "x": 998.121, "y": -2765.077, "z": 1200 }
      },
      "rotation": { "x": 0, "y": 0, "z": 0 }
    },
    {
      "name": "free-bonus",
      "free": true,
      "types": [ "gold", "health", "crystal" ],
      "modes": [ "CP", "TDM", "CTF", "DM" ],
      "parachute": true,
      "position": {
        "min": { "x": -4112.321, "y": -8069.301, "z": 750 },
        "max": { "x": -3362.321, "y": -7069.301, "z": 1050 }
      },
      "rotation": { "x": 0, "y": 0, "z": 0 }
    },
    {
      "name": "free-bonus",
      "free": true,
      "types": [ "gold" ],
      "modes": [ "DM", "TDM", "CTF" ],
      "parachute": true,
      "position": {
        "min": { "x": -3250, "y": -3000, "z": -600 },
        "max": { "x": -2750, "y": -2500, "z": -300 }
      },
      "rotation": { "x": 0, "y": 0, "z": 0 }
    },
    {
      "name": "free-bonus",
      "free": true,
      "types": [ "double_damage", "nitro" ],
      "modes": [ "CP", "TDM", "CTF", "DM" ],
      "parachute": true,
      "position": {
        "min": { "x": -481.444, "y": -3265.56, "z": -1200 },
        "max": { "x": 1018.556, "y": -2265.56, "z": -900 }
      },
      "rotation": { "x": 0, "y": 0, "z": 0 }
    },
    {
      "name": "free-bonus",
      "free": true,
      "types": [ "nitro" ],
      "modes": [ "CP" ],
      "parachute": true,
      "position": {
        "min": { "x": -10000, "y": -9500, "z": 300 },
        "max": { "x": -9500, "y": -9000, "z": 600 }
      },
      "rotation": { "x": 0, "y": 0, "z": 0 }
    },
    {
      "name": "free-bonus",
      "free": true,
      "types": [ "double_damage", "nitro" ],
      "modes": [ "CP", "TDM", "CTF", "DM" ],
      "parachute": true,
      "position": {
        "min": { "x": -8071.611, "y": -3248.38, "z": -1200 },
        "max": { "x": -6571.611, "y": -2248.38, "z": -900 }
      },
      "rotation": { "x": 0, "y": 0, "z": 0 }
    },
    {
      "name": "free-bonus",
      "free": true,
      "types": [ "nitro" ],
      "modes": [ "CP", "TDM", "CTF", "DM" ],
      "parachute": true,
      "position": {
        "min": { "x": -5500, "y": 4000, "z": 600 },
        "max": { "x": -5000, "y": 4500, "z": 900 }
      },
      "rotation": { "x": 0, "y": 0, "z": 0 }
    },
    {
      "name": "free-bonus",
      "free": true,
      "types": [ "nitro", "double_armor" ],
      "modes": [ "CP", "TDM", "CTF", "DM" ],
      "parachute": true,
      "position": {
        "min": { "x": -9500, "y": -3000, "z": -1200 },
        "max": { "x": -9000, "y": -2500, "z": -900 }
      },
      "rotation": { "x": 0, "y": 0, "z": 0 }
    },
    {
      "name": "free-bonus",
      "free": true,
      "types": [ "nitro" ],
      "modes": [ "CP" ],
      "parachute": true,
      "position": {
        "min": { "x": -8500, "y": 4000, "z": 600 },
        "max": { "x": -8000, "y": 4500, "z": 900 }
      },
      "rotation": { "x": 0, "y": 0, "z": 0 }
    },
    {
      "name": "free-bonus",
      "free": true,
      "types": [ "double_armor" ],
      "modes": [ "CP", "TDM", "CTF", "DM" ],
      "parachute": true,
      "position": {
        "min": { "x": 500, "y": -6000, "z": 900 },
        "max": { "x": 1000, "y": -5500, "z": 1200 }
      },
      "rotation": { "x": 0, "y": 0, "z": 0 }
    },
    {
      "name": "free-bonus",
      "free": true,
      "types": [ "gold" ],
      "modes": [ "CP" ],
      "parachute": true,
      "position": {
        "min": { "x": -2425, "y": -3425, "z": -300 },
        "max": { "x": -2075, "y": -3075, "z": 0 }
      },
      "rotation": { "x": 0, "y": 0, "z": 0 }
    },
    {
      "name": "free-bonus",
      "free": true,
      "types": [ "gold" ],
      "modes": [ "CP" ],
      "parachute": true,
      "position": {
        "min": { "x": -5425, "y": -2425, "z": -300 },
        "max": { "x": -5075, "y": -2075, "z": 0 }
      },
      "rotation": { "x": 0, "y": 0, "z": 0 }
    },
    {
      "name": "free-bonus",
      "free": true,
      "types": [ "nitro" ],
      "modes": [ "CP", "TDM", "CTF", "DM" ],
      "parachute": true,
      "position": {
        "min": { "x": -2485.06, "y": -9470.944, "z": 600 },
        "max": { "x": -1985.06, "y": -8970.944, "z": 900 }
      },
      "rotation": { "x": 0, "y": 0, "z": 0 }
    }
  ]
}
