{
  "name": "map_highland",
  "theme": "winter_day",

  "id": 484674,
  "preview": 892845,

  "visual": {
    "angleX": -1,
    "angleZ": -0.5,

    "lightColor": 8419955,
    "shadowColor": 6184542,

    "fogAlpha": 0.25,
    "fogColor": 15333375,

    "farLimit": 10000,
    "nearLimit": 5000,

    "gravity": 1000,
    "skyboxRevolutionSpeed": 0,
    "ssaoColor": 2374217,

    "dustAlpha": 0.8999999761581421,
    "dustDensity": 0.15000000596046448,
    "dustFarDistance": 7000,
    "dustNearDistance": 5000,
    "dustParticle": "winter",
    "dustSize": 200
  },
  "skybox": "Winter",
  "resources": {
    "proplibs": [
      "Bush Winter",
      "City Buildings Winter",
      "Desert Houses Winter",
      "Industrial Elements Winter",
      "Land Rocks Winter",
      "Land Tiles Winter",
      "NuBu 12 Winter",
      "NuBu 9 Winter",
      "Outer Walls Winter",
      "Promotion Winter",
      "Stuffs Winter",
      "Waffle Fence Winter"
    ],
    "map": { "id": 484674, "version": 1 }
  },
  "spawnPoints": [
    {
      "mode": "CP",
      "team": "BLUE",
      "position": { "x": -18625, "y": -625, "z": 900 },
      "rotation": { "x": 0, "y": 0, "z": 900 }
    },
    {
      "mode": "CP",
      "team": "BLUE",
      "position": { "x": -18375, "y": -1500, "z": 900 },
      "rotation": { "x": 0, "y": 0, "z": 900 }
    },
    {
      "mode": "CP",
      "team": "BLUE",
      "position": { "x": -16250, "y": -2000, "z": 900 },
      "rotation": { "x": 0, "y": 0, "z": 900 }
    },
    {
      "mode": "CP",
      "team": "RED",
      "position": { "x": -5125, "y": -2375, "z": 900 },
      "rotation": { "x": 0, "y": 0, "z": 900 }
    },
    {
      "mode": "CP",
      "team": "BLUE",
      "position": { "x": -15375, "y": -5125, "z": 900 },
      "rotation": { "x": 0, "y": 0, "z": 900 }
    },
    {
      "mode": "CP",
      "team": "RED",
      "position": { "x": -9125, "y": -6000, "z": 900 },
      "rotation": { "x": 0, "y": 0, "z": 900 }
    },
    {
      "mode": "CP",
      "team": "RED",
      "position": { "x": -8625, "y": -3500, "z": 900 },
      "rotation": { "x": 0, "y": 0, "z": 900 }
    },
    {
      "mode": "CP",
      "team": "BLUE",
      "position": { "x": -16500, "y": -2500, "z": 900 },
      "rotation": { "x": 0, "y": 0, "z": 900 }
    },
    {
      "mode": "DM",
      "position": { "x": -9314.183, "y": -450.748, "z": 900 },
      "rotation": { "x": 0, "y": 0, "z": 900 }
    },
    {
      "team": "BLUE",
      "position": { "x": -15000, "y": 2250, "z": 1500 },
      "rotation": { "x": 0, "y": 0, "z": 1500 }
    },
    {
      "mode": "CP",
      "team": "BLUE",
      "position": { "x": -20125, "y": -2500, "z": 900 },
      "rotation": { "x": 0, "y": 0, "z": 900 }
    },
    {
      "mode": "DM",
      "position": { "x": -20136.041, "y": -2453.865, "z": 900 },
      "rotation": { "x": 0, "y": 0, "z": 900 }
    },
    {
      "team": "BLUE",
      "position": { "x": -15010.118, "y": -4318.614, "z": 900 },
      "rotation": { "x": 0, "y": 0, "z": 900 }
    },
    {
      "mode": "CP",
      "team": "BLUE",
      "position": { "x": -19250, "y": -2500, "z": 900 },
      "rotation": { "x": 0, "y": 0, "z": 900 }
    },
    {
      "team": "RED",
      "position": { "x": -6250, "y": -5250, "z": 1500 },
      "rotation": { "x": 0, "y": 0, "z": 1500 }
    },
    {
      "mode": "CP",
      "team": "BLUE",
      "position": { "x": -15125, "y": -2500, "z": 900 },
      "rotation": { "x": 0, "y": 0, "z": 900 }
    },
    {
      "mode": "DM",
      "position": { "x": -5125, "y": -2375, "z": 900 },
      "rotation": { "x": 0, "y": 0, "z": 900 }
    },
    {
      "team": "BLUE",
      "position": { "x": -16230.978, "y": -1978.622, "z": 900 },
      "rotation": { "x": 0, "y": 0, "z": 900 }
    },
    {
      "mode": "DM",
      "position": { "x": -10967.652, "y": -3542.384, "z": 900 },
      "rotation": { "x": 0, "y": 0, "z": 900 }
    },
    {
      "mode": "CP",
      "point": "B",
      "position": { "x": -4500, "y": -3500, "z": 900 },
      "rotation": { "x": 0, "y": 0, "z": 900 }
    },
    {
      "mode": "CP",
      "point": "B",
      "position": { "x": -5500, "y": -2250, "z": 900 },
      "rotation": { "x": 0, "y": 0, "z": 900 }
    },
    {
      "mode": "DM",
      "position": { "x": -13042.862, "y": -5182.504, "z": 900 },
      "rotation": { "x": 0, "y": 0, "z": 900 }
    },
    {
      "team": "BLUE",
      "position": { "x": -16078.199, "y": -4202.182, "z": 900 },
      "rotation": { "x": 0, "y": 0, "z": 900 }
    },
    {
      "mode": "DM",
      "position": { "x": -12846.642, "y": -3845.873, "z": 900 },
      "rotation": { "x": 0, "y": 0, "z": 900 }
    },
    {
      "team": "BLUE",
      "position": { "x": -16641.966, "y": 775.032, "z": 1500 },
      "rotation": { "x": 0, "y": 0, "z": 1500 }
    },
    {
      "team": "RED",
      "position": { "x": -8909.057, "y": -5515.204, "z": 900 },
      "rotation": { "x": 0, "y": 0, "z": 900 }
    },
    {
      "mode": "CP",
      "team": "RED",
      "position": { "x": -9000, "y": -5500, "z": 900 },
      "rotation": { "x": 0, "y": 0, "z": 900 }
    },
    {
      "team": "RED",
      "position": { "x": -6253.692, "y": -3636.935, "z": 900 },
      "rotation": { "x": 0, "y": 0, "z": 900 }
    },
    {
      "mode": "DM",
      "position": { "x": -9250.249, "y": -2315.831, "z": 900 },
      "rotation": { "x": 0, "y": 0, "z": 900 }
    },
    {
      "team": "BLUE",
      "position": { "x": -14764.951, "y": -1747.916, "z": 900 },
      "rotation": { "x": 0, "y": 0, "z": 900 }
    },
    {
      "mode": "DM",
      "position": { "x": -15448.25, "y": -2546.348, "z": 900 },
      "rotation": { "x": 0, "y": 0, "z": 900 }
    },
    {
      "mode": "DM",
      "position": { "x": -18283.816, "y": -2483.007, "z": 900 },
      "rotation": { "x": 0, "y": 0, "z": 900 }
    },
    {
      "team": "RED",
      "position": { "x": -8892.92, "y": -3440.149, "z": 900 },
      "rotation": { "x": 0, "y": 0, "z": 900 }
    },
    {
      "mode": "DM",
      "position": { "x": -12304.069, "y": -1315.538, "z": 900 },
      "rotation": { "x": 0, "y": 0, "z": 900 }
    },
    {
      "team": "RED",
      "position": { "x": -7472.826, "y": -1836.568, "z": 900 },
      "rotation": { "x": 0, "y": 0, "z": 900 }
    },
    {
      "mode": "CP",
      "point": "B",
      "position": { "x": -11250, "y": -8000, "z": 900 },
      "rotation": { "x": 0, "y": 0, "z": 900 }
    },
    {
      "team": "RED",
      "position": { "x": -9571.504, "y": -1996.638, "z": 900 },
      "rotation": { "x": 0, "y": 0, "z": 900 }
    },
    {
      "team": "BLUE",
      "position": { "x": -18750, "y": -500, "z": 900 },
      "rotation": { "x": 0, "y": 0, "z": 900 }
    },
    {
      "mode": "DM",
      "position": { "x": -18250, "y": -500, "z": 900 },
      "rotation": { "x": 0, "y": 0, "z": 900 }
    },
    {
      "mode": "CP",
      "point": "C",
      "position": { "x": -15000, "y": -5000, "z": 900 },
      "rotation": { "x": 0, "y": 0, "z": 900 }
    },
    {
      "team": "RED",
      "position": { "x": -7000, "y": -7000, "z": 1500 },
      "rotation": { "x": 0, "y": 0, "z": 1500 }
    },
    {
      "mode": "DM",
      "position": { "x": -13216.722, "y": -808.184, "z": 900 },
      "rotation": { "x": 0, "y": 0, "z": 900 }
    },
    {
      "mode": "CP",
      "point": "C",
      "position": { "x": -18250, "y": -2500, "z": 900 },
      "rotation": { "x": 0, "y": 0, "z": 900 }
    },
    {
      "team": "RED",
      "position": { "x": -8533.917, "y": -1287.15, "z": 900 },
      "rotation": { "x": 0, "y": 0, "z": 900 }
    },
    {
      "mode": "CP",
      "point": "B",
      "position": { "x": -8250, "y": -3000, "z": 900 },
      "rotation": { "x": 0, "y": 0, "z": 900 }
    },
    {
      "mode": "DM",
      "position": { "x": -7552.604, "y": -2258.37, "z": 900 },
      "rotation": { "x": 0, "y": 0, "z": 900 }
    },
    {
      "mode": "CP",
      "team": "RED",
      "position": { "x": -8625, "y": -1375, "z": 900 },
      "rotation": { "x": 0, "y": 0, "z": 900 }
    },
    {
      "mode": "CP",
      "team": "RED",
      "position": { "x": -9625, "y": -500, "z": 900 },
      "rotation": { "x": 0, "y": 0, "z": 900 }
    },
    {
      "mode": "CP",
      "team": "RED",
      "position": { "x": -9500, "y": -2000, "z": 900 },
      "rotation": { "x": 0, "y": 0, "z": 900 }
    },
    {
      "mode": "CP",
      "team": "RED",
      "position": { "x": -5000, "y": -3375, "z": 900 },
      "rotation": { "x": 0, "y": 0, "z": 900 }
    },
    {
      "mode": "CP",
      "team": "RED",
      "position": { "x": -6250, "y": -2125, "z": 900 },
      "rotation": { "x": 0, "y": 0, "z": 900 }
    },
    {
      "mode": "CP",
      "team": "BLUE",
      "position": { "x": -15000, "y": -4250, "z": 900 },
      "rotation": { "x": 0, "y": 0, "z": 900 }
    },
    {
      "mode": "CP",
      "team": "RED",
      "position": { "x": -7625, "y": -2000, "z": 900 },
      "rotation": { "x": 0, "y": 0, "z": 900 }
    },
    {
      "team": "RED",
      "position": { "x": -8000, "y": -7500, "z": 1500 },
      "rotation": { "x": 0, "y": 0, "z": 1500 }
    },
    {
      "team": "RED",
      "position": { "x": -9122.175, "y": -798.17, "z": 900 },
      "rotation": { "x": 0, "y": 0, "z": 900 }
    },
    {
      "mode": "CP",
      "team": "RED",
      "position": { "x": -9500, "y": -3125, "z": 900 },
      "rotation": { "x": 0, "y": 0, "z": 900 }
    },
    {
      "mode": "CP",
      "team": "BLUE",
      "position": { "x": -16000, "y": -4125, "z": 900 },
      "rotation": { "x": 0, "y": 0, "z": 900 }
    },
    {
      "mode": "CP",
      "point": "C",
      "position": { "x": -18500, "y": -750, "z": 900 },
      "rotation": { "x": 0, "y": 0, "z": 900 }
    },
    {
      "mode": "CP",
      "team": "BLUE",
      "position": { "x": -15500, "y": -3375, "z": 900 },
      "rotation": { "x": 0, "y": 0, "z": 900 }
    },
    {
      "team": "BLUE",
      "position": { "x": -16653.932, "y": 40.255, "z": 1500 },
      "rotation": { "x": 0, "y": 0, "z": 1500 }
    }
  ],
  "flags": {
    "RED": {
      "position": { "x": 9016.746, "y": 8409.751, "z": 600 }
    },
    "BLUE": {
      "position": { "x": -2667.398, "y": -8599.405, "z": 0 }
    }
  },
  "points": [
    {
      "id": "B",
      "distance": 1000,
      "free": false,
      "position": { "x": -14750, "y": 1750, "z": 1500 }
    },
    {
      "id": "C",
      "distance": 1000,
      "free": false,
      "position": { "x": -7500, "y": -7500, "z": 1500 }
    },
    {
      "id": "A",
      "distance": 1000,
      "free": false,
      "position": { "x": -12500, "y": -3500, "z": 900 }
    }
  ],
  "bonuses": [
    {
      "name": "free-bonus",
      "free": true,
      "types": [ "double_armor" ],
      "modes": [ "CP", "TDM", "CTF", "DM" ],
      "parachute": true,
      "position": {
        "min": { "x": -9563.524, "y": -3419.593, "z": 1500 },
        "max": { "x": -9063.524, "y": -2419.593, "z": 1800 }
      },
      "rotation": { "x": 0, "y": 0, "z": 0 }
    },
    {
      "name": "free-bonus",
      "free": true,
      "types": [ "crystal" ],
      "modes": [ "TDM", "CTF", "DM" ],
      "parachute": true,
      "position": {
        "min": { "x": -12870.706, "y": -4264.31, "z": 1500 },
        "max": { "x": -12370.706, "y": -3764.31, "z": 1800 }
      },
      "rotation": { "x": 0, "y": 0, "z": 0 }
    },
    {
      "name": "free-bonus",
      "free": true,
      "types": [ "health" ],
      "modes": [ "CP", "TDM", "CTF", "DM" ],
      "parachute": true,
      "position": {
        "min": { "x": -12250, "y": -1500, "z": 1500 },
        "max": { "x": -11250, "y": -1000, "z": 1800 }
      },
      "rotation": { "x": 0, "y": 0, "z": 0 }
    },
    {
      "name": "free-bonus",
      "free": true,
      "types": [ "crystal" ],
      "modes": [ "TDM", "CTF", "DM" ],
      "parachute": true,
      "position": {
        "min": { "x": -13641.918, "y": -3716.594, "z": 1500 },
        "max": { "x": -12891.918, "y": -2466.594, "z": 1800 }
      },
      "rotation": { "x": 0, "y": 0, "z": 0 }
    },
    {
      "name": "free-bonus",
      "free": true,
      "types": [ "double_armor", "nitro" ],
      "modes": [ "CP", "TDM", "CTF", "DM" ],
      "parachute": true,
      "position": {
        "min": { "x": -16209.063, "y": -2890.97, "z": 1500 },
        "max": { "x": -14709.063, "y": -2140.97, "z": 1800 }
      },
      "rotation": { "x": 0, "y": 0, "z": 0 }
    },
    {
      "name": "free-bonus",
      "free": true,
      "types": [ "double_armor" ],
      "modes": [ "TDM", "CTF", "DM" ],
      "parachute": true,
      "position": {
        "min": { "x": -12250, "y": -4875, "z": 1500 },
        "max": { "x": -11000, "y": -4125, "z": 1800 }
      },
      "rotation": { "x": 0, "y": 0, "z": 0 }
    },
    {
      "name": "free-bonus",
      "free": true,
      "types": [ "gold" ],
      "modes": [ "CP", "TDM", "CTF", "DM" ],
      "parachute": true,
      "position": {
        "min": { "x": -12750, "y": -5500, "z": 1575 },
        "max": { "x": -11250, "y": -4500, "z": 1875 }
      },
      "rotation": { "x": 0, "y": 0, "z": 0 }
    },
    {
      "name": "free-bonus",
      "free": true,
      "types": [ "crystal" ],
      "modes": [ "CP", "TDM", "CTF", "DM" ],
      "parachute": true,
      "position": {
        "min": { "x": -12000, "y": -2375, "z": 1500 },
        "max": { "x": -11500, "y": -1875, "z": 1800 }
      },
      "rotation": { "x": 0, "y": 0, "z": 0 }
    },
    {
      "name": "free-bonus",
      "free": true,
      "types": [ "gold" ],
      "modes": [ "CP", "TDM", "CTF", "DM" ],
      "parachute": true,
      "position": {
        "min": { "x": -12625, "y": -2375, "z": 1575 },
        "max": { "x": -11125, "y": -1375, "z": 1875 }
      },
      "rotation": { "x": 0, "y": 0, "z": 0 }
    },
    {
      "name": "free-bonus",
      "free": true,
      "types": [ "crystal" ],
      "modes": [ "CP" ],
      "parachute": true,
      "position": {
        "min": { "x": -14000, "y": -2750, "z": 1500 },
        "max": { "x": -13500, "y": -2250, "z": 1800 }
      },
      "rotation": { "x": 0, "y": 0, "z": 0 }
    },
    {
      "name": "free-bonus",
      "free": true,
      "types": [ "crystal" ],
      "modes": [ "CP" ],
      "parachute": true,
      "position": {
        "min": { "x": -11000, "y": -4500, "z": 1500 },
        "max": { "x": -10500, "y": -4000, "z": 1800 }
      },
      "rotation": { "x": 0, "y": 0, "z": 0 }
    },
    {
      "name": "free-bonus",
      "free": true,
      "types": [ "nitro" ],
      "modes": [ "CP", "TDM", "CTF", "DM" ],
      "parachute": true,
      "position": {
        "min": { "x": -12625, "y": -7500, "z": 1500 },
        "max": { "x": -11625, "y": -6500, "z": 1800 }
      },
      "rotation": { "x": 0, "y": 0, "z": 0 }
    },
    {
      "name": "free-bonus",
      "free": true,
      "types": [ "double_damage" ],
      "modes": [ "CP", "TDM", "CTF", "DM" ],
      "parachute": true,
      "position": {
        "min": { "x": -9625, "y": -5500, "z": 1500 },
        "max": { "x": -8875, "y": -5000, "z": 1800 }
      },
      "rotation": { "x": 0, "y": 0, "z": 0 }
    },
    {
      "name": "free-bonus",
      "free": true,
      "types": [ "gold" ],
      "modes": [ "TDM", "CTF", "DM" ],
      "parachute": true,
      "position": {
        "min": { "x": -12500, "y": -4375, "z": 1575 },
        "max": { "x": -11500, "y": -3125, "z": 1875 }
      },
      "rotation": { "x": 0, "y": 0, "z": 0 }
    },
    {
      "name": "free-bonus",
      "free": true,
      "types": [ "nitro" ],
      "modes": [ "CP", "TDM", "CTF", "DM" ],
      "parachute": true,
      "position": {
        "min": { "x": -9500, "y": -1500, "z": 1500 },
        "max": { "x": -9000, "y": -500, "z": 1800 }
      },
      "rotation": { "x": 0, "y": 0, "z": 0 }
    },
    {
      "name": "free-bonus",
      "free": true,
      "types": [ "double_damage" ],
      "modes": [ "CP", "TDM", "CTF", "DM" ],
      "parachute": true,
      "position": {
        "min": { "x": -16754.636, "y": -436.984, "z": 2100 },
        "max": { "x": -15754.636, "y": 563.016, "z": 2400 }
      },
      "rotation": { "x": 0, "y": 0, "z": 0 }
    },
    {
      "name": "free-bonus",
      "free": true,
      "types": [ "crystal" ],
      "modes": [ "TDM", "CTF", "DM" ],
      "parachute": true,
      "position": {
        "min": { "x": -11898.62, "y": -3861.115, "z": 1500 },
        "max": { "x": -11398.62, "y": -3361.115, "z": 1800 }
      },
      "rotation": { "x": 0, "y": 0, "z": 0 }
    },
    {
      "name": "free-bonus",
      "free": true,
      "types": [ "double_armor" ],
      "modes": [ "CP" ],
      "parachute": true,
      "position": {
        "min": { "x": -10875, "y": -2625, "z": 1500 },
        "max": { "x": -10375, "y": -2125, "z": 1800 }
      },
      "rotation": { "x": 0, "y": 0, "z": 0 }
    }
  ]
}
