{
  "name": "map_industrial_zone",
  "theme": "summer_day",

  "id": 838424,
  "preview": 926799,

  "visual": {
    "angleX": -1,
    "angleZ": -0.5,

    "lightColor": 13090219,
    "shadowColor": 5530735,

    "fogAlpha": 0.25,
    "fogColor": 14545407,

    "farLimit": 10000,
    "nearLimit": 5000,

    "gravity": 1000,
    "skyboxRevolutionSpeed": 0,
    "ssaoColor": 3025184,

    "dustAlpha": 0.75,
    "dustDensity": 0.15000000596046448,
    "dustFarDistance": 7000,
    "dustNearDistance": 5000,
    "dustParticle": "summer",
    "dustSize": 200
  },
  "skybox": "Mountains",
  "resources": {
    "proplibs": [
      "Broken Roof",
      "Broken Walls",
      "Bush",
      "City Buildings",
      "Desert Houses",
      "Hangars",
      "Industrial Bridge",
      "Industrial Elements",
      "Land Rocks",
      "Land Tiles",
      "Outer Walls",
      "Promotion",
      "Stuffs",
      "Trees",
      "Waffle Fence"
    ],
    "map": { "id": 838424, "version": 1 }
  },
  "spawnPoints": [
    {
      "mode": "DM",
      "position": { "x": 6750, "y": 7750, "z": 0 },
      "rotation": { "x": 0, "y": 0, "z": 0 }
    },
    {
      "team": "RED",
      "position": { "x": 5125, "y": 7750, "z": 0 },
      "rotation": { "x": 0, "y": 0, "z": 0 }
    },
    {
      "team": "RED",
      "position": { "x": 7500, "y": 2625, "z": 0 },
      "rotation": { "x": 0, "y": 0, "z": 0 }
    },
    {
      "mode": "CP",
      "team": "RED",
      "position": { "x": 10000, "y": -1000, "z": 0 },
      "rotation": { "x": 0, "y": 0, "z": 0 }
    },
    {
      "mode": "CP",
      "team": "RED",
      "position": { "x": 10000, "y": -1500, "z": 0 },
      "rotation": { "x": 0, "y": 0, "z": 0 }
    },
    {
      "mode": "CP",
      "team": "RED",
      "position": { "x": 9500, "y": -2000, "z": 0 },
      "rotation": { "x": 0, "y": 0, "z": 0 }
    },
    {
      "mode": "CP",
      "team": "RED",
      "position": { "x": 10000, "y": -2000, "z": 0 },
      "rotation": { "x": 0, "y": 0, "z": 0 }
    },
    {
      "mode": "CP",
      "team": "RED",
      "position": { "x": 4000, "y": -1500, "z": 0 },
      "rotation": { "x": 0, "y": 0, "z": 0 }
    },
    {
      "mode": "CP",
      "team": "RED",
      "position": { "x": 3000, "y": 8500, "z": 0 },
      "rotation": { "x": 0, "y": 0, "z": 0 }
    },
    {
      "mode": "CP",
      "team": "RED",
      "position": { "x": 2000, "y": 12500, "z": 0 },
      "rotation": { "x": 0, "y": 0, "z": 0 }
    },
    {
      "mode": "CP",
      "team": "RED",
      "position": { "x": 7500, "y": -2750, "z": 0 },
      "rotation": { "x": 0, "y": 0, "z": 0 }
    },
    {
      "mode": "CP",
      "team": "RED",
      "position": { "x": 6000, "y": -3500, "z": 0 },
      "rotation": { "x": 0, "y": 0, "z": 0 }
    },
    {
      "mode": "CP",
      "team": "RED",
      "position": { "x": 5250, "y": 1250, "z": 0 },
      "rotation": { "x": 0, "y": 0, "z": 0 }
    },
    {
      "mode": "CP",
      "team": "RED",
      "position": { "x": 10000, "y": -500, "z": 0 },
      "rotation": { "x": 0, "y": 0, "z": 0 }
    },
    {
      "mode": "CP",
      "team": "RED",
      "position": { "x": 8750, "y": 1000, "z": 0 },
      "rotation": { "x": 0, "y": 0, "z": 0 }
    },
    {
      "mode": "CP",
      "team": "BLUE",
      "position": { "x": -3875, "y": -3125, "z": 0 },
      "rotation": { "x": 0, "y": 0, "z": 0 }
    },
    {
      "mode": "CP",
      "team": "BLUE",
      "position": { "x": -250, "y": 3000, "z": 0 },
      "rotation": { "x": 0, "y": 0, "z": 0 }
    },
    {
      "mode": "CP",
      "team": "BLUE",
      "position": { "x": -5000, "y": 250, "z": 0 },
      "rotation": { "x": 0, "y": 0, "z": 0 }
    },
    {
      "mode": "CP",
      "team": "BLUE",
      "position": { "x": -5125, "y": 4500, "z": 0 },
      "rotation": { "x": 0, "y": 0, "z": 0 }
    },
    {
      "mode": "CP",
      "team": "BLUE",
      "position": { "x": -500, "y": 10250, "z": 0 },
      "rotation": { "x": 0, "y": 0, "z": 0 }
    },
    {
      "mode": "CP",
      "team": "BLUE",
      "position": { "x": -5000, "y": 5250, "z": 0 },
      "rotation": { "x": 0, "y": 0, "z": 0 }
    },
    {
      "mode": "CP",
      "team": "BLUE",
      "position": { "x": -4750, "y": 7500, "z": 0 },
      "rotation": { "x": 0, "y": 0, "z": 0 }
    },
    {
      "mode": "CP",
      "team": "BLUE",
      "position": { "x": -4250, "y": 7500, "z": 0 },
      "rotation": { "x": 0, "y": 0, "z": 0 }
    },
    {
      "mode": "CP",
      "team": "BLUE",
      "position": { "x": -4250, "y": 9250, "z": 0 },
      "rotation": { "x": 0, "y": 0, "z": 0 }
    },
    {
      "mode": "CP",
      "team": "BLUE",
      "position": { "x": -4750, "y": 9250, "z": 0 },
      "rotation": { "x": 0, "y": 0, "z": 0 }
    },
    {
      "mode": "CP",
      "team": "BLUE",
      "position": { "x": -3750, "y": 11000, "z": 0 },
      "rotation": { "x": 0, "y": 0, "z": 0 }
    },
    {
      "mode": "CP",
      "team": "BLUE",
      "position": { "x": -5000, "y": 11000, "z": 0 },
      "rotation": { "x": 0, "y": 0, "z": 0 }
    },
    {
      "mode": "CP",
      "team": "BLUE",
      "position": { "x": -4500, "y": 12500, "z": 0 },
      "rotation": { "x": 0, "y": 0, "z": 0 }
    },
    {
      "mode": "CP",
      "team": "BLUE",
      "position": { "x": -5000, "y": 2750, "z": 0 },
      "rotation": { "x": 0, "y": 0, "z": 0 }
    },
    {
      "mode": "CP",
      "team": "BLUE",
      "position": { "x": 0, "y": -3500, "z": 0 },
      "rotation": { "x": 0, "y": 0, "z": 0 }
    },
    {
      "mode": "CP",
      "team": "BLUE",
      "position": { "x": -1500, "y": -3000, "z": 0 },
      "rotation": { "x": 0, "y": 0, "z": 0 }
    },
    {
      "team": "BLUE",
      "position": { "x": -3531.121, "y": -555.821, "z": 0 },
      "rotation": { "x": 0, "y": 0, "z": 0 }
    },
    {
      "mode": "CP",
      "team": "RED",
      "position": { "x": 1500, "y": 8500, "z": 0 },
      "rotation": { "x": 0, "y": 0, "z": 0 }
    },
    {
      "mode": "DM",
      "position": { "x": 2000, "y": 12500, "z": 0 },
      "rotation": { "x": 0, "y": 0, "z": 0 }
    },
    {
      "team": "BLUE",
      "position": { "x": -1500, "y": -3000, "z": 0 },
      "rotation": { "x": 0, "y": 0, "z": 0 }
    },
    {
      "team": "RED",
      "position": { "x": 8375, "y": 1125, "z": 0 },
      "rotation": { "x": 0, "y": 0, "z": 0 }
    },
    {
      "team": "RED",
      "position": { "x": 6429.956, "y": -1885.474, "z": 0 },
      "rotation": { "x": 0, "y": 0, "z": 0 }
    },
    {
      "team": "BLUE",
      "position": { "x": -1031.879, "y": 1963.336, "z": 0 },
      "rotation": { "x": 0, "y": 0, "z": 0 }
    },
    {
      "mode": "DM",
      "position": { "x": -4242.119, "y": -3042.223, "z": 0 },
      "rotation": { "x": 0, "y": 0, "z": 0 }
    },
    {
      "team": "RED",
      "position": { "x": 7912.523, "y": -294.185, "z": 0 },
      "rotation": { "x": 0, "y": 0, "z": 0 }
    },
    {
      "mode": "DM",
      "position": { "x": 4500, "y": 11250, "z": 0 },
      "rotation": { "x": 0, "y": 0, "z": 0 }
    },
    {
      "team": "BLUE",
      "position": { "x": -248.598, "y": 2904.64, "z": 0 },
      "rotation": { "x": 0, "y": 0, "z": 0 }
    },
    {
      "team": "BLUE",
      "position": { "x": 517.093, "y": 6486.794, "z": 0 },
      "rotation": { "x": 0, "y": 0, "z": 0 }
    },
    {
      "mode": "DM",
      "position": { "x": 4250, "y": -1250, "z": 0 },
      "rotation": { "x": 0, "y": 0, "z": 0 }
    },
    {
      "team": "BLUE",
      "position": { "x": -3875, "y": -875, "z": 900 },
      "rotation": { "x": 0, "y": 0, "z": 900 }
    },
    {
      "team": "RED",
      "position": { "x": 5170.945, "y": 11257.924, "z": 0 },
      "rotation": { "x": 0, "y": 0, "z": 0 }
    },
    {
      "team": "RED",
      "position": { "x": 9039.554, "y": 12329.461, "z": 0 },
      "rotation": { "x": 0, "y": 0, "z": 0 }
    },
    {
      "team": "RED",
      "position": { "x": 6750, "y": 11750, "z": 0 },
      "rotation": { "x": 0, "y": 0, "z": 0 }
    },
    {
      "mode": "DM",
      "position": { "x": 3750, "y": 2250, "z": 0 },
      "rotation": { "x": 0, "y": 0, "z": 0 }
    },
    {
      "team": "BLUE",
      "position": { "x": 1075.004, "y": -1055.545, "z": 300 },
      "rotation": { "x": 0, "y": 0, "z": 300 }
    },
    {
      "team": "RED",
      "position": { "x": 6625, "y": 8875, "z": 0 },
      "rotation": { "x": 0, "y": 0, "z": 0 }
    },
    {
      "mode": "CP",
      "team": "RED",
      "position": { "x": 6750, "y": 11000, "z": 0 },
      "rotation": { "x": 0, "y": 0, "z": 0 }
    },
    {
      "mode": "CP",
      "team": "BLUE",
      "position": { "x": -5000, "y": -3000, "z": 0 },
      "rotation": { "x": 0, "y": 0, "z": 0 }
    },
    {
      "mode": "CP",
      "team": "BLUE",
      "position": { "x": -5000, "y": -3500, "z": 0 },
      "rotation": { "x": 0, "y": 0, "z": 0 }
    },
    {
      "mode": "CP",
      "team": "BLUE",
      "position": { "x": -3250, "y": 12500, "z": 0 },
      "rotation": { "x": 0, "y": 0, "z": 0 }
    },
    {
      "mode": "CP",
      "team": "RED",
      "position": { "x": 4500, "y": 11375, "z": 0 },
      "rotation": { "x": 0, "y": 0, "z": 0 }
    },
    {
      "mode": "CP",
      "team": "RED",
      "position": { "x": 5125, "y": 7750, "z": 0 },
      "rotation": { "x": 0, "y": 0, "z": 0 }
    },
    {
      "mode": "CP",
      "team": "RED",
      "position": { "x": 10000, "y": 8000, "z": 0 },
      "rotation": { "x": 0, "y": 0, "z": 0 }
    },
    {
      "mode": "CP",
      "team": "RED",
      "position": { "x": 10000, "y": 7500, "z": 0 },
      "rotation": { "x": 0, "y": 0, "z": 0 }
    },
    {
      "mode": "CP",
      "team": "RED",
      "position": { "x": 9625, "y": 4125, "z": 0 },
      "rotation": { "x": 0, "y": 0, "z": 0 }
    },
    {
      "mode": "CP",
      "team": "RED",
      "position": { "x": 5125, "y": 11250, "z": 0 },
      "rotation": { "x": 0, "y": 0, "z": 0 }
    },
    {
      "mode": "CP",
      "team": "RED",
      "position": { "x": 9000, "y": 12250, "z": 0 },
      "rotation": { "x": 0, "y": 0, "z": 0 }
    },
    {
      "mode": "CP",
      "team": "BLUE",
      "position": { "x": -1000, "y": -3500, "z": 0 },
      "rotation": { "x": 0, "y": 0, "z": 0 }
    },
    {
      "mode": "CP",
      "team": "BLUE",
      "position": { "x": -500, "y": -3500, "z": 0 },
      "rotation": { "x": 0, "y": 0, "z": 0 }
    },
    {
      "mode": "CP",
      "team": "BLUE",
      "position": { "x": -5000, "y": 6250, "z": 0 },
      "rotation": { "x": 0, "y": 0, "z": 0 }
    },
    {
      "mode": "CP",
      "team": "BLUE",
      "position": { "x": -5000, "y": 5750, "z": 0 },
      "rotation": { "x": 0, "y": 0, "z": 0 }
    },
    {
      "team": "BLUE",
      "position": { "x": -3831.123, "y": -3052.309, "z": 0 },
      "rotation": { "x": 0, "y": 0, "z": 0 }
    },
    {
      "mode": "DM",
      "position": { "x": -5015.024, "y": 12510.765, "z": 0 },
      "rotation": { "x": 0, "y": 0, "z": 0 }
    },
    {
      "team": "RED",
      "position": { "x": 9125, "y": 2625, "z": 0 },
      "rotation": { "x": 0, "y": 0, "z": 0 }
    },
    {
      "team": "RED",
      "position": { "x": 9602.155, "y": 4219.332, "z": 0 },
      "rotation": { "x": 0, "y": 0, "z": 0 }
    },
    {
      "mode": "DM",
      "position": { "x": 2000, "y": -3500, "z": 0 },
      "rotation": { "x": 0, "y": 0, "z": 0 }
    },
    {
      "team": "RED",
      "position": { "x": 6750, "y": 11000, "z": 0 },
      "rotation": { "x": 0, "y": 0, "z": 0 }
    },
    {
      "mode": "DM",
      "position": { "x": 7500, "y": 2750, "z": 0 },
      "rotation": { "x": 0, "y": 0, "z": 0 }
    },
    {
      "mode": "DM",
      "position": { "x": 6167.999, "y": 12554.103, "z": 0 },
      "rotation": { "x": 0, "y": 0, "z": 0 }
    },
    {
      "team": "RED",
      "position": { "x": 7962.742, "y": 6318.78, "z": 0 },
      "rotation": { "x": 0, "y": 0, "z": 0 }
    },
    {
      "team": "BLUE",
      "position": { "x": -3742.236, "y": 3963.855, "z": 0 },
      "rotation": { "x": 0, "y": 0, "z": 0 }
    },
    {
      "mode": "DM",
      "position": { "x": -4526.943, "y": 3164.076, "z": 0 },
      "rotation": { "x": 0, "y": 0, "z": 0 }
    },
    {
      "mode": "DM",
      "position": { "x": 31.094, "y": 9745.462, "z": 0 },
      "rotation": { "x": 0, "y": 0, "z": 0 }
    },
    {
      "team": "RED",
      "position": { "x": 4550.448, "y": 11356.05, "z": 0 },
      "rotation": { "x": 0, "y": 0, "z": 0 }
    },
    {
      "team": "BLUE",
      "position": { "x": -4415.902, "y": 12687.078, "z": 0 },
      "rotation": { "x": 0, "y": 0, "z": 0 }
    },
    {
      "mode": "DM",
      "position": { "x": 9750, "y": -2250, "z": 0 },
      "rotation": { "x": 0, "y": 0, "z": 0 }
    },
    {
      "team": "BLUE",
      "position": { "x": -649.224, "y": 6501.363, "z": 900 },
      "rotation": { "x": 0, "y": 0, "z": 900 }
    },
    {
      "team": "BLUE",
      "position": { "x": -2503.242, "y": 2929.21, "z": 0 },
      "rotation": { "x": 0, "y": 0, "z": 0 }
    },
    {
      "team": "BLUE",
      "position": { "x": -972.891, "y": 9.344, "z": 0 },
      "rotation": { "x": 0, "y": 0, "z": 0 }
    },
    {
      "team": "BLUE",
      "position": { "x": -2995.229, "y": 7999.5, "z": 0 },
      "rotation": { "x": 0, "y": 0, "z": 0 }
    }
  ],
  "flags": {
    "RED": {
      "position": { "x": 8500, "y": 10000, "z": 0 }
    },
    "BLUE": {
      "position": { "x": -3496.287, "y": 501.699, "z": 900 }
    }
  },
  "points": [
    {
      "id": "A",
      "distance": 1000,
      "free": false,
      "position": { "x": 7750, "y": 4500, "z": 0 }
    },
    {
      "id": "E",
      "distance": 1000,
      "free": false,
      "position": { "x": 500, "y": 0, "z": 300 }
    },
    {
      "id": "C",
      "distance": 1000,
      "free": false,
      "position": { "x": -1000, "y": 7500, "z": 900 }
    },
    {
      "id": "B",
      "distance": 1000,
      "free": false,
      "position": { "x": -3750, "y": 1750, "z": 900 }
    },
    {
      "id": "D",
      "distance": 1000,
      "free": false,
      "position": { "x": 500, "y": 4500, "z": 0 }
    }
  ],
  "bonuses": [
    {
      "name": "free-bonus",
      "free": true,
      "types": [ "double_damage" ],
      "modes": [ "TDM", "CP", "DM", "CTF" ],
      "parachute": true,
      "position": {
        "min": { "x": 2765.077, "y": 6107.196, "z": 900 },
        "max": { "x": 3265.077, "y": 6607.196, "z": 1200 }
      },
      "rotation": { "x": 0, "y": 0, "z": 0 }
    },
    {
      "name": "free-bonus",
      "free": true,
      "types": [ "health", "gold" ],
      "modes": [ "CP" ],
      "parachute": true,
      "position": {
        "min": { "x": 1500, "y": 4250, "z": 900 },
        "max": { "x": 2500, "y": 4750, "z": 1200 }
      },
      "rotation": { "x": 0, "y": 0, "z": 0 }
    },
    {
      "name": "free-bonus",
      "free": true,
      "types": [ "nitro" ],
      "modes": [ "TDM", "CP", "DM", "CTF" ],
      "parachute": true,
      "position": {
        "min": { "x": 3250, "y": 875, "z": 900 },
        "max": { "x": 3500, "y": 1375, "z": 1200 }
      },
      "rotation": { "x": 0, "y": 0, "z": 0 }
    },
    {
      "name": "free-bonus",
      "free": true,
      "types": [ "nitro", "double_armor" ],
      "modes": [ "TDM", "CP", "DM", "CTF" ],
      "parachute": true,
      "position": {
        "min": { "x": 7711.627, "y": 11028.502, "z": 900 },
        "max": { "x": 8211.627, "y": 12028.502, "z": 1200 }
      },
      "rotation": { "x": 0, "y": 0, "z": 0 }
    },
    {
      "name": "free-bonus",
      "free": true,
      "types": [ "double_damage" ],
      "modes": [ "TDM", "CP", "DM", "CTF" ],
      "parachute": true,
      "position": {
        "min": { "x": -2738.814, "y": 2745.429, "z": 1800 },
        "max": { "x": -2238.814, "y": 2995.429, "z": 2100 }
      },
      "rotation": { "x": 0, "y": 0, "z": 0 }
    },
    {
      "name": "free-bonus",
      "free": true,
      "types": [ "nitro", "double_armor" ],
      "modes": [ "TDM", "DM", "CTF" ],
      "parachute": true,
      "position": {
        "min": { "x": 625, "y": -1250, "z": 1200 },
        "max": { "x": 1125, "y": -750, "z": 1500 }
      },
      "rotation": { "x": 0, "y": 0, "z": 0 }
    },
    {
      "name": "free-bonus",
      "free": true,
      "types": [ "nitro", "double_armor" ],
      "modes": [ "TDM", "CP", "DM", "CTF" ],
      "parachute": true,
      "position": {
        "min": { "x": -2632.132, "y": 4107.999, "z": 1800 },
        "max": { "x": -2382.132, "y": 4857.999, "z": 2100 }
      },
      "rotation": { "x": 0, "y": 0, "z": 0 }
    },
    {
      "name": "free-bonus",
      "free": true,
      "types": [ "double_damage" ],
      "modes": [ "TDM", "CP", "DM", "CTF" ],
      "parachute": true,
      "position": {
        "min": { "x": -372.882, "y": 2747.726, "z": 900 },
        "max": { "x": -122.882, "y": 3247.726, "z": 1200 }
      },
      "rotation": { "x": 0, "y": 0, "z": 0 }
    },
    {
      "name": "free-bonus",
      "free": true,
      "types": [ "double_damage" ],
      "modes": [ "TDM", "CP", "DM", "CTF" ],
      "parachute": true,
      "position": {
        "min": { "x": 8765.115, "y": -2364.357, "z": 1800 },
        "max": { "x": 9265.115, "y": -2114.357, "z": 2100 }
      },
      "rotation": { "x": 0, "y": 0, "z": 0 }
    },
    {
      "name": "free-bonus",
      "free": true,
      "types": [ "nitro", "double_armor" ],
      "modes": [ "TDM", "CP", "DM", "CTF" ],
      "parachute": true,
      "position": {
        "min": { "x": -4000, "y": 4750, "z": 900 },
        "max": { "x": -3600, "y": 5500, "z": 1200 }
      },
      "rotation": { "x": 0, "y": 0, "z": 0 }
    },
    {
      "name": "free-bonus",
      "free": true,
      "types": [ "health", "double_armor" ],
      "modes": [ "TDM", "CP", "DM", "CTF" ],
      "parachute": true,
      "position": {
        "min": { "x": 9249.251, "y": 11244.901, "z": 1800 },
        "max": { "x": 9749.251, "y": 11744.901, "z": 2100 }
      },
      "rotation": { "x": 0, "y": 0, "z": 0 }
    },
    {
      "name": "free-bonus",
      "free": true,
      "types": [ "double_armor", "double_damage" ],
      "modes": [ "TDM", "CP", "DM", "CTF" ],
      "parachute": true,
      "position": {
        "min": { "x": 1798.228, "y": 1181.419, "z": 900 },
        "max": { "x": 2048.228, "y": 1431.419, "z": 1200 }
      },
      "rotation": { "x": 0, "y": 0, "z": 0 }
    },
    {
      "name": "free-bonus",
      "free": true,
      "types": [ "health", "crystal" ],
      "modes": [ "TDM", "CP", "DM", "CTF" ],
      "parachute": true,
      "position": {
        "min": { "x": 5234.422, "y": 4262.041, "z": 900 },
        "max": { "x": 6234.422, "y": 4762.041, "z": 1200 }
      },
      "rotation": { "x": 0, "y": 0, "z": 0 }
    },
    {
      "name": "free-bonus",
      "free": true,
      "types": [ "nitro", "double_armor" ],
      "modes": [ "TDM", "DM", "CTF" ],
      "parachute": true,
      "position": {
        "min": { "x": 745.771, "y": -1267.32, "z": 1200 },
        "max": { "x": 1245.771, "y": -267.32, "z": 1500 }
      },
      "rotation": { "x": 0, "y": 0, "z": 0 }
    },
    {
      "name": "free-bonus",
      "free": true,
      "types": [ "nitro", "double_armor" ],
      "modes": [ "TDM", "CP", "DM", "CTF" ],
      "parachute": true,
      "position": {
        "min": { "x": 7384.379, "y": -1223.062, "z": 900 },
        "max": { "x": 7634.379, "y": -223.062, "z": 1200 }
      },
      "rotation": { "x": 0, "y": 0, "z": 0 }
    },
    {
      "name": "free-bonus",
      "free": true,
      "types": [ "nitro", "double_armor" ],
      "modes": [ "TDM", "DM", "CTF" ],
      "parachute": true,
      "position": {
        "min": { "x": -4193.556, "y": 744.373, "z": 1800 },
        "max": { "x": -3693.556, "y": 1744.373, "z": 2100 }
      },
      "rotation": { "x": 0, "y": 0, "z": 0 }
    },
    {
      "name": "free-bonus",
      "free": true,
      "types": [ "nitro", "double_armor" ],
      "modes": [ "TDM", "CP", "DM", "CTF" ],
      "parachute": true,
      "position": {
        "min": { "x": 6194.407, "y": 5246.384, "z": 900 },
        "max": { "x": 7194.407, "y": 5746.384, "z": 1200 }
      },
      "rotation": { "x": 0, "y": 0, "z": 0 }
    },
    {
      "name": "free-bonus",
      "free": true,
      "types": [ "health", "crystal" ],
      "modes": [ "TDM", "CP", "DM", "CTF" ],
      "parachute": true,
      "position": {
        "min": { "x": -1717.73, "y": 4235.957, "z": 900 },
        "max": { "x": -717.73, "y": 4735.957, "z": 1200 }
      },
      "rotation": { "x": 0, "y": 0, "z": 0 }
    },
    {
      "name": "free-bonus",
      "free": true,
      "types": [ "gold" ],
      "modes": [ "TDM", "CP", "DM", "CTF" ],
      "parachute": true,
      "position": {
        "min": { "x": 3125, "y": 500, "z": 1050 },
        "max": { "x": 4125, "y": 2000, "z": 1350 }
      },
      "rotation": { "x": 0, "y": 0, "z": 0 }
    },
    {
      "name": "free-bonus",
      "free": true,
      "types": [ "nitro", "double_damage", "double_armor" ],
      "modes": [ "TDM", "CP", "DM", "CTF" ],
      "parachute": true,
      "position": {
        "min": { "x": 1413.067, "y": 7750.549, "z": 900 },
        "max": { "x": 1913.067, "y": 8250.549, "z": 1200 }
      },
      "rotation": { "x": 0, "y": 0, "z": 0 }
    },
    {
      "name": "free-bonus",
      "free": true,
      "types": [ "nitro", "double_armor" ],
      "modes": [ "TDM", "CP", "DM", "CTF" ],
      "parachute": true,
      "position": {
        "min": { "x": 3216.319, "y": 11075.207, "z": 900 },
        "max": { "x": 3716.319, "y": 12075.207, "z": 1200 }
      },
      "rotation": { "x": 0, "y": 0, "z": 0 }
    },
    {
      "name": "free-bonus",
      "free": true,
      "types": [ "double_damage" ],
      "modes": [ "TDM", "CP", "DM", "CTF" ],
      "parachute": true,
      "position": {
        "min": { "x": -3247.45, "y": -3262.722, "z": 900 },
        "max": { "x": -2747.45, "y": -2762.722, "z": 1200 }
      },
      "rotation": { "x": 0, "y": 0, "z": 0 }
    },
    {
      "name": "free-bonus",
      "free": true,
      "types": [ "health", "gold" ],
      "modes": [ "TDM", "DM", "CTF" ],
      "parachute": true,
      "position": {
        "min": { "x": 997.304, "y": 4254.706, "z": 900 },
        "max": { "x": 1997.304, "y": 4754.706, "z": 1200 }
      },
      "rotation": { "x": 0, "y": 0, "z": 0 }
    },
    {
      "name": "free-bonus",
      "free": true,
      "types": [ "health", "crystal", "gold" ],
      "modes": [ "TDM", "CP", "DM", "CTF" ],
      "parachute": true,
      "position": {
        "min": { "x": 2193.294, "y": -2712.185, "z": 1200 },
        "max": { "x": 2693.294, "y": -2462.185, "z": 1500 }
      },
      "rotation": { "x": 0, "y": 0, "z": 0 }
    },
    {
      "name": "free-bonus",
      "free": true,
      "types": [ "double_damage" ],
      "modes": [ "TDM", "CP", "DM", "CTF" ],
      "parachute": true,
      "position": {
        "min": { "x": 8637.777, "y": 5206.248, "z": 1200 },
        "max": { "x": 8887.777, "y": 5706.248, "z": 1500 }
      },
      "rotation": { "x": 0, "y": 0, "z": 0 }
    },
    {
      "name": "free-bonus",
      "free": true,
      "types": [ "gold" ],
      "modes": [ "TDM", "CP", "DM", "CTF" ],
      "parachute": true,
      "position": {
        "min": { "x": -2250, "y": 10375, "z": 675 },
        "max": { "x": -1750, "y": 10875, "z": 975 }
      },
      "rotation": { "x": 0, "y": 0, "z": 0 }
    },
    {
      "name": "free-bonus",
      "free": true,
      "types": [ "double_damage" ],
      "modes": [ "TDM", "CP", "DM", "CTF" ],
      "parachute": true,
      "position": {
        "min": { "x": -2101.135, "y": 12358.444, "z": 900 },
        "max": { "x": -1601.135, "y": 12858.444, "z": 1200 }
      },
      "rotation": { "x": 0, "y": 0, "z": 0 }
    },
    {
      "name": "free-bonus",
      "free": true,
      "types": [ "health", "crystal" ],
      "modes": [ "TDM", "CP", "DM", "CTF" ],
      "parachute": true,
      "position": {
        "min": { "x": -2301.209, "y": 10345.025, "z": 300 },
        "max": { "x": -1801.209, "y": 10845.025, "z": 600 }
      },
      "rotation": { "x": 0, "y": 0, "z": 0 }
    }
  ]
}
