{
  "name": "map_berlin",
  "theme": "winter_day",

  "id": 477064,
  "preview": 189166,

  "visual": {
    "angleX": -1,
    "angleZ": -0.5,

    "lightColor": 8419955,
    "shadowColor": 6184542,

    "fogAlpha": 0.25,
    "fogColor": 15333375,

    "farLimit": 10000,
    "nearLimit": 5000,

    "gravity": 1000,
    "skyboxRevolutionSpeed": 0,
    "ssaoColor": 2374217,

    "dustAlpha": 0.8999999761581421,
    "dustDensity": 0.15000000596046448,
    "dustFarDistance": 7000,
    "dustNearDistance": 5000,
    "dustParticle": "winter",
    "dustSize": 200
  },
  "skybox": "Winter",
  "resources": {
    "proplibs": [
      "Bridge Parts Winter",
      "Bush Winter",
      "City Builds Winter",
      "Cliffs Winter",
      "Concrete Tiles Winter",
      "Concrete Walls Winter",
      "Grass Tiles Winter",
      "NuBu 1 Winter",
      "NuBu 10 Winter",
      "NuBu 12 Winter",
      "NuBu 14 Winter",
      "NuBu 2 Winter",
      "NuBu 3 Winter",
      "NuBu 4 Winter",
      "NuBu 5 Winter",
      "NuBu 6 Winter",
      "NuBu 8 Winter",
      "NuBu 9 Winter",
      "Promotion Winter",
      "Slopes Rises Winter",
      "Small Bridge Winter",
      "Village Builds Winter"
    ],
    "map": { "id": 477064, "version": 1 }
  },
  "spawnPoints": [
    {
      "team": "RED",
      "position": { "x": 3750, "y": 15250, "z": -300 },
      "rotation": { "x": 0, "y": 0, "z": -300 }
    },
    {
      "team": "RED",
      "position": { "x": -8500, "y": -2875, "z": -300 },
      "rotation": { "x": 0, "y": 0, "z": -300 }
    },
    {
      "mode": "DM",
      "position": { "x": -2250, "y": 22500, "z": -300 },
      "rotation": { "x": 0, "y": 0, "z": -300 }
    },
    {
      "mode": "DM",
      "position": { "x": 3750, "y": 14000, "z": -300 },
      "rotation": { "x": 0, "y": 0, "z": -300 }
    },
    {
      "mode": "DM",
      "position": { "x": -31000, "y": 21250, "z": 0 },
      "rotation": { "x": 0, "y": 0, "z": 0 }
    },
    {
      "team": "BLUE",
      "position": { "x": -30750, "y": 20500, "z": 0 },
      "rotation": { "x": 0, "y": 0, "z": 0 }
    },
    {
      "team": "BLUE",
      "position": { "x": -31000, "y": -2500, "z": -300 },
      "rotation": { "x": 0, "y": 0, "z": -300 }
    },
    {
      "mode": "DM",
      "position": { "x": -5750, "y": 13750, "z": -300 },
      "rotation": { "x": 0, "y": 0, "z": -300 }
    },
    {
      "mode": "DM",
      "position": { "x": 3750, "y": 6000, "z": -300 },
      "rotation": { "x": 0, "y": 0, "z": -300 }
    },
    {
      "mode": "DM",
      "position": { "x": -9500, "y": 22500, "z": -300 },
      "rotation": { "x": 0, "y": 0, "z": -300 }
    },
    {
      "mode": "DM",
      "position": { "x": 4000, "y": -2250, "z": -300 },
      "rotation": { "x": 0, "y": 0, "z": -300 }
    },
    {
      "mode": "DM",
      "position": { "x": -6741.756, "y": 22528.084, "z": -300 },
      "rotation": { "x": 0, "y": 0, "z": -300 }
    },
    {
      "mode": "DM",
      "position": { "x": -23750, "y": 22000, "z": 0 },
      "rotation": { "x": 0, "y": 0, "z": 0 }
    },
    {
      "team": "RED",
      "position": { "x": 3250, "y": 22500, "z": -300 },
      "rotation": { "x": 0, "y": 0, "z": -300 }
    },
    {
      "team": "RED",
      "position": { "x": -1500, "y": -3000, "z": -300 },
      "rotation": { "x": 0, "y": 0, "z": -300 }
    },
    {
      "team": "BLUE",
      "position": { "x": -31000, "y": 11750, "z": 0 },
      "rotation": { "x": 0, "y": 0, "z": 0 }
    },
    {
      "team": "BLUE",
      "position": { "x": -27375, "y": 3250, "z": 0 },
      "rotation": { "x": 0, "y": 0, "z": 0 }
    },
    {
      "team": "RED",
      "position": { "x": 3250, "y": 18000, "z": -300 },
      "rotation": { "x": 0, "y": 0, "z": -300 }
    },
    {
      "team": "BLUE",
      "position": { "x": -31000, "y": 10250, "z": 0 },
      "rotation": { "x": 0, "y": 0, "z": 0 }
    },
    {
      "mode": "DM",
      "position": { "x": -30750, "y": -2500, "z": -300 },
      "rotation": { "x": 0, "y": 0, "z": -300 }
    },
    {
      "team": "RED",
      "position": { "x": 2250, "y": 22500, "z": -300 },
      "rotation": { "x": 0, "y": 0, "z": -300 }
    },
    {
      "team": "BLUE",
      "position": { "x": -31000, "y": 13000, "z": 0 },
      "rotation": { "x": 0, "y": 0, "z": 0 }
    },
    {
      "team": "RED",
      "position": { "x": -3250, "y": 19250, "z": -300 },
      "rotation": { "x": 0, "y": 0, "z": -300 }
    },
    {
      "mode": "DM",
      "position": { "x": 3750, "y": 18500, "z": -300 },
      "rotation": { "x": 0, "y": 0, "z": -300 }
    },
    {
      "team": "RED",
      "position": { "x": 4000, "y": -1500, "z": -300 },
      "rotation": { "x": 0, "y": 0, "z": -300 }
    },
    {
      "mode": "DM",
      "position": { "x": -29500, "y": 6500, "z": -300 },
      "rotation": { "x": 0, "y": 0, "z": -300 }
    },
    {
      "team": "BLUE",
      "position": { "x": -30500, "y": -2500, "z": -300 },
      "rotation": { "x": 0, "y": 0, "z": -300 }
    },
    {
      "team": "RED",
      "position": { "x": -3250, "y": 20250, "z": -300 },
      "rotation": { "x": 0, "y": 0, "z": -300 }
    },
    {
      "team": "BLUE",
      "position": { "x": -29250, "y": 9375, "z": 0 },
      "rotation": { "x": 0, "y": 0, "z": 0 }
    },
    {
      "mode": "DM",
      "position": { "x": -17250, "y": -1500, "z": -300 },
      "rotation": { "x": 0, "y": 0, "z": -300 }
    },
    {
      "mode": "DM",
      "position": { "x": -28500, "y": -2250, "z": -300 },
      "rotation": { "x": 0, "y": 0, "z": -300 }
    },
    {
      "team": "BLUE",
      "position": { "x": -29500, "y": 14500, "z": 0 },
      "rotation": { "x": 0, "y": 0, "z": 0 }
    },
    {
      "mode": "DM",
      "position": { "x": -15500, "y": 22000, "z": -300 },
      "rotation": { "x": 0, "y": 0, "z": -300 }
    },
    {
      "team": "RED",
      "position": { "x": 2500, "y": 2000, "z": -300 },
      "rotation": { "x": 0, "y": 0, "z": -300 }
    },
    {
      "team": "RED",
      "position": { "x": -1250, "y": 22500, "z": -300 },
      "rotation": { "x": 0, "y": 0, "z": -300 }
    },
    {
      "mode": "DM",
      "position": { "x": -28000, "y": 3250, "z": 0 },
      "rotation": { "x": 0, "y": 0, "z": 0 }
    },
    {
      "mode": "DM",
      "position": { "x": -13125, "y": 15000, "z": -900 },
      "rotation": { "x": 0, "y": 0, "z": -900 }
    },
    {
      "team": "BLUE",
      "position": { "x": -24500, "y": 1000, "z": 0 },
      "rotation": { "x": 0, "y": 0, "z": 0 }
    },
    {
      "team": "RED",
      "position": { "x": -4250, "y": -1500, "z": -300 },
      "rotation": { "x": 0, "y": 0, "z": -300 }
    },
    {
      "mode": "DM",
      "position": { "x": -22250, "y": 8750, "z": 0 },
      "rotation": { "x": 0, "y": 0, "z": 0 }
    },
    {
      "team": "RED",
      "position": { "x": 0, "y": -1250, "z": -300 },
      "rotation": { "x": 0, "y": 0, "z": -300 }
    },
    {
      "mode": "DM",
      "position": { "x": -31000, "y": 11000, "z": 0 },
      "rotation": { "x": 0, "y": 0, "z": 0 }
    },
    {
      "team": "BLUE",
      "position": { "x": -29500, "y": 15250, "z": 0 },
      "rotation": { "x": 0, "y": 0, "z": 0 }
    },
    {
      "mode": "DM",
      "position": { "x": -27250, "y": 8250, "z": 0 },
      "rotation": { "x": 0, "y": 0, "z": 0 }
    },
    {
      "team": "RED",
      "position": { "x": -3250, "y": 15750, "z": -300 },
      "rotation": { "x": 0, "y": 0, "z": -300 }
    },
    {
      "team": "BLUE",
      "position": { "x": -24500, "y": 0, "z": 0 },
      "rotation": { "x": 0, "y": 0, "z": 0 }
    },
    {
      "mode": "DM",
      "position": { "x": -18750, "y": 22000, "z": 300 },
      "rotation": { "x": 0, "y": 0, "z": 300 }
    },
    {
      "team": "RED",
      "position": { "x": 3250, "y": 19000, "z": -300 },
      "rotation": { "x": 0, "y": 0, "z": -300 }
    },
    {
      "team": "BLUE",
      "position": { "x": -31000, "y": 9250, "z": 0 },
      "rotation": { "x": 0, "y": 0, "z": 0 }
    },
    {
      "mode": "DM",
      "position": { "x": -29000, "y": 21250, "z": 0 },
      "rotation": { "x": 0, "y": 0, "z": 0 }
    },
    {
      "team": "BLUE",
      "position": { "x": -28750, "y": 9375, "z": 0 },
      "rotation": { "x": 0, "y": 0, "z": 0 }
    },
    {
      "mode": "DM",
      "position": { "x": -13375, "y": 20250, "z": -900 },
      "rotation": { "x": 0, "y": 0, "z": -900 }
    },
    {
      "team": "BLUE",
      "position": { "x": -29000, "y": 22000, "z": 0 },
      "rotation": { "x": 0, "y": 0, "z": 0 }
    },
    {
      "mode": "DM",
      "position": { "x": -22000, "y": 22000, "z": 0 },
      "rotation": { "x": 0, "y": 0, "z": 0 }
    },
    {
      "team": "BLUE",
      "position": { "x": -28500, "y": -2375, "z": -300 },
      "rotation": { "x": 0, "y": 0, "z": -300 }
    },
    {
      "mode": "DM",
      "position": { "x": -9000, "y": -2875, "z": -300 },
      "rotation": { "x": 0, "y": 0, "z": -300 }
    },
    {
      "team": "BLUE",
      "position": { "x": -31000, "y": 22000, "z": 0 },
      "rotation": { "x": 0, "y": 0, "z": 0 }
    },
    {
      "team": "RED",
      "position": { "x": 4000, "y": -2750, "z": -300 },
      "rotation": { "x": 0, "y": 0, "z": -300 }
    },
    {
      "team": "RED",
      "position": { "x": 2500, "y": 2750, "z": -300 },
      "rotation": { "x": 0, "y": 0, "z": -300 }
    },
    {
      "team": "RED",
      "position": { "x": -2750, "y": 15250, "z": -300 },
      "rotation": { "x": 0, "y": 0, "z": -300 }
    },
    {
      "mode": "DM",
      "position": { "x": 3750, "y": 22250, "z": -300 },
      "rotation": { "x": 0, "y": 0, "z": -300 }
    },
    {
      "team": "BLUE",
      "position": { "x": -29500, "y": 7000, "z": -300 },
      "rotation": { "x": 0, "y": 0, "z": -300 }
    },
    {
      "team": "RED",
      "position": { "x": 3250, "y": -1500, "z": -300 },
      "rotation": { "x": 0, "y": 0, "z": -300 }
    },
    {
      "mode": "DM",
      "position": { "x": -12875, "y": -2250, "z": -900 },
      "rotation": { "x": 0, "y": 0, "z": -900 }
    },
    {
      "mode": "CP",
      "point": "A",
      "position": { "x": 500, "y": 11000, "z": 0 },
      "rotation": { "x": 0, "y": 0, "z": 0 }
    },
    {
      "mode": "DM",
      "position": { "x": -22500, "y": 6250, "z": -300 },
      "rotation": { "x": 0, "y": 0, "z": -300 }
    },
    {
      "mode": "CP",
      "point": "A",
      "position": { "x": 500, "y": 9000, "z": 0 },
      "rotation": { "x": 0, "y": 0, "z": 0 }
    },
    {
      "mode": "CP",
      "point": "D",
      "position": { "x": -17250, "y": -1500, "z": -300 },
      "rotation": { "x": 0, "y": 0, "z": -300 }
    },
    {
      "mode": "CP",
      "point": "D",
      "position": { "x": -21000, "y": -1500, "z": -300 },
      "rotation": { "x": 0, "y": 0, "z": -300 }
    },
    {
      "team": "BLUE",
      "position": { "x": -29750, "y": -250, "z": 0 },
      "rotation": { "x": 0, "y": 0, "z": 0 }
    },
    {
      "team": "BLUE",
      "position": { "x": -30750, "y": 18000, "z": 0 },
      "rotation": { "x": 0, "y": 0, "z": 0 }
    },
    {
      "mode": "CP",
      "point": "D",
      "position": { "x": -21000, "y": 0, "z": -300 },
      "rotation": { "x": 0, "y": 0, "z": -300 }
    },
    {
      "mode": "DM",
      "position": { "x": -27375, "y": 13250, "z": 0 },
      "rotation": { "x": 0, "y": 0, "z": 0 }
    },
    {
      "mode": "CP",
      "point": "D",
      "position": { "x": -20750, "y": 2250, "z": -300 },
      "rotation": { "x": 0, "y": 0, "z": -300 }
    },
    {
      "team": "BLUE",
      "position": { "x": -29750, "y": 750, "z": 0 },
      "rotation": { "x": 0, "y": 0, "z": 0 }
    },
    {
      "mode": "CP",
      "point": "D",
      "position": { "x": -18500, "y": 1500, "z": -300 },
      "rotation": { "x": 0, "y": 0, "z": -300 }
    },
    {
      "mode": "DM",
      "position": { "x": -15500, "y": 8625, "z": -300 },
      "rotation": { "x": 0, "y": 0, "z": -300 }
    },
    {
      "mode": "DM",
      "position": { "x": -20500, "y": 12250, "z": 0 },
      "rotation": { "x": 0, "y": 0, "z": 0 }
    },
    {
      "mode": "CP",
      "point": "A",
      "position": { "x": 500, "y": 10000, "z": 0 },
      "rotation": { "x": 0, "y": 0, "z": 0 }
    },
    {
      "mode": "DM",
      "position": { "x": -19750, "y": -1500, "z": -300 },
      "rotation": { "x": 0, "y": 0, "z": -300 }
    },
    {
      "team": "RED",
      "position": { "x": 0, "y": -2000, "z": -300 },
      "rotation": { "x": 0, "y": 0, "z": -300 }
    },
    {
      "mode": "CP",
      "point": "A",
      "position": { "x": -250, "y": 7500, "z": 0 },
      "rotation": { "x": 0, "y": 0, "z": 0 }
    },
    {
      "mode": "CP",
      "point": "A",
      "position": { "x": -250, "y": 12500, "z": 0 },
      "rotation": { "x": 0, "y": 0, "z": 0 }
    }
  ],
  "flags": {
    "RED": {
      "position": { "x": 500, "y": 10000, "z": 0 }
    },
    "BLUE": {
      "position": { "x": -20500, "y": 14250, "z": -300 }
    }
  },
  "points": [
    {
      "id": "A",
      "distance": 1000,
      "free": false,
      "position": { "x": -1250, "y": 10000, "z": -300 }
    },
    {
      "id": "D",
      "distance": 1000,
      "free": false,
      "position": { "x": -20000, "y": -750, "z": -300 }
    },
    {
      "id": "B",
      "distance": 1000,
      "free": false,
      "position": { "x": -6000, "y": 3500, "z": -300 }
    },
    {
      "id": "F",
      "distance": 1000,
      "free": false,
      "position": { "x": -11750, "y": 13000, "z": -900 }
    },
    {
      "id": "G",
      "distance": 1000,
      "free": false,
      "position": { "x": -17250, "y": 9250, "z": 0 }
    },
    {
      "id": "C",
      "distance": 1000,
      "free": false,
      "position": { "x": -5500, "y": 17000, "z": -300 }
    },
    {
      "id": "E",
      "distance": 1000,
      "free": false,
      "position": { "x": -18750, "y": 19500, "z": 300 }
    }
  ],
  "bonuses": [
    {
      "name": "free-bonus",
      "free": true,
      "types": [ "double_damage" ],
      "modes": [ "CTF", "DM", "TDM" ],
      "parachute": true,
      "position": {
        "min": { "x": -19250, "y": 19125, "z": 900 },
        "max": { "x": -18250, "y": 19625, "z": 1200 }
      },
      "rotation": { "x": 0, "y": 0, "z": 0 }
    },
    {
      "name": "free-bonus",
      "free": true,
      "types": [ "nitro" ],
      "modes": [ "CTF", "DM", "CP", "TDM" ],
      "parachute": true,
      "position": {
        "min": { "x": -22500, "y": 10500, "z": 600 },
        "max": { "x": -22000, "y": 11000, "z": 900 }
      },
      "rotation": { "x": 0, "y": 0, "z": 0 }
    },
    {
      "name": "free-bonus",
      "free": true,
      "types": [ "nitro" ],
      "modes": [ "CTF", "DM", "CP", "TDM" ],
      "parachute": true,
      "position": {
        "min": { "x": -9562.5, "y": 15000, "z": 300 },
        "max": { "x": -9062.5, "y": 15500, "z": 600 }
      },
      "rotation": { "x": 0, "y": 0, "z": 0 }
    },
    {
      "name": "free-bonus",
      "free": true,
      "types": [ "nitro" ],
      "modes": [ "CTF", "DM", "CP", "TDM" ],
      "parachute": true,
      "position": {
        "min": { "x": -23250, "y": -2750, "z": 1200 },
        "max": { "x": -22750, "y": -2250, "z": 1500 }
      },
      "rotation": { "x": 0, "y": 0, "z": 0 }
    },
    {
      "name": "free-bonus",
      "free": true,
      "types": [ "health" ],
      "modes": [ "CTF", "DM", "CP", "TDM" ],
      "parachute": true,
      "position": {
        "min": { "x": 125, "y": 18125, "z": 300 },
        "max": { "x": 875, "y": 18875, "z": 600 }
      },
      "rotation": { "x": 0, "y": 0, "z": 0 }
    },
    {
      "name": "free-bonus",
      "free": true,
      "types": [ "double_damage" ],
      "modes": [ "CTF", "DM", "CP", "TDM" ],
      "parachute": true,
      "position": {
        "min": { "x": -31000, "y": -500, "z": 600 },
        "max": { "x": -30500, "y": 1000, "z": 900 }
      },
      "rotation": { "x": 0, "y": 0, "z": 0 }
    },
    {
      "name": "free-bonus",
      "free": true,
      "types": [ "double_armor" ],
      "modes": [ "CTF", "DM", "CP", "TDM" ],
      "parachute": true,
      "position": {
        "min": { "x": -24000, "y": 16000, "z": 600 },
        "max": { "x": -23500, "y": 16500, "z": 900 }
      },
      "rotation": { "x": 0, "y": 0, "z": 0 }
    },
    {
      "name": "free-bonus",
      "free": true,
      "types": [ "crystal" ],
      "modes": [ "CTF", "DM", "CP", "TDM" ],
      "parachute": true,
      "position": {
        "min": { "x": -12875, "y": 15875, "z": 0 },
        "max": { "x": -11375, "y": 17875, "z": 300 }
      },
      "rotation": { "x": 0, "y": 0, "z": 0 }
    },
    {
      "name": "free-bonus",
      "free": true,
      "types": [ "health" ],
      "modes": [ "CTF", "DM", "CP", "TDM" ],
      "parachute": true,
      "position": {
        "min": { "x": -22239.609, "y": 20154.74, "z": 300 },
        "max": { "x": -21739.609, "y": 20654.74, "z": 600 }
      },
      "rotation": { "x": 0, "y": 0, "z": 0 }
    },
    {
      "name": "free-bonus",
      "free": true,
      "types": [ "nitro" ],
      "modes": [ "CTF", "DM", "CP", "TDM" ],
      "parachute": true,
      "position": {
        "min": { "x": -6250, "y": 9500, "z": 300 },
        "max": { "x": -3750, "y": 10500, "z": 600 }
      },
      "rotation": { "x": 0, "y": 0, "z": 0 }
    },
    {
      "name": "free-bonus",
      "free": true,
      "types": [ "nitro" ],
      "modes": [ "CTF", "DM", "CP", "TDM" ],
      "parachute": true,
      "position": {
        "min": { "x": -15375, "y": 20750, "z": 300 },
        "max": { "x": -14875, "y": 21250, "z": 600 }
      },
      "rotation": { "x": 0, "y": 0, "z": 0 }
    },
    {
      "name": "free-bonus",
      "free": true,
      "types": [ "double_armor" ],
      "modes": [ "CTF", "DM", "CP", "TDM" ],
      "parachute": true,
      "position": {
        "min": { "x": -30250, "y": 11750, "z": 600 },
        "max": { "x": -29250, "y": 12750, "z": 900 }
      },
      "rotation": { "x": 0, "y": 0, "z": 0 }
    },
    {
      "name": "free-bonus",
      "free": true,
      "types": [ "double_damage" ],
      "modes": [ "CTF", "DM", "CP", "TDM" ],
      "parachute": true,
      "position": {
        "min": { "x": -17625, "y": 1750, "z": 300 },
        "max": { "x": -16875, "y": 2500, "z": 600 }
      },
      "rotation": { "x": 0, "y": 0, "z": 0 }
    },
    {
      "name": "free-bonus",
      "free": true,
      "types": [ "double_damage" ],
      "modes": [ "CTF", "DM", "CP", "TDM" ],
      "parachute": true,
      "position": {
        "min": { "x": -4250, "y": 13750, "z": 300 },
        "max": { "x": -3750, "y": 14250, "z": 600 }
      },
      "rotation": { "x": 0, "y": 0, "z": 0 }
    },
    {
      "name": "free-bonus",
      "free": true,
      "types": [ "double_armor" ],
      "modes": [ "CTF", "DM", "CP", "TDM" ],
      "parachute": true,
      "position": {
        "min": { "x": 2750, "y": 18250, "z": 300 },
        "max": { "x": 3250, "y": 18750, "z": 600 }
      },
      "rotation": { "x": 0, "y": 0, "z": 0 }
    },
    {
      "name": "free-bonus",
      "free": true,
      "types": [ "gold", "crystal" ],
      "modes": [ "CTF", "DM", "CP", "TDM" ],
      "parachute": true,
      "position": {
        "min": { "x": -13000, "y": 9437.5, "z": 600 },
        "max": { "x": -11500, "y": 11437.5, "z": 900 }
      },
      "rotation": { "x": 0, "y": 0, "z": 0 }
    },
    {
      "name": "free-bonus",
      "free": true,
      "types": [ "nitro" ],
      "modes": [ "CTF", "DM", "CP", "TDM" ],
      "parachute": true,
      "position": {
        "min": { "x": -18250, "y": 13500, "z": 600 },
        "max": { "x": -17250, "y": 15000, "z": 900 }
      },
      "rotation": { "x": 0, "y": 0, "z": 0 }
    },
    {
      "name": "free-bonus",
      "free": true,
      "types": [ "nitro" ],
      "modes": [ "CTF", "DM", "CP", "TDM" ],
      "parachute": true,
      "position": {
        "min": { "x": -5750, "y": 21500, "z": 300 },
        "max": { "x": -4750, "y": 22000, "z": 600 }
      },
      "rotation": { "x": 0, "y": 0, "z": 0 }
    },
    {
      "name": "free-bonus",
      "free": true,
      "types": [ "double_armor" ],
      "modes": [ "CTF", "DM", "CP", "TDM" ],
      "parachute": true,
      "position": {
        "min": { "x": -28875, "y": 2500, "z": 600 },
        "max": { "x": -28375, "y": 3000, "z": 900 }
      },
      "rotation": { "x": 0, "y": 0, "z": 0 }
    },
    {
      "name": "free-bonus",
      "free": true,
      "types": [ "nitro" ],
      "modes": [ "CTF", "DM", "CP", "TDM" ],
      "parachute": true,
      "position": {
        "min": { "x": -8875, "y": 5250, "z": 300 },
        "max": { "x": -7875, "y": 6250, "z": 600 }
      },
      "rotation": { "x": 0, "y": 0, "z": 0 }
    },
    {
      "name": "free-bonus",
      "free": true,
      "types": [ "crystal" ],
      "modes": [ "CTF", "DM", "CP", "TDM" ],
      "parachute": true,
      "position": {
        "min": { "x": -13125, "y": 250, "z": 600 },
        "max": { "x": -11875, "y": 2250, "z": 900 }
      },
      "rotation": { "x": 0, "y": 0, "z": 0 }
    },
    {
      "name": "free-bonus",
      "free": true,
      "types": [ "crystal" ],
      "modes": [ "CTF", "DM", "CP", "TDM" ],
      "parachute": true,
      "position": {
        "min": { "x": -11500, "y": 5375, "z": 900 },
        "max": { "x": -9000, "y": 6125, "z": 1200 }
      },
      "rotation": { "x": 0, "y": 0, "z": 0 }
    },
    {
      "name": "free-bonus",
      "free": true,
      "types": [ "nitro" ],
      "modes": [ "CTF", "DM", "CP", "TDM" ],
      "parachute": true,
      "position": {
        "min": { "x": -14625, "y": -1500, "z": 300 },
        "max": { "x": -14125, "y": -1000, "z": 600 }
      },
      "rotation": { "x": 0, "y": 0, "z": 0 }
    },
    {
      "name": "free-bonus",
      "free": true,
      "types": [ "nitro" ],
      "modes": [ "CTF", "DM", "CP", "TDM" ],
      "parachute": true,
      "position": {
        "min": { "x": -750, "y": 21750, "z": 300 },
        "max": { "x": -250, "y": 22250, "z": 600 }
      },
      "rotation": { "x": 0, "y": 0, "z": 0 }
    },
    {
      "name": "free-bonus",
      "free": true,
      "types": [ "crystal" ],
      "modes": [ "CTF", "DM", "CP", "TDM" ],
      "parachute": true,
      "position": {
        "min": { "x": -16500, "y": 5375, "z": 900 },
        "max": { "x": -13500, "y": 6125, "z": 1200 }
      },
      "rotation": { "x": 0, "y": 0, "z": 0 }
    },
    {
      "name": "free-bonus",
      "free": true,
      "types": [ "double_armor" ],
      "modes": [ "CTF", "DM", "TDM" ],
      "parachute": true,
      "position": {
        "min": { "x": -17750, "y": 9500, "z": 600 },
        "max": { "x": -16750, "y": 10000, "z": 900 }
      },
      "rotation": { "x": 0, "y": 0, "z": 0 }
    },
    {
      "name": "free-bonus",
      "free": true,
      "types": [ "double_armor" ],
      "modes": [ "CP" ],
      "parachute": true,
      "position": {
        "min": { "x": -20500, "y": 10500, "z": 600 },
        "max": { "x": -19500, "y": 11000, "z": 900 }
      },
      "rotation": { "x": 0, "y": 0, "z": 0 }
    },
    {
      "name": "free-bonus",
      "free": true,
      "types": [ "double_damage" ],
      "modes": [ "CP" ],
      "parachute": true,
      "position": {
        "min": { "x": -22500, "y": 17500, "z": 600 },
        "max": { "x": -22000, "y": 18000, "z": 900 }
      },
      "rotation": { "x": 0, "y": 0, "z": 0 }
    },
    {
      "name": "free-bonus",
      "free": true,
      "types": [ "double_armor" ],
      "modes": [ "CTF", "DM", "CP", "TDM" ],
      "parachute": true,
      "position": {
        "min": { "x": -6000, "y": 1000, "z": 300 },
        "max": { "x": -5500, "y": 1500, "z": 600 }
      },
      "rotation": { "x": 0, "y": 0, "z": 0 }
    },
    {
      "name": "free-bonus",
      "free": true,
      "types": [ "health" ],
      "modes": [ "CTF", "DM", "CP", "TDM" ],
      "parachute": true,
      "position": {
        "min": { "x": -26250, "y": 11750, "z": 1237.5 },
        "max": { "x": -25750, "y": 12250, "z": 1537.5 }
      },
      "rotation": { "x": 0, "y": 0, "z": 0 }
    },
    {
      "name": "free-bonus",
      "free": true,
      "types": [ "gold", "crystal", "health" ],
      "modes": [ "CTF", "DM", "CP", "TDM" ],
      "parachute": true,
      "position": {
        "min": { "x": -13500, "y": 5375, "z": 900 },
        "max": { "x": -11500, "y": 6125, "z": 1200 }
      },
      "rotation": { "x": 0, "y": 0, "z": 0 }
    },
    {
      "name": "free-bonus",
      "free": true,
      "types": [ "double_damage" ],
      "modes": [ "CTF", "DM", "CP", "TDM" ],
      "parachute": true,
      "position": {
        "min": { "x": -500, "y": 1000, "z": 300 },
        "max": { "x": 0, "y": 1500, "z": 600 }
      },
      "rotation": { "x": 0, "y": 0, "z": 0 }
    },
    {
      "name": "free-bonus",
      "free": true,
      "types": [ "double_armor" ],
      "modes": [ "CTF", "DM", "CP", "TDM" ],
      "parachute": true,
      "position": {
        "min": { "x": -4875, "y": 5750, "z": 300 },
        "max": { "x": -4375, "y": 6250, "z": 600 }
      },
      "rotation": { "x": 0, "y": 0, "z": 0 }
    },
    {
      "name": "free-bonus",
      "free": true,
      "types": [ "double_damage" ],
      "modes": [ "CTF", "DM", "CP", "TDM" ],
      "parachute": true,
      "position": {
        "min": { "x": -2250, "y": 18250, "z": 300 },
        "max": { "x": -1750, "y": 18750, "z": 600 }
      },
      "rotation": { "x": 0, "y": 0, "z": 0 }
    },
    {
      "name": "free-bonus",
      "free": true,
      "types": [ "double_damage" ],
      "modes": [ "CTF", "DM", "CP", "TDM" ],
      "parachute": true,
      "position": {
        "min": { "x": -29000, "y": 17250, "z": 600 },
        "max": { "x": -28500, "y": 18250, "z": 900 }
      },
      "rotation": { "x": 0, "y": 0, "z": 0 }
    },
    {
      "name": "free-bonus",
      "free": true,
      "types": [ "health" ],
      "modes": [ "CTF", "DM", "CP", "TDM" ],
      "parachute": true,
      "position": {
        "min": { "x": -15500, "y": 10500, "z": 600 },
        "max": { "x": -15000, "y": 11000, "z": 900 }
      },
      "rotation": { "x": 0, "y": 0, "z": 0 }
    },
    {
      "name": "free-bonus",
      "free": true,
      "types": [ "health" ],
      "modes": [ "CTF", "DM", "CP", "TDM" ],
      "parachute": true,
      "position": {
        "min": { "x": -500, "y": -3250, "z": 300 },
        "max": { "x": 0, "y": -2750, "z": 600 }
      },
      "rotation": { "x": 0, "y": 0, "z": 0 }
    },
    {
      "name": "free-bonus",
      "free": true,
      "types": [ "nitro" ],
      "modes": [ "CTF", "DM", "CP", "TDM" ],
      "parachute": true,
      "position": {
        "min": { "x": -31000, "y": 5250, "z": 900 },
        "max": { "x": -30500, "y": 6250, "z": 1200 }
      },
      "rotation": { "x": 0, "y": 0, "z": 0 }
    }
  ]
}
