{
  "name": "map_dualiti",
  "theme": "winter_day",

  "id": 434155,
  "preview": 165105,

  "visual": {
    "angleX": -1,
    "angleZ": -0.5,

    "lightColor": 8419955,
    "shadowColor": 6184542,

    "fogAlpha": 0.25,
    "fogColor": 15333375,

    "farLimit": 10000,
    "nearLimit": 5000,

    "gravity": 1000,
    "skyboxRevolutionSpeed": 0,
    "ssaoColor": 2374217,

    "dustAlpha": 0.8999999761581421,
    "dustDensity": 0.15000000596046448,
    "dustFarDistance": 7000,
    "dustNearDistance": 5000,
    "dustParticle": "winter",
    "dustSize": 200
  },
  "skybox": "Winter",
  "resources": {
    "proplibs": [
      "Bush Winter",
      "City Buildings Winter",
      "Desert Houses Winter",
      "Industrial Bridge Winter",
      "Industrial Elements Winter",
      "Land Rocks Winter",
      "Land Tiles Winter",
      "Outer Walls Winter",
      "Promotion Winter",
      "Stuffs Winter",
      "Waffle Fence Winter"
    ],
    "map": { "id": 434155, "version": 1 }
  },
  "spawnPoints": [
    {
      "team": "RED",
      "position": { "x": 250, "y": 4625, "z": 300 },
      "rotation": { "x": 0, "y": 0, "z": 300 }
    },
    {
      "mode": "DM",
      "position": { "x": 2500, "y": -2250, "z": 300 },
      "rotation": { "x": 0, "y": 0, "z": 300 }
    },
    {
      "team": "RED",
      "position": { "x": 1250, "y": 4625, "z": 300 },
      "rotation": { "x": 0, "y": 0, "z": 300 }
    },
    {
      "mode": "DM",
      "position": { "x": 1375, "y": 750, "z": 300 },
      "rotation": { "x": 0, "y": 0, "z": 300 }
    },
    {
      "mode": "DM",
      "position": { "x": 1250, "y": 2250, "z": 300 },
      "rotation": { "x": 0, "y": 0, "z": 300 }
    },
    {
      "mode": "DM",
      "position": { "x": 250, "y": -1750, "z": 300 },
      "rotation": { "x": 0, "y": 0, "z": 300 }
    },
    {
      "team": "BLUE",
      "position": { "x": -2750, "y": -4625, "z": 300 },
      "rotation": { "x": 0, "y": 0, "z": 300 }
    },
    {
      "team": "BLUE",
      "position": { "x": -1750, "y": -4625, "z": 300 },
      "rotation": { "x": 0, "y": 0, "z": 300 }
    },
    {
      "mode": "DM",
      "position": { "x": 1500, "y": -4000, "z": 300 },
      "rotation": { "x": 0, "y": 0, "z": 300 }
    },
    {
      "mode": "DM",
      "position": { "x": 750, "y": 4625, "z": 300 },
      "rotation": { "x": 0, "y": 0, "z": 300 }
    },
    {
      "mode": "DM",
      "position": { "x": -750, "y": 3250, "z": 300 },
      "rotation": { "x": 0, "y": 0, "z": 300 }
    },
    {
      "team": "BLUE",
      "position": { "x": 2500, "y": -1250, "z": 300 },
      "rotation": { "x": 0, "y": 0, "z": 300 }
    },
    {
      "team": "BLUE",
      "position": { "x": -2750, "y": -1750, "z": 300 },
      "rotation": { "x": 0, "y": 0, "z": 300 }
    },
    {
      "mode": "DM",
      "position": { "x": -1250, "y": 1750, "z": 300 },
      "rotation": { "x": 0, "y": 0, "z": 300 }
    },
    {
      "mode": "DM",
      "position": { "x": 250, "y": -4625, "z": 300 },
      "rotation": { "x": 0, "y": 0, "z": 300 }
    },
    {
      "mode": "DM",
      "position": { "x": -2375, "y": -750, "z": 300 },
      "rotation": { "x": 0, "y": 0, "z": 300 }
    },
    {
      "team": "BLUE",
      "position": { "x": 250, "y": -1250, "z": 300 },
      "rotation": { "x": 0, "y": 0, "z": 300 }
    },
    {
      "team": "RED",
      "position": { "x": -2750, "y": 4625, "z": 300 },
      "rotation": { "x": 0, "y": 0, "z": 300 }
    },
    {
      "team": "RED",
      "position": { "x": -3750, "y": 1750, "z": 300 },
      "rotation": { "x": 0, "y": 0, "z": 300 }
    },
    {
      "mode": "DM",
      "position": { "x": -250, "y": -3250, "z": 300 },
      "rotation": { "x": 0, "y": 0, "z": 300 }
    },
    {
      "team": "BLUE",
      "position": { "x": 500, "y": -3250, "z": 300 },
      "rotation": { "x": 0, "y": 0, "z": 300 }
    },
    {
      "mode": "DM",
      "position": { "x": -1250, "y": -4625, "z": 300 },
      "rotation": { "x": 0, "y": 0, "z": 300 }
    },
    {
      "team": "BLUE",
      "position": { "x": 1500, "y": -4625, "z": 300 },
      "rotation": { "x": 0, "y": 0, "z": 300 }
    },
    {
      "mode": "DM",
      "position": { "x": -1250, "y": 4625, "z": 300 },
      "rotation": { "x": 0, "y": 0, "z": 300 }
    },
    {
      "mode": "DM",
      "position": { "x": 1750, "y": 1750, "z": 300 },
      "rotation": { "x": 0, "y": 0, "z": 300 }
    },
    {
      "mode": "DM",
      "position": { "x": -2250, "y": 4000, "z": 300 },
      "rotation": { "x": 0, "y": 0, "z": 300 }
    },
    {
      "mode": "DM",
      "position": { "x": -2750, "y": -1750, "z": 300 },
      "rotation": { "x": 0, "y": 0, "z": 300 }
    },
    {
      "team": "RED",
      "position": { "x": -1750, "y": 2250, "z": 300 },
      "rotation": { "x": 0, "y": 0, "z": 300 }
    },
    {
      "team": "RED",
      "position": { "x": -1250, "y": 1250, "z": 300 },
      "rotation": { "x": 0, "y": 0, "z": 300 }
    },
    {
      "team": "RED",
      "position": { "x": 1750, "y": 1750, "z": 300 },
      "rotation": { "x": 0, "y": 0, "z": 300 }
    }
  ],
  "flags": {
    "RED": {
      "position": { "x": -500, "y": 4500, "z": 300 }
    },
    "BLUE": {
      "position": { "x": -500, "y": -4500, "z": 300 }
    }
  },
  "points": [
    {
      "id": "C",
      "distance": 1000,
      "free": false,
      "position": { "x": -3000, "y": -500, "z": 300 }
    },
    {
      "id": "B",
      "distance": 1000,
      "free": false,
      "position": { "x": 2000, "y": 500, "z": 300 }
    },
    {
      "id": "A",
      "distance": 1000,
      "free": false,
      "position": { "x": -500, "y": 0, "z": 600 }
    }
  ],
  "bonuses": [
    {
      "name": "free-bonus",
      "free": true,
      "types": [ "crystal" ],
      "modes": [ "TDM", "DM", "CTF" ],
      "parachute": true,
      "position": {
        "min": { "x": 62.5, "y": 937.5, "z": 1200 },
        "max": { "x": 562.5, "y": 1437.5, "z": 1500 }
      },
      "rotation": { "x": 0, "y": 0, "z": 0 }
    },
    {
      "name": "free-bonus",
      "free": true,
      "types": [ "gold" ],
      "modes": [ "TDM", "DM", "CTF" ],
      "parachute": true,
      "position": {
        "min": { "x": -1000, "y": -250, "z": 1350 },
        "max": { "x": 0, "y": 250, "z": 1650 }
      },
      "rotation": { "x": 0, "y": 0, "z": 0 }
    },
    {
      "name": "free-bonus",
      "free": true,
      "types": [ "nitro" ],
      "modes": [ "TDM", "CP", "DM", "CTF" ],
      "parachute": true,
      "position": {
        "min": { "x": -750, "y": 3250, "z": 900 },
        "max": { "x": -250, "y": 3750, "z": 1200 }
      },
      "rotation": { "x": 0, "y": 0, "z": 0 }
    },
    {
      "name": "free-bonus",
      "free": true,
      "types": [ "crystal" ],
      "modes": [ "TDM", "DM", "CTF" ],
      "parachute": true,
      "position": {
        "min": { "x": -1562.5, "y": -1437.5, "z": 1200 },
        "max": { "x": -1062.5, "y": -937.5, "z": 1500 }
      },
      "rotation": { "x": 0, "y": 0, "z": 0 }
    },
    {
      "name": "free-bonus",
      "free": true,
      "types": [ "gold" ],
      "modes": [ "TDM", "DM", "CTF" ],
      "parachute": true,
      "position": {
        "min": { "x": 1500, "y": 0, "z": 900 },
        "max": { "x": 2000, "y": 1000, "z": 1200 }
      },
      "rotation": { "x": 0, "y": 0, "z": 0 }
    },
    {
      "name": "free-bonus",
      "free": true,
      "types": [ "gold" ],
      "modes": [ "CP" ],
      "parachute": true,
      "position": {
        "min": { "x": -1750, "y": -1250, "z": 1200 },
        "max": { "x": -1250, "y": -750, "z": 1500 }
      },
      "rotation": { "x": 0, "y": 0, "z": 0 }
    },
    {
      "name": "free-bonus",
      "free": true,
      "types": [ "double_damage" ],
      "modes": [ "TDM", "CP", "DM", "CTF" ],
      "parachute": true,
      "position": {
        "min": { "x": -3500, "y": 500, "z": 900 },
        "max": { "x": -3000, "y": 1000, "z": 1200 }
      },
      "rotation": { "x": 0, "y": 0, "z": 0 }
    },
    {
      "name": "free-bonus",
      "free": true,
      "types": [ "nitro" ],
      "modes": [ "TDM", "CP", "DM", "CTF" ],
      "parachute": true,
      "position": {
        "min": { "x": -750, "y": -3750, "z": 900 },
        "max": { "x": -250, "y": -3250, "z": 1200 }
      },
      "rotation": { "x": 0, "y": 0, "z": 0 }
    },
    {
      "name": "free-bonus",
      "free": true,
      "types": [ "health" ],
      "modes": [ "TDM", "CP", "DM", "CTF" ],
      "parachute": true,
      "position": {
        "min": { "x": -2500, "y": -1750, "z": 900 },
        "max": { "x": -2250, "y": -1500, "z": 1200 }
      },
      "rotation": { "x": 0, "y": 0, "z": 0 }
    },
    {
      "name": "free-bonus",
      "free": true,
      "types": [ "gold" ],
      "modes": [ "CP" ],
      "parachute": true,
      "position": {
        "min": { "x": 250, "y": 750, "z": 1200 },
        "max": { "x": 750, "y": 1250, "z": 1500 }
      },
      "rotation": { "x": 0, "y": 0, "z": 0 }
    },
    {
      "name": "free-bonus",
      "free": true,
      "types": [ "health" ],
      "modes": [ "TDM", "CP", "DM", "CTF" ],
      "parachute": true,
      "position": {
        "min": { "x": 1125, "y": 1625, "z": 900 },
        "max": { "x": 1375, "y": 1875, "z": 1200 }
      },
      "rotation": { "x": 0, "y": 0, "z": 0 }
    },
    {
      "name": "free-bonus",
      "free": true,
      "types": [ "gold" ],
      "modes": [ "CP" ],
      "parachute": true,
      "position": {
        "min": { "x": 1000, "y": -1250, "z": 900 },
        "max": { "x": 1500, "y": -750, "z": 1200 }
      },
      "rotation": { "x": 0, "y": 0, "z": 0 }
    },
    {
      "name": "free-bonus",
      "free": true,
      "types": [ "crystal" ],
      "modes": [ "CP" ],
      "parachute": true,
      "position": {
        "min": { "x": 312.5, "y": 937.5, "z": 1200 },
        "max": { "x": 812.5, "y": 1437.5, "z": 1500 }
      },
      "rotation": { "x": 0, "y": 0, "z": 0 }
    },
    {
      "name": "free-bonus",
      "free": true,
      "types": [ "gold" ],
      "modes": [ "CP" ],
      "parachute": true,
      "position": {
        "min": { "x": -2750, "y": 1000, "z": 900 },
        "max": { "x": -2250, "y": 1500, "z": 1200 }
      },
      "rotation": { "x": 0, "y": 0, "z": 0 }
    },
    {
      "name": "free-bonus",
      "free": true,
      "types": [ "crystal" ],
      "modes": [ "CP" ],
      "parachute": true,
      "position": {
        "min": { "x": -1812.5, "y": -1437.5, "z": 1200 },
        "max": { "x": -1312.5, "y": -937.5, "z": 1500 }
      },
      "rotation": { "x": 0, "y": 0, "z": 0 }
    },
    {
      "name": "free-bonus",
      "free": true,
      "types": [ "double_armor" ],
      "modes": [ "TDM", "CP", "DM", "CTF" ],
      "parachute": true,
      "position": {
        "min": { "x": 2000, "y": -1000, "z": 900 },
        "max": { "x": 2500, "y": -500, "z": 1200 }
      },
      "rotation": { "x": 0, "y": 0, "z": 0 }
    },
    {
      "name": "free-bonus",
      "free": true,
      "types": [ "gold" ],
      "modes": [ "TDM", "DM", "CTF" ],
      "parachute": true,
      "position": {
        "min": { "x": -3000, "y": -1000, "z": 900 },
        "max": { "x": -2500, "y": 0, "z": 1200 }
      },
      "rotation": { "x": 0, "y": 0, "z": 0 }
    }
  ]
}
