{
  "name": "map_chornobyl",
  "theme": "summer_day",

  "id": 937619,
  "preview": 170913,

  "visual": {
    "angleX": -1,
    "angleZ": -0.5,

    "lightColor": 13090219,
    "shadowColor": 5530735,

    "fogAlpha": 0.25,
    "fogColor": 10543615,

    "farLimit": 10000,
    "nearLimit": 5000,

    "gravity": 1000,
    "skyboxRevolutionSpeed": 0,
    "ssaoColor": 2045258,

    "dustAlpha": 0.75,
    "dustDensity": 0.15000000596046448,
    "dustFarDistance": 7000,
    "dustNearDistance": 5000,
    "dustParticle": "summer",
    "dustSize": 200
  },
  "skybox": "Hills",
  "resources": {
    "proplibs": [
      "Bridge Parts",
      "Bush",
      "City Builds",
      "Cliffs",
      "Concrete Tiles",
      "Concrete Walls",
      "Grass Tiles",
      "NuBu 10",
      "NuBu 12",
      "NuBu 14",
      "NuBu 3",
      "NuBu 4",
      "NuBu 6",
      "NuBu 8",
      "NuBu 9",
      "Promotion",
      "Slopes Rises",
      "Small Bridge"
    ],
    "map": { "id": 937619, "version": 1 }
  },
  "spawnPoints": [
    {
      "mode": "DM",
      "position": { "x": 1495.411, "y": -14069.807, "z": 600 },
      "rotation": { "x": 0, "y": 0, "z": 600 }
    },
    {
      "team": "BLUE",
      "position": { "x": -6026.262, "y": 8268.385, "z": 600 },
      "rotation": { "x": 0, "y": 0, "z": 600 }
    },
    {
      "mode": "DM",
      "position": { "x": 1521.312, "y": -11228.874, "z": 600 },
      "rotation": { "x": 0, "y": 0, "z": 600 }
    },
    {
      "team": "RED",
      "position": { "x": 6491.22, "y": -12802.283, "z": 0 },
      "rotation": { "x": 0, "y": 0, "z": 0 }
    },
    {
      "team": "BLUE",
      "position": { "x": -305.064, "y": 8440.99, "z": 600 },
      "rotation": { "x": 0, "y": 0, "z": 600 }
    },
    {
      "team": "BLUE",
      "position": { "x": 7012.126, "y": 4374.986, "z": 600 },
      "rotation": { "x": 0, "y": 0, "z": 600 }
    },
    {
      "mode": "DM",
      "position": { "x": -3026.071, "y": 7850.613, "z": 0 },
      "rotation": { "x": 0, "y": 0, "z": 0 }
    },
    {
      "mode": "DM",
      "position": { "x": 1302.476, "y": 8526.133, "z": 600 },
      "rotation": { "x": 0, "y": 0, "z": 600 }
    },
    {
      "team": "BLUE",
      "position": { "x": 4684.483, "y": 5441.648, "z": 600 },
      "rotation": { "x": 0, "y": 0, "z": 600 }
    },
    {
      "team": "RED",
      "position": { "x": 4639.637, "y": -9493.916, "z": 0 },
      "rotation": { "x": 0, "y": 0, "z": 0 }
    },
    {
      "team": "RED",
      "position": { "x": -524.087, "y": -14068.534, "z": 300 },
      "rotation": { "x": 0, "y": 0, "z": 300 }
    },
    {
      "mode": "DM",
      "position": { "x": 6742.081, "y": -13416.794, "z": 0 },
      "rotation": { "x": 0, "y": 0, "z": 0 }
    },
    {
      "mode": "DM",
      "position": { "x": -4675.882, "y": -8414.481, "z": 600 },
      "rotation": { "x": 0, "y": 0, "z": 600 }
    },
    {
      "team": "RED",
      "position": { "x": -4473.872, "y": -13141.074, "z": 600 },
      "rotation": { "x": 0, "y": 0, "z": 600 }
    },
    {
      "mode": "DM",
      "position": { "x": 26.456, "y": -9051.369, "z": 0 },
      "rotation": { "x": 0, "y": 0, "z": 0 }
    },
    {
      "team": "RED",
      "position": { "x": -792.728, "y": -11869.466, "z": 600 },
      "rotation": { "x": 0, "y": 0, "z": 600 }
    },
    {
      "team": "BLUE",
      "position": { "x": -3002.588, "y": 8081.478, "z": 0 },
      "rotation": { "x": 0, "y": 0, "z": 0 }
    },
    {
      "mode": "DM",
      "position": { "x": 3221.484, "y": 7964.793, "z": 600 },
      "rotation": { "x": 0, "y": 0, "z": 600 }
    },
    {
      "team": "BLUE",
      "position": { "x": -7626.735, "y": 5117.834, "z": 600 },
      "rotation": { "x": 0, "y": 0, "z": 600 }
    },
    {
      "mode": "DM",
      "position": { "x": -4282.083, "y": 1298.485, "z": 0 },
      "rotation": { "x": 0, "y": 0, "z": 0 }
    },
    {
      "team": "BLUE",
      "position": { "x": -3298.656, "y": 5792.934, "z": 0 },
      "rotation": { "x": 0, "y": 0, "z": 0 }
    },
    {
      "team": "RED",
      "position": { "x": 5112.967, "y": -11163.216, "z": 0 },
      "rotation": { "x": 0, "y": 0, "z": 0 }
    },
    {
      "mode": "DM",
      "position": { "x": 6904.735, "y": -503.394, "z": -300 },
      "rotation": { "x": 0, "y": 0, "z": -300 }
    },
    {
      "team": "BLUE",
      "position": { "x": 2404.366, "y": 6192.369, "z": 600 },
      "rotation": { "x": 0, "y": 0, "z": 600 }
    },
    {
      "mode": "DM",
      "position": { "x": -6840.364, "y": -3718.607, "z": 0 },
      "rotation": { "x": 0, "y": 0, "z": 0 }
    },
    {
      "mode": "DM",
      "position": { "x": 4610.569, "y": 5923.906, "z": 600 },
      "rotation": { "x": 0, "y": 0, "z": 600 }
    },
    {
      "mode": "DM",
      "position": { "x": 6448.206, "y": -8223, "z": 0 },
      "rotation": { "x": 0, "y": 0, "z": 0 }
    },
    {
      "team": "RED",
      "position": { "x": -6313.896, "y": -11674.67, "z": 600 },
      "rotation": { "x": 0, "y": 0, "z": 600 }
    },
    {
      "team": "RED",
      "position": { "x": -3570.368, "y": -14057.335, "z": 300 },
      "rotation": { "x": 0, "y": 0, "z": 300 }
    },
    {
      "mode": "DM",
      "position": { "x": 4526.389, "y": -4761.946, "z": -300 },
      "rotation": { "x": 0, "y": 0, "z": -300 }
    },
    {
      "team": "BLUE",
      "position": { "x": -6958.239, "y": 6978.373, "z": 600 },
      "rotation": { "x": 0, "y": 0, "z": 600 }
    },
    {
      "team": "BLUE",
      "position": { "x": 4250.969, "y": 5932.363, "z": 600 },
      "rotation": { "x": 0, "y": 0, "z": 600 }
    },
    {
      "mode": "DM",
      "position": { "x": -7569.505, "y": -13214.422, "z": 600 },
      "rotation": { "x": 0, "y": 0, "z": 600 }
    },
    {
      "mode": "DM",
      "position": { "x": -6470.875, "y": 7070.04, "z": 600 },
      "rotation": { "x": 0, "y": 0, "z": 600 }
    },
    {
      "team": "RED",
      "position": { "x": 1495.483, "y": -11842.08, "z": 600 },
      "rotation": { "x": 0, "y": 0, "z": 600 }
    },
    {
      "team": "RED",
      "position": { "x": -2472.38, "y": -14066.929, "z": 300 },
      "rotation": { "x": 0, "y": 0, "z": 300 }
    },
    {
      "mode": "DM",
      "position": { "x": 273.876, "y": -3561.251, "z": 0 },
      "rotation": { "x": 0, "y": 0, "z": 0 }
    },
    {
      "team": "RED",
      "position": { "x": -7183.872, "y": -11654.011, "z": 600 },
      "rotation": { "x": 0, "y": 0, "z": 600 }
    },
    {
      "team": "BLUE",
      "position": { "x": 1418.301, "y": 6491.224, "z": 600 },
      "rotation": { "x": 0, "y": 0, "z": 600 }
    },
    {
      "team": "BLUE",
      "position": { "x": 3293.989, "y": 7056.854, "z": 600 },
      "rotation": { "x": 0, "y": 0, "z": 600 }
    },
    {
      "mode": "DM",
      "position": { "x": 1914.524, "y": -2826.616, "z": 0 },
      "rotation": { "x": 0, "y": 0, "z": 0 }
    },
    {
      "team": "RED",
      "position": { "x": 2200.857, "y": -11641.554, "z": 600 },
      "rotation": { "x": 0, "y": 0, "z": 600 }
    },
    {
      "team": "RED",
      "position": { "x": 377.861, "y": -11465.978, "z": 600 },
      "rotation": { "x": 0, "y": 0, "z": 600 }
    },
    {
      "mode": "DM",
      "position": { "x": -5584.911, "y": -14179.218, "z": 600 },
      "rotation": { "x": 0, "y": 0, "z": 600 }
    },
    {
      "team": "RED",
      "position": { "x": 6483.364, "y": -10633.063, "z": 0 },
      "rotation": { "x": 0, "y": 0, "z": 0 }
    },
    {
      "team": "BLUE",
      "position": { "x": -495.337, "y": 6009.301, "z": 300 },
      "rotation": { "x": 0, "y": 0, "z": 300 }
    }
  ],
  "flags": {
    "RED": {
      "position": { "x": 1500.766, "y": -10486.894, "z": 600 }
    },
    "BLUE": {
      "position": { "x": 3200.427, "y": 5262.352, "z": 600 }
    }
  },
  "points": [
    {
      "id": "D",
      "distance": 1000,
      "free": false,
      "position": { "x": 5750, "y": -750, "z": 1200 }
    },
    {
      "id": "G",
      "distance": 1000,
      "free": false,
      "position": { "x": -3750, "y": -2500, "z": -300 }
    },
    {
      "id": "F",
      "distance": 1000,
      "free": false,
      "position": { "x": 6000, "y": -1000, "z": -300 }
    },
    {
      "id": "E",
      "distance": 1000,
      "free": false,
      "position": { "x": -4000, "y": -4500, "z": 1200 }
    },
    {
      "id": "B",
      "distance": 1000,
      "free": false,
      "position": { "x": 2250, "y": -7250, "z": 0 }
    },
    {
      "id": "A",
      "distance": 1000,
      "free": false,
      "position": { "x": 2500, "y": -2625, "z": 0 }
    },
    {
      "id": "C",
      "distance": 1000,
      "free": false,
      "position": { "x": 0, "y": 2750, "z": 0 }
    }
  ],
  "bonuses": [
    {
      "name": "free-bonus",
      "free": true,
      "types": [ "double_armor" ],
      "modes": [ "CTF", "TDM", "DM" ],
      "parachute": true,
      "position": {
        "min": { "x": 2660.568, "y": -3505.068, "z": 900 },
        "max": { "x": 3160.568, "y": -3005.068, "z": 1200 }
      },
      "rotation": { "x": 0, "y": 0, "z": 0 }
    },
    {
      "name": "free-bonus",
      "free": true,
      "types": [ "double_damage" ],
      "modes": [ "CP", "CTF", "DM", "TDM" ],
      "parachute": true,
      "position": {
        "min": { "x": 1126.631, "y": 4995.233, "z": 1500 },
        "max": { "x": 2126.631, "y": 5495.233, "z": 1800 }
      },
      "rotation": { "x": 0, "y": 0, "z": 0 }
    },
    {
      "name": "free-bonus",
      "free": true,
      "types": [ "crystal", "gold", "health" ],
      "modes": [ "DM", "CTF", "TDM", "CP" ],
      "parachute": true,
      "position": {
        "min": { "x": 2069.288, "y": -4775.278, "z": 2400 },
        "max": { "x": 3069.288, "y": -4275.278, "z": 2700 }
      },
      "rotation": { "x": 0, "y": 0, "z": 0 }
    },
    {
      "name": "free-bonus",
      "free": true,
      "types": [ "double_armor" ],
      "modes": [ "CP" ],
      "parachute": true,
      "position": {
        "min": { "x": 2250, "y": 750, "z": 900 },
        "max": { "x": 2750, "y": 1250, "z": 1200 }
      },
      "rotation": { "x": 0, "y": 0, "z": 0 }
    },
    {
      "name": "free-bonus",
      "free": true,
      "types": [ "double_armor" ],
      "modes": [ "CP" ],
      "parachute": true,
      "position": {
        "min": { "x": 1750, "y": -4750, "z": 600 },
        "max": { "x": 2250, "y": -4250, "z": 900 }
      },
      "rotation": { "x": 0, "y": 0, "z": 0 }
    },
    {
      "name": "free-bonus",
      "free": true,
      "types": [ "double_damage" ],
      "modes": [ "CP", "CTF", "DM", "TDM" ],
      "parachute": true,
      "position": {
        "min": { "x": 6706.978, "y": -13754.911, "z": 900 },
        "max": { "x": 7206.978, "y": -13254.911, "z": 1200 }
      },
      "rotation": { "x": 0, "y": 0, "z": 0 }
    },
    {
      "name": "free-bonus",
      "free": true,
      "types": [ "double_damage" ],
      "modes": [ "CTF", "TDM", "DM" ],
      "parachute": true,
      "position": {
        "min": { "x": 2228.416, "y": -2833.426, "z": 900 },
        "max": { "x": 2728.416, "y": -2333.426, "z": 1200 }
      },
      "rotation": { "x": 0, "y": 0, "z": 0 }
    },
    {
      "name": "free-bonus",
      "free": true,
      "types": [ "crystal" ],
      "modes": [ "CP", "CTF", "DM", "TDM" ],
      "parachute": true,
      "position": {
        "min": { "x": -4427.236, "y": -3035.218, "z": 2100 },
        "max": { "x": -3927.236, "y": -2035.218, "z": 2400 }
      },
      "rotation": { "x": 0, "y": 0, "z": 0 }
    },
    {
      "name": "free-bonus",
      "free": true,
      "types": [ "double_damage" ],
      "modes": [ "CP", "CTF", "DM", "TDM" ],
      "parachute": true,
      "position": {
        "min": { "x": 6835.603, "y": 8384.076, "z": 1500 },
        "max": { "x": 7335.603, "y": 8884.076, "z": 1800 }
      },
      "rotation": { "x": 0, "y": 0, "z": 0 }
    },
    {
      "name": "free-bonus",
      "free": true,
      "types": [ "double_damage" ],
      "modes": [ "CP", "CTF", "DM", "TDM" ],
      "parachute": true,
      "position": {
        "min": { "x": -7911.414, "y": 8363.366, "z": 1500 },
        "max": { "x": -7411.414, "y": 8863.366, "z": 1800 }
      },
      "rotation": { "x": 0, "y": 0, "z": 0 }
    },
    {
      "name": "free-bonus",
      "free": true,
      "types": [ "crystal", "double_damage" ],
      "modes": [ "CP", "CTF", "DM", "TDM" ],
      "parachute": true,
      "position": {
        "min": { "x": 4749.72, "y": -2729.362, "z": 1800 },
        "max": { "x": 5749.72, "y": -2229.362, "z": 2100 }
      },
      "rotation": { "x": 0, "y": 0, "z": 0 }
    },
    {
      "name": "free-bonus",
      "free": true,
      "types": [ "nitro", "double_damage" ],
      "modes": [ "CP", "CTF", "DM", "TDM" ],
      "parachute": true,
      "position": {
        "min": { "x": -1750, "y": -750, "z": 900 },
        "max": { "x": -1250, "y": -250, "z": 1200 }
      },
      "rotation": { "x": 0, "y": 0, "z": 0 }
    },
    {
      "name": "free-bonus",
      "free": true,
      "types": [ "gold" ],
      "modes": [ "CTF", "TDM", "DM" ],
      "parachute": true,
      "position": {
        "min": { "x": -2750, "y": -2750, "z": 2100 },
        "max": { "x": -2250, "y": -2250, "z": 2400 }
      },
      "rotation": { "x": 0, "y": 0, "z": 0 }
    },
    {
      "name": "free-bonus",
      "free": true,
      "types": [ "double_damage" ],
      "modes": [ "CP", "CTF", "DM", "TDM" ],
      "parachute": true,
      "position": {
        "min": { "x": -7806.939, "y": -14332.025, "z": 1500 },
        "max": { "x": -7306.939, "y": -13832.025, "z": 1800 }
      },
      "rotation": { "x": 0, "y": 0, "z": 0 }
    },
    {
      "name": "free-bonus",
      "free": true,
      "types": [ "gold" ],
      "modes": [ "CP", "CTF", "DM", "TDM" ],
      "parachute": true,
      "position": {
        "min": { "x": -1500, "y": -1250, "z": 2400 },
        "max": { "x": -500, "y": -750, "z": 2700 }
      },
      "rotation": { "x": 0, "y": 0, "z": 0 }
    },
    {
      "name": "free-bonus",
      "free": true,
      "types": [ "double_armor", "crystal" ],
      "modes": [ "CP", "CTF", "DM", "TDM" ],
      "parachute": true,
      "position": {
        "min": { "x": -1660.328, "y": -7662.224, "z": 900 },
        "max": { "x": -660.328, "y": -6662.224, "z": 1200 }
      },
      "rotation": { "x": 0, "y": 0, "z": 0 }
    },
    {
      "name": "free-bonus",
      "free": true,
      "types": [ "gold" ],
      "modes": [ "CP", "CTF", "DM", "TDM" ],
      "parachute": true,
      "position": {
        "min": { "x": -1500, "y": -4750, "z": 2400 },
        "max": { "x": -500, "y": -4000, "z": 2700 }
      },
      "rotation": { "x": 0, "y": 0, "z": 0 }
    },
    {
      "name": "free-bonus",
      "free": true,
      "types": [ "crystal", "gold", "health" ],
      "modes": [ "CP", "CTF", "DM", "TDM" ],
      "parachute": true,
      "position": {
        "min": { "x": 2022.552, "y": -1311.093, "z": 2400 },
        "max": { "x": 3022.552, "y": -811.093, "z": 2700 }
      },
      "rotation": { "x": 0, "y": 0, "z": 0 }
    },
    {
      "name": "free-bonus",
      "free": true,
      "types": [ "double_damage" ],
      "modes": [ "CP", "CTF", "DM", "TDM" ],
      "parachute": true,
      "position": {
        "min": { "x": 1000, "y": -9750, "z": 1500 },
        "max": { "x": 2000, "y": -9250, "z": 1800 }
      },
      "rotation": { "x": 0, "y": 0, "z": 0 }
    },
    {
      "name": "free-bonus",
      "free": true,
      "types": [ "double_armor", "crystal" ],
      "modes": [ "CP", "CTF", "DM", "TDM" ],
      "parachute": true,
      "position": {
        "min": { "x": -3255.077, "y": 2262.023, "z": 900 },
        "max": { "x": -2255.077, "y": 3262.023, "z": 1200 }
      },
      "rotation": { "x": 0, "y": 0, "z": 0 }
    },
    {
      "name": "free-bonus",
      "free": true,
      "types": [ "nitro" ],
      "modes": [ "CP", "CTF", "DM", "TDM" ],
      "parachute": true,
      "position": {
        "min": { "x": -6255.487, "y": -2746.859, "z": 1800 },
        "max": { "x": -5755.487, "y": -2246.859, "z": 2100 }
      },
      "rotation": { "x": 0, "y": 0, "z": 0 }
    },
    {
      "name": "free-bonus",
      "free": true,
      "types": [ "nitro" ],
      "modes": [ "CP", "CTF", "DM", "TDM" ],
      "parachute": true,
      "position": {
        "min": { "x": 6265.958, "y": -3744.43, "z": 1800 },
        "max": { "x": 6765.958, "y": -3244.43, "z": 2100 }
      },
      "rotation": { "x": 0, "y": 0, "z": 0 }
    }
  ]
}
