{
  "id": "inventory_400",
  "index": 95,

  "name": "Комплект «Припасы 400»",
  "description": "",

  "baseItemId": 783992,
  "previewResourceId": 783992,

  "rank": 10,
  "price": 62000,

  "kit": {
    "image": 662139,
    "discount": 55,
    "items": [
      { "id": "health_m0", "count": 400 },
      { "id": "armor_m0", "count": 400 },
      { "id": "double_damage_m0", "count": 400 },
      { "id": "n2o_m0", "count": 400 },
      { "id": "mine_m0", "count": 400 }
    ],
    "isTimeless": true
  },

  "properties": [ ]
}
