{
  "id": "inventory_1500",
  "index": 105,

  "name": "Комплект «Припасы 1500»",
  "description": "",

  "baseItemId": 30158,
  "previewResourceId": 30158,

  "rank": 30,
  "price": 97500,

  "kit": {
    "image": 727483,
    "discount": 80,
    "items": [
      { "id": "health_m0", "count": 1500 },
      { "id": "armor_m0", "count": 1500 },
      { "id": "double_damage_m0", "count": 1500 },
      { "id": "n2o_m0", "count": 1500 },
      { "id": "mine_m0", "count": 1500 }
    ],
    "isTimeless": true
  },

  "properties": [ ]
}
