{
  "id": "inventory_1300",
  "index": 104,

  "name": "Комплект «Припасы 1300»",
  "description": "",

  "baseItemId": 355510,
  "previewResourceId": 355510,

  "rank": 28,
  "price": 110500,

  "kit": {
    "image": 674687,
    "discount": 75,
    "items": [
      { "id": "health_m0", "count": 1300 },
      { "id": "armor_m0", "count": 1300 },
      { "id": "double_damage_m0", "count": 1300 },
      { "id": "n2o_m0", "count": 1300 },
      { "id": "mine_m0", "count": 1300 }
    ],
    "isTimeless": true
  },

  "properties": [ ]
}
