{
  "id": "inventory_800",
  "index": 99,

  "name": "Комплект «Припасы 800»",
  "description": "",

  "baseItemId": 419174,
  "previewResourceId": 419174,

  "rank": 18,
  "price": 96000,

  "kit": {
    "image": 239194,
    "discount": 65,
    "items": [
      { "id": "health_m0", "count": 800 },
      { "id": "armor_m0", "count": 800 },
      { "id": "double_damage_m0", "count": 800 },
      { "id": "n2o_m0", "count": 800 },
      { "id": "mine_m0", "count": 800 }
    ],
    "isTimeless": true
  },

  "properties": [ ]
}
