{
  "id": "inventory_600",
  "index": 97,

  "name": "Комплект «Припасы 600»",
  "description": "",

  "baseItemId": 892482,
  "previewResourceId": 892482,

  "rank": 14,
  "price": 81000,

  "kit": {
    "image": 389934,
    "discount": 60,
    "items": [
      { "id": "health_m0", "count": 600 },
      { "id": "armor_m0", "count": 600 },
      { "id": "double_damage_m0", "count": 600 },
      { "id": "n2o_m0", "count": 600 },
      { "id": "mine_m0", "count": 600 }
    ],
    "isTimeless": true
  },

  "properties": [ ]
}
