{
  "id": "inventory_700",
  "index": 98,

  "name": "Комплект «Припасы 700»",
  "description": "",

  "baseItemId": 184586,
  "previewResourceId": 184586,

  "rank": 16,
  "price": 94500,

  "kit": {
    "image": 387176,
    "discount": 60,
    "items": [
      { "id": "health_m0", "count": 700 },
      { "id": "armor_m0", "count": 700 },
      { "id": "double_damage_m0", "count": 700 },
      { "id": "n2o_m0", "count": 700 },
      { "id": "mine_m0", "count": 700 }
    ],
    "isTimeless": true
  },

  "properties": [ ]
}
