{
  "name": "map_losttemple",
  "theme": "summer_day",

  "id": 873790,
  "preview": 544154,

  "visual": {
    "angleX": -1,
    "angleZ": -0.5,

    "lightColor": 13090219,
    "shadowColor": 5530735,

    "fogAlpha": 0.25,
    "fogColor": 10543615,

    "farLimit": 10000,
    "nearLimit": 5000,

    "gravity": 1000,
    "skyboxRevolutionSpeed": 0,
    "ssaoColor": 2045258,

    "dustAlpha": 0.75,
    "dustDensity": 0.15000000596046448,
    "dustFarDistance": 7000,
    "dustNearDistance": 5000,
    "dustParticle": "summer",
    "dustSize": 200
  },
  "skybox": "Hills",
  "resources": {
    "proplibs": [
      "Bridge Parts",
      "Bush",
      "City Builds",
      "Cliffs",
      "Concrete Tiles",
      "Concrete Walls",
      "Grass Tiles",
      "NuBu 10",
      "NuBu 12",
      "NuBu 14",
      "NuBu 2",
      "NuBu 3",
      "NuBu 4",
      "NuBu 5",
      "NuBu 6",
      "NuBu 8",
      "NuBu 9",
      "Promotion",
      "Slopes Rises",
      "Small Bridge",
      "Village Builds"
    ],
    "map": { "id": 873790, "version": 1 }
  },
  "spawnPoints": [
    {
      "team": "BLUE",
      "position": { "x": 12250, "y": 4000, "z": 600 },
      "rotation": { "x": 0, "y": 0, "z": 600 }
    },
    {
      "mode": "DM",
      "position": { "x": 12750, "y": -2250, "z": 0 },
      "rotation": { "x": 0, "y": 0, "z": 0 }
    },
    {
      "mode": "DM",
      "position": { "x": 9750, "y": -5500, "z": -600 },
      "rotation": { "x": 0, "y": 0, "z": -600 }
    },
    {
      "team": "RED",
      "position": { "x": -13500, "y": 6500, "z": 0 },
      "rotation": { "x": 0, "y": 0, "z": 0 }
    },
    {
      "mode": "DM",
      "position": { "x": -4000, "y": 10250, "z": 0 },
      "rotation": { "x": 0, "y": 0, "z": 0 }
    },
    {
      "mode": "DM",
      "position": { "x": 13750, "y": 6500, "z": 600 },
      "rotation": { "x": 0, "y": 0, "z": 600 }
    },
    {
      "mode": "DM",
      "position": { "x": -6250, "y": -13250, "z": -600 },
      "rotation": { "x": 0, "y": 0, "z": -600 }
    },
    {
      "mode": "DM",
      "position": { "x": 13000, "y": 0, "z": 0 },
      "rotation": { "x": 0, "y": 0, "z": 0 }
    },
    {
      "mode": "DM",
      "position": { "x": -6500, "y": 13250, "z": 0 },
      "rotation": { "x": 0, "y": 0, "z": 0 }
    },
    {
      "team": "RED",
      "position": { "x": -10000, "y": 6500, "z": -600 },
      "rotation": { "x": 0, "y": 0, "z": -600 }
    },
    {
      "team": "BLUE",
      "position": { "x": 11250, "y": -1750, "z": 0 },
      "rotation": { "x": 0, "y": 0, "z": 0 }
    },
    {
      "team": "RED",
      "position": { "x": -14500, "y": -5750, "z": 600 },
      "rotation": { "x": 0, "y": 0, "z": 600 }
    },
    {
      "mode": "DM",
      "position": { "x": 250, "y": 7500, "z": -600 },
      "rotation": { "x": 0, "y": 0, "z": -600 }
    },
    {
      "team": "BLUE",
      "position": { "x": 5500, "y": 13000, "z": -600 },
      "rotation": { "x": 0, "y": 0, "z": -600 }
    },
    {
      "mode": "DM",
      "position": { "x": 5750, "y": 13250, "z": -600 },
      "rotation": { "x": 0, "y": 0, "z": -600 }
    },
    {
      "mode": "DM",
      "position": { "x": -1750, "y": 11000, "z": 0 },
      "rotation": { "x": 0, "y": 0, "z": 0 }
    },
    {
      "team": "BLUE",
      "position": { "x": 8500, "y": -4250, "z": -600 },
      "rotation": { "x": 0, "y": 0, "z": -600 }
    },
    {
      "team": "RED",
      "position": { "x": -13000, "y": 2750, "z": 300 },
      "rotation": { "x": 0, "y": 0, "z": 300 }
    },
    {
      "mode": "DM",
      "position": { "x": 3000, "y": -9750, "z": 0 },
      "rotation": { "x": 0, "y": 0, "z": 0 }
    },
    {
      "mode": "DM",
      "position": { "x": -13250, "y": 6000, "z": 0 },
      "rotation": { "x": 0, "y": 0, "z": 0 }
    },
    {
      "mode": "DM",
      "position": { "x": 750, "y": -11250, "z": 0 },
      "rotation": { "x": 0, "y": 0, "z": 0 }
    },
    {
      "team": "BLUE",
      "position": { "x": 13000, "y": -5750, "z": 0 },
      "rotation": { "x": 0, "y": 0, "z": 0 }
    },
    {
      "team": "RED",
      "position": { "x": -13250, "y": 1000, "z": 300 },
      "rotation": { "x": 0, "y": 0, "z": 300 }
    },
    {
      "mode": "DM",
      "position": { "x": -11750, "y": 2500, "z": 300 },
      "rotation": { "x": 0, "y": 0, "z": 300 }
    },
    {
      "team": "RED",
      "position": { "x": -13750, "y": -250, "z": 300 },
      "rotation": { "x": 0, "y": 0, "z": 300 }
    },
    {
      "team": "BLUE",
      "position": { "x": 5250, "y": 13750, "z": -600 },
      "rotation": { "x": 0, "y": 0, "z": -600 }
    },
    {
      "team": "BLUE",
      "position": { "x": 13250, "y": 6250, "z": 600 },
      "rotation": { "x": 0, "y": 0, "z": 600 }
    },
    {
      "mode": "DM",
      "position": { "x": 9750, "y": 7250, "z": 600 },
      "rotation": { "x": 0, "y": 0, "z": 600 }
    },
    {
      "mode": "DM",
      "position": { "x": 2250, "y": 13250, "z": 0 },
      "rotation": { "x": 0, "y": 0, "z": 0 }
    },
    {
      "team": "BLUE",
      "position": { "x": 12500, "y": -2000, "z": 0 },
      "rotation": { "x": 0, "y": 0, "z": 0 }
    },
    {
      "team": "BLUE",
      "position": { "x": 10250, "y": 8250, "z": 600 },
      "rotation": { "x": 0, "y": 0, "z": 600 }
    },
    {
      "team": "BLUE",
      "position": { "x": 13750, "y": 7000, "z": 600 },
      "rotation": { "x": 0, "y": 0, "z": 600 }
    },
    {
      "team": "BLUE",
      "position": { "x": 12250, "y": 4750, "z": 600 },
      "rotation": { "x": 0, "y": 0, "z": 600 }
    },
    {
      "team": "RED",
      "position": { "x": -6500, "y": -12750, "z": -600 },
      "rotation": { "x": 0, "y": 0, "z": -600 }
    },
    {
      "mode": "DM",
      "position": { "x": -14250, "y": -6000, "z": 600 },
      "rotation": { "x": 0, "y": 0, "z": 600 }
    },
    {
      "team": "RED",
      "position": { "x": -10000, "y": 5500, "z": -600 },
      "rotation": { "x": 0, "y": 0, "z": -600 }
    },
    {
      "mode": "DM",
      "position": { "x": 13250, "y": -5500, "z": 0 },
      "rotation": { "x": 0, "y": 0, "z": 0 }
    },
    {
      "mode": "DM",
      "position": { "x": -11750, "y": -1750, "z": 600 },
      "rotation": { "x": 0, "y": 0, "z": 600 }
    },
    {
      "team": "RED",
      "position": { "x": -13000, "y": -4250, "z": 600 },
      "rotation": { "x": 0, "y": 0, "z": 600 }
    },
    {
      "team": "RED",
      "position": { "x": -13250, "y": 5500, "z": 0 },
      "rotation": { "x": 0, "y": 0, "z": 0 }
    },
    {
      "mode": "DM",
      "position": { "x": 0, "y": 12000, "z": 0 },
      "rotation": { "x": 0, "y": 0, "z": 0 }
    },
    {
      "mode": "DM",
      "position": { "x": 5250, "y": -12000, "z": 0 },
      "rotation": { "x": 0, "y": 0, "z": 0 }
    },
    {
      "mode": "DM",
      "position": { "x": -9500, "y": 10250, "z": 0 },
      "rotation": { "x": 0, "y": 0, "z": 0 }
    },
    {
      "mode": "DM",
      "position": { "x": -13000, "y": -3500, "z": 600 },
      "rotation": { "x": 0, "y": 0, "z": 600 }
    },
    {
      "mode": "DM",
      "position": { "x": -2750, "y": -12750, "z": 0 },
      "rotation": { "x": 0, "y": 0, "z": 0 }
    },
    {
      "team": "BLUE",
      "position": { "x": 12963.516, "y": -3473.267, "z": 0 },
      "rotation": { "x": 0, "y": 0, "z": 0 }
    },
    {
      "team": "RED",
      "position": { "x": -14500, "y": -6500, "z": 600 },
      "rotation": { "x": 0, "y": 0, "z": 600 }
    },
    {
      "team": "BLUE",
      "position": { "x": 5750, "y": 10250, "z": -600 },
      "rotation": { "x": 0, "y": 0, "z": -600 }
    },
    {
      "team": "BLUE",
      "position": { "x": 13250, "y": 250, "z": 0 },
      "rotation": { "x": 0, "y": 0, "z": 0 }
    },
    {
      "mode": "DM",
      "position": { "x": 12500, "y": 3750, "z": 600 },
      "rotation": { "x": 0, "y": 0, "z": 600 }
    },
    {
      "mode": "DM",
      "position": { "x": -6500, "y": 6250, "z": -600 },
      "rotation": { "x": 0, "y": 0, "z": -600 }
    },
    {
      "mode": "DM",
      "position": { "x": -10500, "y": 6000, "z": -600 },
      "rotation": { "x": 0, "y": 0, "z": -600 }
    },
    {
      "team": "BLUE",
      "position": { "x": 9750, "y": -6000, "z": -600 },
      "rotation": { "x": 0, "y": 0, "z": -600 }
    },
    {
      "team": "RED",
      "position": { "x": -11750, "y": -7500, "z": 600 },
      "rotation": { "x": 0, "y": 0, "z": 600 }
    },
    {
      "team": "RED",
      "position": { "x": -5750, "y": -12750, "z": -600 },
      "rotation": { "x": 0, "y": 0, "z": -600 }
    },
    {
      "mode": "DM",
      "position": { "x": -6250, "y": -9500, "z": -600 },
      "rotation": { "x": 0, "y": 0, "z": -600 }
    },
    {
      "team": "RED",
      "position": { "x": -5750, "y": -9500, "z": -600 },
      "rotation": { "x": 0, "y": 0, "z": -600 }
    },
    {
      "team": "RED",
      "position": { "x": -13000, "y": -2250, "z": 600 },
      "rotation": { "x": 0, "y": 0, "z": 600 }
    }
  ],
  "flags": {
    "RED": {
      "position": { "x": -11250, "y": -6500, "z": 1200 }
    },
    "BLUE": {
      "position": { "x": 10750, "y": 7000, "z": 1200 }
    }
  },
  "points": [
    {
      "id": "C",
      "distance": 1000,
      "free": false,
      "position": { "x": -10250, "y": -1750, "z": 0 }
    },
    {
      "id": "A",
      "distance": 1000,
      "free": false,
      "position": { "x": -250, "y": 250, "z": 0 }
    },
    {
      "id": "E",
      "distance": 1000,
      "free": false,
      "position": { "x": -6250, "y": 6250, "z": -600 }
    },
    {
      "id": "F",
      "distance": 1000,
      "free": false,
      "position": { "x": 1750, "y": -11250, "z": 0 }
    },
    {
      "id": "G",
      "distance": 1000,
      "free": false,
      "position": { "x": -2250, "y": 11750, "z": 0 }
    },
    {
      "id": "D",
      "distance": 1000,
      "free": false,
      "position": { "x": 5750, "y": -5750, "z": -600 }
    },
    {
      "id": "B",
      "distance": 1000,
      "free": false,
      "position": { "x": 9750, "y": 2250, "z": 0 }
    }
  ],
  "bonuses": [
    {
      "name": "free-bonus",
      "free": true,
      "types": [ "nitro" ],
      "modes": [ "DM", "CP", "CTF", "TDM" ],
      "parachute": true,
      "position": {
        "min": { "x": 5500, "y": 1750, "z": 0 },
        "max": { "x": 6000, "y": 2750, "z": 300 }
      },
      "rotation": { "x": 0, "y": 0, "z": 0 }
    },
    {
      "name": "free-bonus",
      "free": true,
      "types": [ "double_damage" ],
      "modes": [ "DM", "CTF", "TDM" ],
      "parachute": true,
      "position": {
        "min": { "x": 9500, "y": 2000, "z": 600 },
        "max": { "x": 10000, "y": 2500, "z": 900 }
      },
      "rotation": { "x": 0, "y": 0, "z": 0 }
    },
    {
      "name": "free-bonus",
      "free": true,
      "types": [ "gold", "health" ],
      "modes": [ "DM", "CP", "CTF", "TDM" ],
      "parachute": true,
      "position": {
        "min": { "x": -887.598, "y": -414.657, "z": 900 },
        "max": { "x": -537.598, "y": -64.657, "z": 1200 }
      },
      "rotation": { "x": 0, "y": 0, "z": 0 }
    },
    {
      "name": "free-bonus",
      "free": true,
      "types": [ "nitro" ],
      "modes": [ "DM", "CP", "CTF", "TDM" ],
      "parachute": true,
      "position": {
        "min": { "x": 13250, "y": -6250, "z": 600 },
        "max": { "x": 13750, "y": -5750, "z": 900 }
      },
      "rotation": { "x": 0, "y": 0, "z": 0 }
    },
    {
      "name": "free-bonus",
      "free": true,
      "types": [ "crystal" ],
      "modes": [ "DM", "CP", "CTF", "TDM" ],
      "parachute": true,
      "position": {
        "min": { "x": -2500, "y": 2500, "z": 900 },
        "max": { "x": -2000, "y": 3000, "z": 1200 }
      },
      "rotation": { "x": 0, "y": 0, "z": 0 }
    },
    {
      "name": "free-bonus",
      "free": true,
      "types": [ "crystal" ],
      "modes": [ "DM", "CP", "CTF", "TDM" ],
      "parachute": true,
      "position": {
        "min": { "x": 2000, "y": 2000, "z": 900 },
        "max": { "x": 2500, "y": 2500, "z": 1200 }
      },
      "rotation": { "x": 0, "y": 0, "z": 0 }
    },
    {
      "name": "free-bonus",
      "free": true,
      "types": [ "double_armor" ],
      "modes": [ "DM", "CP", "CTF", "TDM" ],
      "parachute": true,
      "position": {
        "min": { "x": -12000, "y": -250, "z": 1200 },
        "max": { "x": -11500, "y": 250, "z": 1500 }
      },
      "rotation": { "x": 0, "y": 0, "z": 0 }
    },
    {
      "name": "free-bonus",
      "free": true,
      "types": [ "crystal" ],
      "modes": [ "DM", "CP", "CTF", "TDM" ],
      "parachute": true,
      "position": {
        "min": { "x": -3000, "y": -2000, "z": 900 },
        "max": { "x": -2500, "y": -1500, "z": 1200 }
      },
      "rotation": { "x": 0, "y": 0, "z": 0 }
    },
    {
      "name": "free-bonus",
      "free": true,
      "types": [ "double_armor" ],
      "modes": [ "DM", "CP", "CTF", "TDM" ],
      "parachute": true,
      "position": {
        "min": { "x": -2500, "y": -11500, "z": 600 },
        "max": { "x": -2000, "y": -11000, "z": 900 }
      },
      "rotation": { "x": 0, "y": 0, "z": 0 }
    },
    {
      "name": "free-bonus",
      "free": true,
      "types": [ "nitro" ],
      "modes": [ "DM", "CP", "CTF", "TDM" ],
      "parachute": true,
      "position": {
        "min": { "x": -6500, "y": -2250, "z": 0 },
        "max": { "x": -6000, "y": -1250, "z": 300 }
      },
      "rotation": { "x": 0, "y": 0, "z": 0 }
    },
    {
      "name": "free-bonus",
      "free": true,
      "types": [ "double_armor" ],
      "modes": [ "DM", "CTF", "TDM" ],
      "parachute": true,
      "position": {
        "min": { "x": -6441.458, "y": 6058.856, "z": 0 },
        "max": { "x": -5941.458, "y": 6558.856, "z": 300 }
      },
      "rotation": { "x": 0, "y": 0, "z": 0 }
    },
    {
      "name": "free-bonus",
      "free": true,
      "types": [ "nitro" ],
      "modes": [ "DM", "CP", "CTF", "TDM" ],
      "parachute": true,
      "position": {
        "min": { "x": 5000, "y": -11250, "z": 600 },
        "max": { "x": 5500, "y": -10750, "z": 900 }
      },
      "rotation": { "x": 0, "y": 0, "z": 0 }
    },
    {
      "name": "free-bonus",
      "free": true,
      "types": [ "crystal" ],
      "modes": [ "DM", "CP", "CTF", "TDM" ],
      "parachute": true,
      "position": {
        "min": { "x": -5500, "y": 3500, "z": 0 },
        "max": { "x": -5000, "y": 4000, "z": 300 }
      },
      "rotation": { "x": 0, "y": 0, "z": 0 }
    },
    {
      "name": "free-bonus",
      "free": true,
      "types": [ "double_armor" ],
      "modes": [ "DM", "CTF", "TDM" ],
      "parachute": true,
      "position": {
        "min": { "x": 5500, "y": -6000, "z": 0 },
        "max": { "x": 6000, "y": -5500, "z": 300 }
      },
      "rotation": { "x": 0, "y": 0, "z": 0 }
    },
    {
      "name": "free-bonus",
      "free": true,
      "types": [ "double_damage" ],
      "modes": [ "DM", "CTF", "TDM" ],
      "parachute": true,
      "position": {
        "min": { "x": -2500, "y": 10000, "z": 600 },
        "max": { "x": -2000, "y": 10500, "z": 900 }
      },
      "rotation": { "x": 0, "y": 0, "z": 0 }
    },
    {
      "name": "free-bonus",
      "free": true,
      "types": [ "nitro" ],
      "modes": [ "DM", "CP", "CTF", "TDM" ],
      "parachute": true,
      "position": {
        "min": { "x": -13000, "y": -5500, "z": 1200 },
        "max": { "x": -12500, "y": -5000, "z": 1500 }
      },
      "rotation": { "x": 0, "y": 0, "z": 0 }
    },
    {
      "name": "free-bonus",
      "free": true,
      "types": [ "health" ],
      "modes": [ "DM", "CP", "CTF", "TDM" ],
      "parachute": true,
      "position": {
        "min": { "x": -6500, "y": -6000, "z": 0 },
        "max": { "x": -6000, "y": -5500, "z": 300 }
      },
      "rotation": { "x": 0, "y": 0, "z": 0 }
    },
    {
      "name": "free-bonus",
      "free": true,
      "types": [ "double_armor" ],
      "modes": [ "CP" ],
      "parachute": true,
      "position": {
        "min": { "x": 6750, "y": -3500, "z": 0 },
        "max": { "x": 7250, "y": -3000, "z": 300 }
      },
      "rotation": { "x": 0, "y": 0, "z": 0 }
    },
    {
      "name": "free-bonus",
      "free": true,
      "types": [ "double_damage" ],
      "modes": [ "CP" ],
      "parachute": true,
      "position": {
        "min": { "x": -2500, "y": 13000, "z": 600 },
        "max": { "x": -2000, "y": 13500, "z": 900 }
      },
      "rotation": { "x": 0, "y": 0, "z": 0 }
    },
    {
      "name": "free-bonus",
      "free": true,
      "types": [ "double_damage" ],
      "modes": [ "DM", "CP", "CTF", "TDM" ],
      "parachute": true,
      "position": {
        "min": { "x": -3425, "y": 0, "z": 600 },
        "max": { "x": -3075, "y": 500, "z": 900 }
      },
      "rotation": { "x": 0, "y": 0, "z": 0 }
    },
    {
      "name": "free-bonus",
      "free": true,
      "types": [ "double_damage" ],
      "modes": [ "DM", "CP", "CTF", "TDM" ],
      "parachute": true,
      "position": {
        "min": { "x": 2575, "y": 0, "z": 600 },
        "max": { "x": 2925, "y": 500, "z": 900 }
      },
      "rotation": { "x": 0, "y": 0, "z": 0 }
    },
    {
      "name": "free-bonus",
      "free": true,
      "types": [ "double_armor" ],
      "modes": [ "CP" ],
      "parachute": true,
      "position": {
        "min": { "x": -7750, "y": 3750, "z": 0 },
        "max": { "x": -7250, "y": 4250, "z": 300 }
      },
      "rotation": { "x": 0, "y": 0, "z": 0 }
    },
    {
      "name": "free-bonus",
      "free": true,
      "types": [ "double_damage" ],
      "modes": [ "CP" ],
      "parachute": true,
      "position": {
        "min": { "x": 1500, "y": -13000, "z": 600 },
        "max": { "x": 2000, "y": -12500, "z": 900 }
      },
      "rotation": { "x": 0, "y": 0, "z": 0 }
    },
    {
      "name": "free-bonus",
      "free": true,
      "types": [ "double_damage" ],
      "modes": [ "CP" ],
      "parachute": true,
      "position": {
        "min": { "x": 6000, "y": 2000, "z": 0 },
        "max": { "x": 6500, "y": 2500, "z": 300 }
      },
      "rotation": { "x": 0, "y": 0, "z": 0 }
    },
    {
      "name": "free-bonus",
      "free": true,
      "types": [ "crystal" ],
      "modes": [ "DM", "CP", "CTF", "TDM" ],
      "parachute": true,
      "position": {
        "min": { "x": -4000, "y": 5000, "z": 0 },
        "max": { "x": -3500, "y": 5500, "z": 300 }
      },
      "rotation": { "x": 0, "y": 0, "z": 0 }
    },
    {
      "name": "free-bonus",
      "free": true,
      "types": [ "double_armor" ],
      "modes": [ "DM", "CP", "CTF", "TDM" ],
      "parachute": true,
      "position": {
        "min": { "x": 12000, "y": 0, "z": 600 },
        "max": { "x": 12500, "y": 500, "z": 900 }
      },
      "rotation": { "x": 0, "y": 0, "z": 0 }
    },
    {
      "name": "free-bonus",
      "free": true,
      "types": [ "double_armor" ],
      "modes": [ "DM", "CP", "CTF", "TDM" ],
      "parachute": true,
      "position": {
        "min": { "x": -500, "y": 3075, "z": 600 },
        "max": { "x": 0, "y": 3425, "z": 900 }
      },
      "rotation": { "x": 0, "y": 0, "z": 0 }
    },
    {
      "name": "free-bonus",
      "free": true,
      "types": [ "gold", "health" ],
      "modes": [ "DM", "CP", "CTF", "TDM" ],
      "parachute": true,
      "position": {
        "min": { "x": 70.197, "y": 501.818, "z": 900 },
        "max": { "x": 420.197, "y": 851.818, "z": 1200 }
      },
      "rotation": { "x": 0, "y": 0, "z": 0 }
    },
    {
      "name": "free-bonus",
      "free": true,
      "types": [ "double_damage" ],
      "modes": [ "DM", "CP", "CTF", "TDM" ],
      "parachute": true,
      "position": {
        "min": { "x": -2750, "y": 6000, "z": 0 },
        "max": { "x": -1750, "y": 6500, "z": 300 }
      },
      "rotation": { "x": 0, "y": 0, "z": 0 }
    },
    {
      "name": "free-bonus",
      "free": true,
      "types": [ "double_damage" ],
      "modes": [ "DM", "CTF", "TDM" ],
      "parachute": true,
      "position": {
        "min": { "x": 1500, "y": -10000, "z": 600 },
        "max": { "x": 2000, "y": -9500, "z": 900 }
      },
      "rotation": { "x": 0, "y": 0, "z": 0 }
    },
    {
      "name": "free-bonus",
      "free": true,
      "types": [ "nitro" ],
      "modes": [ "DM", "CP", "CTF", "TDM" ],
      "parachute": true,
      "position": {
        "min": { "x": -14250, "y": 6000, "z": 600 },
        "max": { "x": -13750, "y": 6500, "z": 900 }
      },
      "rotation": { "x": 0, "y": 0, "z": 0 }
    },
    {
      "name": "free-bonus",
      "free": true,
      "types": [ "health" ],
      "modes": [ "DM", "CP", "CTF", "TDM" ],
      "parachute": true,
      "position": {
        "min": { "x": 5500, "y": 6000, "z": 0 },
        "max": { "x": 6000, "y": 6500, "z": 300 }
      },
      "rotation": { "x": 0, "y": 0, "z": 0 }
    },
    {
      "name": "free-bonus",
      "free": true,
      "types": [ "crystal" ],
      "modes": [ "DM", "CP", "CTF", "TDM" ],
      "parachute": true,
      "position": {
        "min": { "x": 3000, "y": 5000, "z": 0 },
        "max": { "x": 3500, "y": 5500, "z": 300 }
      },
      "rotation": { "x": 0, "y": 0, "z": 0 }
    },
    {
      "name": "free-bonus",
      "free": true,
      "types": [ "nitro" ],
      "modes": [ "DM", "CP", "CTF", "TDM" ],
      "parachute": true,
      "position": {
        "min": { "x": -5250, "y": -8750, "z": 0 },
        "max": { "x": -4750, "y": -8250, "z": 300 }
      },
      "rotation": { "x": 0, "y": 0, "z": 0 }
    },
    {
      "name": "free-bonus",
      "free": true,
      "types": [ "crystal" ],
      "modes": [ "DM", "CP", "CTF", "TDM" ],
      "parachute": true,
      "position": {
        "min": { "x": 3000, "y": -5000, "z": 0 },
        "max": { "x": 3500, "y": -4500, "z": 300 }
      },
      "rotation": { "x": 0, "y": 0, "z": 0 }
    },
    {
      "name": "free-bonus",
      "free": true,
      "types": [ "crystal" ],
      "modes": [ "DM", "CP", "CTF", "TDM" ],
      "parachute": true,
      "position": {
        "min": { "x": 4500, "y": -3500, "z": 0 },
        "max": { "x": 5000, "y": -3000, "z": 300 }
      },
      "rotation": { "x": 0, "y": 0, "z": 0 }
    },
    {
      "name": "free-bonus",
      "free": true,
      "types": [ "double_armor" ],
      "modes": [ "DM", "CP", "CTF", "TDM" ],
      "parachute": true,
      "position": {
        "min": { "x": -500, "y": -2925, "z": 600 },
        "max": { "x": 0, "y": -2575, "z": 900 }
      },
      "rotation": { "x": 0, "y": 0, "z": 0 }
    },
    {
      "name": "free-bonus",
      "free": true,
      "types": [ "crystal" ],
      "modes": [ "DM", "CP", "CTF", "TDM" ],
      "parachute": true,
      "position": {
        "min": { "x": -4000, "y": -5000, "z": 0 },
        "max": { "x": -3500, "y": -4500, "z": 300 }
      },
      "rotation": { "x": 0, "y": 0, "z": 0 }
    },
    {
      "name": "free-bonus",
      "free": true,
      "types": [ "nitro" ],
      "modes": [ "DM", "CP", "CTF", "TDM" ],
      "parachute": true,
      "position": {
        "min": { "x": 12000, "y": 5500, "z": 1200 },
        "max": { "x": 12500, "y": 6000, "z": 1500 }
      },
      "rotation": { "x": 0, "y": 0, "z": 0 }
    },
    {
      "name": "free-bonus",
      "free": true,
      "types": [ "crystal" ],
      "modes": [ "DM", "CP", "CTF", "TDM" ],
      "parachute": true,
      "position": {
        "min": { "x": -5500, "y": -3500, "z": 0 },
        "max": { "x": -5000, "y": -3000, "z": 300 }
      },
      "rotation": { "x": 0, "y": 0, "z": 0 }
    },
    {
      "name": "free-bonus",
      "free": true,
      "types": [ "nitro" ],
      "modes": [ "DM", "CP", "CTF", "TDM" ],
      "parachute": true,
      "position": {
        "min": { "x": -6000, "y": 11250, "z": 600 },
        "max": { "x": -5500, "y": 11750, "z": 900 }
      },
      "rotation": { "x": 0, "y": 0, "z": 0 }
    },
    {
      "name": "free-bonus",
      "free": true,
      "types": [ "crystal" ],
      "modes": [ "DM", "CP", "CTF", "TDM" ],
      "parachute": true,
      "position": {
        "min": { "x": 4500, "y": 3500, "z": 0 },
        "max": { "x": 5000, "y": 4000, "z": 300 }
      },
      "rotation": { "x": 0, "y": 0, "z": 0 }
    },
    {
      "name": "free-bonus",
      "free": true,
      "types": [ "crystal" ],
      "modes": [ "DM", "CP", "CTF", "TDM" ],
      "parachute": true,
      "position": {
        "min": { "x": 1500, "y": -2500, "z": 900 },
        "max": { "x": 2000, "y": -2000, "z": 1200 }
      },
      "rotation": { "x": 0, "y": 0, "z": 0 }
    },
    {
      "name": "free-bonus",
      "free": true,
      "types": [ "double_armor" ],
      "modes": [ "DM", "CP", "CTF", "TDM" ],
      "parachute": true,
      "position": {
        "min": { "x": 1500, "y": 11500, "z": 600 },
        "max": { "x": 2000, "y": 12000, "z": 900 }
      },
      "rotation": { "x": 0, "y": 0, "z": 0 }
    },
    {
      "name": "free-bonus",
      "free": true,
      "types": [ "double_armor" ],
      "modes": [ "DM", "CP", "CTF", "TDM" ],
      "parachute": true,
      "position": {
        "min": { "x": 1250, "y": -6125, "z": 0 },
        "max": { "x": 2250, "y": -5625, "z": 300 }
      },
      "rotation": { "x": 0, "y": 0, "z": 0 }
    }
  ]
}
