{
  "name": "map_magistral",
  "theme": "summer_day",

  "id": 556672,
  "preview": 398352,

  "visual": {
    "angleX": -1,
    "angleZ": -0.5,

    "lightColor": 13090219,
    "shadowColor": 5530735,

    "fogAlpha": 0.25,
    "fogColor": 10543615,

    "farLimit": 10000,
    "nearLimit": 5000,

    "gravity": 1000,
    "skyboxRevolutionSpeed": 0,
    "ssaoColor": 2045258,

    "dustAlpha": 0.75,
    "dustDensity": 0.15000000596046448,
    "dustFarDistance": 7000,
    "dustNearDistance": 5000,
    "dustParticle": "summer",
    "dustSize": 200
  },
  "skybox": "Hills",
  "resources": {
    "proplibs": [
      "Bridge Parts",
      "Bush",
      "City Builds",
      "Cliffs",
      "Concrete Tiles",
      "Concrete Walls",
      "Grass Tiles",
      "NuBu 12",
      "NuBu 3",
      "NuBu 4",
      "NuBu 6",
      "NuBu 9",
      "Promotion",
      "Roadblock",
      "Slopes Rises",
      "Village Builds"
    ],
    "map": { "id": 556672, "version": 1 }
  },
  "spawnPoints": [
    {
      "team": "BLUE",
      "position": { "x": -5329.993, "y": 7492.214, "z": 0 },
      "rotation": { "x": 0, "y": 0, "z": 0 }
    },
    {
      "team": "BLUE",
      "position": { "x": -8382.531, "y": 10230.178, "z": 0 },
      "rotation": { "x": 0, "y": 0, "z": 0 }
    },
    {
      "team": "RED",
      "position": { "x": 9971.519, "y": -4579.177, "z": 0 },
      "rotation": { "x": 0, "y": 0, "z": 0 }
    },
    {
      "team": "RED",
      "position": { "x": 9954.47, "y": -5663.774, "z": 0 },
      "rotation": { "x": 0, "y": 0, "z": 0 }
    },
    {
      "team": "RED",
      "position": { "x": 8056.707, "y": -2932.777, "z": 0 },
      "rotation": { "x": 0, "y": 0, "z": 0 }
    },
    {
      "team": "RED",
      "position": { "x": 6102.821, "y": -11727.284, "z": 0 },
      "rotation": { "x": 0, "y": 0, "z": 0 }
    },
    {
      "mode": "DM",
      "position": { "x": -8887.939, "y": -11472.525, "z": 0 },
      "rotation": { "x": 0, "y": 0, "z": 0 }
    },
    {
      "mode": "DM",
      "position": { "x": -5999.926, "y": -11588.204, "z": 0 },
      "rotation": { "x": 0, "y": 0, "z": 0 }
    },
    {
      "mode": "DM",
      "position": { "x": -5942.474, "y": 7624.372, "z": 0 },
      "rotation": { "x": 0, "y": 0, "z": 0 }
    },
    {
      "team": "RED",
      "position": { "x": 10545.477, "y": -11628.832, "z": 600 },
      "rotation": { "x": 0, "y": 0, "z": 600 }
    },
    {
      "mode": "DM",
      "position": { "x": 9818.936, "y": 9954.373, "z": 0 },
      "rotation": { "x": 0, "y": 0, "z": 0 }
    },
    {
      "team": "RED",
      "position": { "x": 6524.305, "y": -7627.633, "z": 0 },
      "rotation": { "x": 0, "y": 0, "z": 0 }
    },
    {
      "team": "BLUE",
      "position": { "x": -8757.379, "y": 1827.548, "z": 300 },
      "rotation": { "x": 0, "y": 0, "z": 300 }
    },
    {
      "team": "RED",
      "position": { "x": 9500, "y": -12000, "z": 600 },
      "rotation": { "x": 0, "y": 0, "z": 600 }
    },
    {
      "team": "RED",
      "position": { "x": 10031.466, "y": -11972.738, "z": 600 },
      "rotation": { "x": 0, "y": 0, "z": 600 }
    },
    {
      "team": "BLUE",
      "position": { "x": -6555.178, "y": 1817.285, "z": 0 },
      "rotation": { "x": 0, "y": 0, "z": 0 }
    },
    {
      "mode": "DM",
      "position": { "x": -6492.296, "y": -4000.458, "z": 300 },
      "rotation": { "x": 0, "y": 0, "z": 300 }
    },
    {
      "mode": "DM",
      "position": { "x": 10499.333, "y": -12011.216, "z": 600 },
      "rotation": { "x": 0, "y": 0, "z": 600 }
    },
    {
      "team": "RED",
      "position": { "x": 9621.404, "y": -8262.34, "z": 600 },
      "rotation": { "x": 0, "y": 0, "z": 600 }
    },
    {
      "team": "BLUE",
      "position": { "x": -6277.117, "y": 9261.837, "z": 0 },
      "rotation": { "x": 0, "y": 0, "z": 0 }
    },
    {
      "team": "RED",
      "position": { "x": 10052.11, "y": -4992.463, "z": 0 },
      "rotation": { "x": 0, "y": 0, "z": 0 }
    },
    {
      "team": "BLUE",
      "position": { "x": -9028.786, "y": 4363.651, "z": 0 },
      "rotation": { "x": 0, "y": 0, "z": 0 }
    },
    {
      "mode": "DM",
      "position": { "x": -9120.709, "y": 3525.64, "z": 0 },
      "rotation": { "x": 0, "y": 0, "z": 0 }
    },
    {
      "mode": "DM",
      "position": { "x": -1262.951, "y": 10482.253, "z": 0 },
      "rotation": { "x": 0, "y": 0, "z": 0 }
    },
    {
      "mode": "DM",
      "position": { "x": 4902.105, "y": -10117.219, "z": 0 },
      "rotation": { "x": 0, "y": 0, "z": 0 }
    },
    {
      "mode": "DM",
      "position": { "x": 3976.441, "y": 3921.683, "z": 0 },
      "rotation": { "x": 0, "y": 0, "z": 0 }
    },
    {
      "mode": "DM",
      "position": { "x": 2265.534, "y": 10451.088, "z": 0 },
      "rotation": { "x": 0, "y": 0, "z": 0 }
    },
    {
      "mode": "DM",
      "position": { "x": 7364.283, "y": -2902.462, "z": 0 },
      "rotation": { "x": 0, "y": 0, "z": 0 }
    },
    {
      "mode": "DM",
      "position": { "x": -1259.841, "y": -11988.201, "z": 0 },
      "rotation": { "x": 0, "y": 0, "z": 0 }
    },
    {
      "team": "RED",
      "position": { "x": 8297.547, "y": -5348.908, "z": 0 },
      "rotation": { "x": 0, "y": 0, "z": 0 }
    },
    {
      "mode": "DM",
      "position": { "x": 7101.444, "y": 9972.888, "z": 0 },
      "rotation": { "x": 0, "y": 0, "z": 0 }
    },
    {
      "team": "BLUE",
      "position": { "x": -8988.086, "y": 7666.714, "z": 0 },
      "rotation": { "x": 0, "y": 0, "z": 0 }
    },
    {
      "team": "BLUE",
      "position": { "x": -6600.06, "y": 7512.937, "z": 0 },
      "rotation": { "x": 0, "y": 0, "z": 0 }
    },
    {
      "team": "BLUE",
      "position": { "x": -8231.974, "y": 4353.926, "z": 0 },
      "rotation": { "x": 0, "y": 0, "z": 0 }
    },
    {
      "mode": "DM",
      "position": { "x": 2247.699, "y": -11997.924, "z": 0 },
      "rotation": { "x": 0, "y": 0, "z": 0 }
    },
    {
      "team": "BLUE",
      "position": { "x": -9175.467, "y": 9866.405, "z": 0 },
      "rotation": { "x": 0, "y": 0, "z": 0 }
    },
    {
      "team": "BLUE",
      "position": { "x": -8724.639, "y": 3509.194, "z": 0 },
      "rotation": { "x": 0, "y": 0, "z": 0 }
    },
    {
      "team": "RED",
      "position": { "x": 8998.228, "y": -12032.054, "z": 600 },
      "rotation": { "x": 0, "y": 0, "z": 600 }
    },
    {
      "mode": "DM",
      "position": { "x": -8479.225, "y": 7566.122, "z": 0 },
      "rotation": { "x": 0, "y": 0, "z": 0 }
    },
    {
      "team": "BLUE",
      "position": { "x": -8818.211, "y": 9207.178, "z": 0 },
      "rotation": { "x": 0, "y": 0, "z": 0 }
    },
    {
      "mode": "DM",
      "position": { "x": 7454.341, "y": 4577.194, "z": 0 },
      "rotation": { "x": 0, "y": 0, "z": 0 }
    },
    {
      "team": "RED",
      "position": { "x": 9021.937, "y": -4764.83, "z": 0 },
      "rotation": { "x": 0, "y": 0, "z": 0 }
    },
    {
      "team": "BLUE",
      "position": { "x": -7808.116, "y": 7651.873, "z": 0 },
      "rotation": { "x": 0, "y": 0, "z": 0 }
    },
    {
      "team": "RED",
      "position": { "x": 10281.297, "y": -9499.054, "z": 600 },
      "rotation": { "x": 0, "y": 0, "z": 600 }
    },
    {
      "mode": "DM",
      "position": { "x": 10264.79, "y": -9514.347, "z": 600 },
      "rotation": { "x": 0, "y": 0, "z": 600 }
    },
    {
      "team": "RED",
      "position": { "x": 7855.801, "y": -4099.454, "z": 0 },
      "rotation": { "x": 0, "y": 0, "z": 0 }
    },
    {
      "mode": "DM",
      "position": { "x": 10978.518, "y": -739.543, "z": 600 },
      "rotation": { "x": 0, "y": 0, "z": 600 }
    },
    {
      "mode": "DM",
      "position": { "x": -8958.833, "y": -5070.252, "z": 0 },
      "rotation": { "x": 0, "y": 0, "z": 0 }
    },
    {
      "mode": "DM",
      "position": { "x": 10097.676, "y": -5342.642, "z": 0 },
      "rotation": { "x": 0, "y": 0, "z": 0 }
    },
    {
      "mode": "DM",
      "position": { "x": -2663.242, "y": 9188.579, "z": 0 },
      "rotation": { "x": 0, "y": 0, "z": 0 }
    },
    {
      "mode": "DM",
      "position": { "x": 10578.455, "y": 2100.699, "z": 0 },
      "rotation": { "x": 0, "y": 0, "z": 0 }
    },
    {
      "team": "BLUE",
      "position": { "x": -7167.649, "y": 4363.219, "z": 0 },
      "rotation": { "x": 0, "y": 0, "z": 0 }
    },
    {
      "team": "BLUE",
      "position": { "x": -4988.063, "y": 4149.643, "z": 0 },
      "rotation": { "x": 0, "y": 0, "z": 0 }
    },
    {
      "team": "BLUE",
      "position": { "x": -4353.93, "y": 9344.378, "z": 0 },
      "rotation": { "x": 0, "y": 0, "z": 0 }
    }
  ],
  "flags": {
    "RED": {
      "position": { "x": 7750, "y": 7250, "z": 0 }
    },
    "BLUE": {
      "position": { "x": -6750, "y": -9250, "z": 0 }
    }
  },
  "points": [
    {
      "id": "G",
      "distance": 1000,
      "free": false,
      "position": { "x": -6750, "y": -9250, "z": 0 }
    },
    {
      "id": "F",
      "distance": 1000,
      "free": false,
      "position": { "x": 7750, "y": 7250, "z": 0 }
    },
    {
      "id": "B",
      "distance": 1000,
      "free": false,
      "position": { "x": 7250, "y": -750, "z": 600 }
    },
    {
      "id": "D",
      "distance": 1000,
      "free": false,
      "position": { "x": 500, "y": -750, "z": 900 }
    },
    {
      "id": "C",
      "distance": 1000,
      "free": false,
      "position": { "x": -6250, "y": -750, "z": 600 }
    },
    {
      "id": "A",
      "distance": 1000,
      "free": false,
      "position": { "x": 500, "y": 4250, "z": 0 }
    },
    {
      "id": "E",
      "distance": 1000,
      "free": false,
      "position": { "x": 500, "y": -6500, "z": 0 }
    }
  ],
  "bonuses": [
    {
      "name": "free-bonus",
      "free": true,
      "types": [ "crystal" ],
      "modes": [ "TDM", "CP", "CTF", "DM" ],
      "parachute": true,
      "position": {
        "min": { "x": 4701.132, "y": 5834.128, "z": 600 },
        "max": { "x": 5201.132, "y": 6334.128, "z": 900 }
      },
      "rotation": { "x": 0, "y": 0, "z": 0 }
    },
    {
      "name": "free-bonus",
      "free": true,
      "types": [ "health" ],
      "modes": [ "TDM", "CTF", "DM" ],
      "parachute": true,
      "position": {
        "min": { "x": 250, "y": 3937.5, "z": 1200 },
        "max": { "x": 750, "y": 4687.5, "z": 1500 }
      },
      "rotation": { "x": 0, "y": 0, "z": 0 }
    },
    {
      "name": "free-bonus",
      "free": true,
      "types": [ "nitro" ],
      "modes": [ "TDM", "CP", "CTF", "DM" ],
      "parachute": true,
      "position": {
        "min": { "x": 1998.937, "y": 312.727, "z": 900 },
        "max": { "x": 2498.937, "y": 812.727, "z": 1200 }
      },
      "rotation": { "x": 0, "y": 0, "z": 0 }
    },
    {
      "name": "free-bonus",
      "free": true,
      "types": [ "nitro" ],
      "modes": [ "TDM", "CP", "CTF", "DM" ],
      "parachute": true,
      "position": {
        "min": { "x": -1438.325, "y": -2275.074, "z": 1200 },
        "max": { "x": -938.325, "y": -1775.074, "z": 1500 }
      },
      "rotation": { "x": 0, "y": 0, "z": 0 }
    },
    {
      "name": "free-bonus",
      "free": true,
      "types": [ "crystal" ],
      "modes": [ "TDM", "CP", "CTF", "DM" ],
      "parachute": true,
      "position": {
        "min": { "x": -4737.716, "y": -9217.371, "z": 900 },
        "max": { "x": -4237.716, "y": -8717.371, "z": 1200 }
      },
      "rotation": { "x": 0, "y": 0, "z": 0 }
    },
    {
      "name": "free-bonus",
      "free": true,
      "types": [ "double_damage" ],
      "modes": [ "TDM", "CP", "CTF", "DM" ],
      "parachute": true,
      "position": {
        "min": { "x": 9394.653, "y": 1761.949, "z": 900 },
        "max": { "x": 9894.653, "y": 2761.949, "z": 1200 }
      },
      "rotation": { "x": 0, "y": 0, "z": 0 }
    },
    {
      "name": "free-bonus",
      "free": true,
      "types": [ "double_armor" ],
      "modes": [ "TDM", "CP", "CTF", "DM" ],
      "parachute": true,
      "position": {
        "min": { "x": -8581.961, "y": -10635.48, "z": 900 },
        "max": { "x": -7831.961, "y": -10135.48, "z": 1200 }
      },
      "rotation": { "x": 0, "y": 0, "z": 0 }
    },
    {
      "name": "free-bonus",
      "free": true,
      "types": [ "nitro" ],
      "modes": [ "TDM", "CP", "CTF", "DM" ],
      "parachute": true,
      "position": {
        "min": { "x": 5875, "y": 6750, "z": 600 },
        "max": { "x": 6375, "y": 7750, "z": 900 }
      },
      "rotation": { "x": 0, "y": 0, "z": 0 }
    },
    {
      "name": "free-bonus",
      "free": true,
      "types": [ "crystal", "gold" ],
      "modes": [ "CP" ],
      "parachute": true,
      "position": {
        "min": { "x": -2250, "y": -1000, "z": 1800 },
        "max": { "x": -1250, "y": -500, "z": 2100 }
      },
      "rotation": { "x": 0, "y": 0, "z": 0 }
    },
    {
      "name": "free-bonus",
      "free": true,
      "types": [ "health" ],
      "modes": [ "CP" ],
      "parachute": true,
      "position": {
        "min": { "x": 250, "y": -11000, "z": 1200 },
        "max": { "x": 750, "y": -10500, "z": 1500 }
      },
      "rotation": { "x": 0, "y": 0, "z": 0 }
    },
    {
      "name": "free-bonus",
      "free": true,
      "types": [ "nitro" ],
      "modes": [ "TDM", "CP", "CTF", "DM" ],
      "parachute": true,
      "position": {
        "min": { "x": -5500, "y": -1250, "z": 1500 },
        "max": { "x": -5000, "y": -250, "z": 1800 }
      },
      "rotation": { "x": 0, "y": 0, "z": 0 }
    },
    {
      "name": "free-bonus",
      "free": true,
      "types": [ "crystal", "gold" ],
      "modes": [ "CP" ],
      "parachute": true,
      "position": {
        "min": { "x": 1750, "y": -7000, "z": 1200 },
        "max": { "x": 2750, "y": -6000, "z": 1500 }
      },
      "rotation": { "x": 0, "y": 0, "z": 0 }
    },
    {
      "name": "free-bonus",
      "free": true,
      "types": [ "crystal", "gold" ],
      "modes": [ "CP" ],
      "parachute": true,
      "position": {
        "min": { "x": -1750, "y": -7000, "z": 1200 },
        "max": { "x": -750, "y": -6000, "z": 1500 }
      },
      "rotation": { "x": 0, "y": 0, "z": 0 }
    },
    {
      "name": "free-bonus",
      "free": true,
      "types": [ "health", "crystal", "gold" ],
      "modes": [ "TDM", "CTF", "DM" ],
      "parachute": true,
      "position": {
        "min": { "x": -12.999, "y": -6996.919, "z": 1200 },
        "max": { "x": 987.001, "y": -5996.919, "z": 1500 }
      },
      "rotation": { "x": 0, "y": 0, "z": 0 }
    },
    {
      "name": "free-bonus",
      "free": true,
      "types": [ "health" ],
      "modes": [ "CP" ],
      "parachute": true,
      "position": {
        "min": { "x": 125, "y": 9500, "z": 1200 },
        "max": { "x": 625, "y": 10000, "z": 1500 }
      },
      "rotation": { "x": 0, "y": 0, "z": 0 }
    },
    {
      "name": "free-bonus",
      "free": true,
      "types": [ "health", "crystal" ],
      "modes": [ "TDM", "CTF", "DM" ],
      "parachute": true,
      "position": {
        "min": { "x": 1719.517, "y": -1001.688, "z": 1800 },
        "max": { "x": 2719.517, "y": -501.688, "z": 2100 }
      },
      "rotation": { "x": 0, "y": 0, "z": 0 }
    },
    {
      "name": "free-bonus",
      "free": true,
      "types": [ "double_armor" ],
      "modes": [ "TDM", "CP", "CTF", "DM" ],
      "parachute": true,
      "position": {
        "min": { "x": 9603.139, "y": 9034.111, "z": 900 },
        "max": { "x": 10103.139, "y": 10034.111, "z": 1200 }
      },
      "rotation": { "x": 0, "y": 0, "z": 0 }
    },
    {
      "name": "free-bonus",
      "free": true,
      "types": [ "nitro" ],
      "modes": [ "TDM", "CP", "CTF", "DM" ],
      "parachute": true,
      "position": {
        "min": { "x": 250, "y": 7250, "z": 600 },
        "max": { "x": 750, "y": 7750, "z": 900 }
      },
      "rotation": { "x": 0, "y": 0, "z": 0 }
    },
    {
      "name": "free-bonus",
      "free": true,
      "types": [ "crystal", "gold" ],
      "modes": [ "CP" ],
      "parachute": true,
      "position": {
        "min": { "x": 2250, "y": -1000, "z": 1800 },
        "max": { "x": 3250, "y": -500, "z": 2100 }
      },
      "rotation": { "x": 0, "y": 0, "z": 0 }
    },
    {
      "name": "free-bonus",
      "free": true,
      "types": [ "nitro" ],
      "modes": [ "TDM", "CP", "CTF", "DM" ],
      "parachute": true,
      "position": {
        "min": { "x": -6375, "y": -7937.5, "z": 600 },
        "max": { "x": -5875, "y": -6937.5, "z": 900 }
      },
      "rotation": { "x": 0, "y": 0, "z": 0 }
    },
    {
      "name": "free-bonus",
      "free": true,
      "types": [ "double_armor" ],
      "modes": [ "TDM", "CP", "CTF", "DM" ],
      "parachute": true,
      "position": {
        "min": { "x": 6792.133, "y": 1114.984, "z": 1200 },
        "max": { "x": 7292.133, "y": 1614.984, "z": 1500 }
      },
      "rotation": { "x": 0, "y": 0, "z": 0 }
    },
    {
      "name": "free-bonus",
      "free": true,
      "types": [ "gold" ],
      "modes": [ "TDM", "CP", "CTF", "DM" ],
      "parachute": true,
      "position": {
        "min": { "x": 0, "y": 1125, "z": 1800 },
        "max": { "x": 1000, "y": 1625, "z": 2100 }
      },
      "rotation": { "x": 0, "y": 0, "z": 0 }
    },
    {
      "name": "free-bonus",
      "free": true,
      "types": [ "health", "crystal" ],
      "modes": [ "TDM", "CTF", "DM" ],
      "parachute": true,
      "position": {
        "min": { "x": -1750, "y": -1000, "z": 1800 },
        "max": { "x": -750, "y": -500, "z": 2100 }
      },
      "rotation": { "x": 0, "y": 0, "z": 0 }
    },
    {
      "name": "free-bonus",
      "free": true,
      "types": [ "double_damage" ],
      "modes": [ "TDM", "CP", "CTF", "DM" ],
      "parachute": true,
      "position": {
        "min": { "x": 8400.818, "y": -5439.188, "z": 900 },
        "max": { "x": 9400.818, "y": -4939.188, "z": 1200 }
      },
      "rotation": { "x": 0, "y": 0, "z": 0 }
    },
    {
      "name": "free-bonus",
      "free": true,
      "types": [ "nitro" ],
      "modes": [ "TDM", "CP", "CTF", "DM" ],
      "parachute": true,
      "position": {
        "min": { "x": 6000, "y": -1250, "z": 1500 },
        "max": { "x": 6500, "y": -250, "z": 1800 }
      },
      "rotation": { "x": 0, "y": 0, "z": 0 }
    },
    {
      "name": "free-bonus",
      "free": true,
      "types": [ "double_armor" ],
      "modes": [ "TDM", "CTF", "DM" ],
      "parachute": true,
      "position": {
        "min": { "x": 9072.825, "y": -11033.15, "z": 1500 },
        "max": { "x": 9572.825, "y": -10033.15, "z": 1800 }
      },
      "rotation": { "x": 0, "y": 0, "z": 0 }
    },
    {
      "name": "free-bonus",
      "free": true,
      "types": [ "double_armor" ],
      "modes": [ "TDM", "CP", "CTF", "DM" ],
      "parachute": true,
      "position": {
        "min": { "x": -5989.88, "y": -3961.672, "z": 1200 },
        "max": { "x": -5489.88, "y": -3461.672, "z": 1500 }
      },
      "rotation": { "x": 0, "y": 0, "z": 0 }
    },
    {
      "name": "free-bonus",
      "free": true,
      "types": [ "nitro" ],
      "modes": [ "TDM", "CP", "CTF", "DM" ],
      "parachute": true,
      "position": {
        "min": { "x": 250, "y": -11000, "z": 600 },
        "max": { "x": 750, "y": -10500, "z": 900 }
      },
      "rotation": { "x": 0, "y": 0, "z": 0 }
    },
    {
      "name": "free-bonus",
      "free": true,
      "types": [ "double_armor" ],
      "modes": [ "TDM", "CP", "CTF", "DM" ],
      "parachute": true,
      "position": {
        "min": { "x": 4115.936, "y": -3309.657, "z": 900 },
        "max": { "x": 4615.936, "y": -2809.657, "z": 1200 }
      },
      "rotation": { "x": 0, "y": 0, "z": 0 }
    },
    {
      "name": "free-bonus",
      "free": true,
      "types": [ "double_damage" ],
      "modes": [ "TDM", "CP", "CTF", "DM" ],
      "parachute": true,
      "position": {
        "min": { "x": -3506.381, "y": 566.412, "z": 900 },
        "max": { "x": -3006.381, "y": 1066.412, "z": 1200 }
      },
      "rotation": { "x": 0, "y": 0, "z": 0 }
    },
    {
      "name": "free-bonus",
      "free": true,
      "types": [ "double_armor" ],
      "modes": [ "TDM", "CP", "CTF", "DM" ],
      "parachute": true,
      "position": {
        "min": { "x": -5492.235, "y": 4481.465, "z": 900 },
        "max": { "x": -4492.235, "y": 4981.465, "z": 1200 }
      },
      "rotation": { "x": 0, "y": 0, "z": 0 }
    },
    {
      "name": "free-bonus",
      "free": true,
      "types": [ "double_armor", "crystal", "gold" ],
      "modes": [ "TDM", "CTF", "DM" ],
      "parachute": true,
      "position": {
        "min": { "x": -540.047, "y": -1242.372, "z": 1800 },
        "max": { "x": 1459.953, "y": -242.372, "z": 2100 }
      },
      "rotation": { "x": 0, "y": 0, "z": 0 }
    },
    {
      "name": "free-bonus",
      "free": true,
      "types": [ "double_damage" ],
      "modes": [ "TDM", "CP", "CTF", "DM" ],
      "parachute": true,
      "position": {
        "min": { "x": -8000, "y": 5500, "z": 900 },
        "max": { "x": -7000, "y": 6000, "z": 1200 }
      },
      "rotation": { "x": 0, "y": 0, "z": 0 }
    },
    {
      "name": "free-bonus",
      "free": true,
      "types": [ "double_damage" ],
      "modes": [ "TDM", "CP", "CTF", "DM" ],
      "parachute": true,
      "position": {
        "min": { "x": -8731.313, "y": -6186.426, "z": 900 },
        "max": { "x": -8231.313, "y": -5186.426, "z": 1200 }
      },
      "rotation": { "x": 0, "y": 0, "z": 0 }
    }
  ]
}
