{
  "name": "map_serpuhov",
  "theme": "winter_day",

  "id": 100598,
  "preview": 270446,

  "visual": {
    "angleX": -1,
    "angleZ": -0.5,

    "lightColor": 8419955,
    "shadowColor": 6184542,

    "fogAlpha": 0.25,
    "fogColor": 15333375,

    "farLimit": 10000,
    "nearLimit": 5000,

    "gravity": 1000,
    "skyboxRevolutionSpeed": 0,
    "ssaoColor": 2374217,

    "dustAlpha": 0.8999999761581421,
    "dustDensity": 0.15000000596046448,
    "dustFarDistance": 7000,
    "dustNearDistance": 5000,
    "dustParticle": "winter",
    "dustSize": 200
  },
  "skybox": "Winter",
  "resources": {
    "proplibs": [
      "Bridge Parts Winter",
      "Bush Winter",
      "City Builds Winter",
      "Cliffs Winter",
      "Concrete Tiles Winter",
      "Concrete Walls Winter",
      "Grass Tiles Winter",
      "NuBu 1 Winter",
      "NuBu 10 Winter",
      "NuBu 12 Winter",
      "NuBu 14 Winter",
      "NuBu 2 Winter",
      "NuBu 3 Winter",
      "NuBu 4 Winter",
      "NuBu 5 Winter",
      "NuBu 6 Winter",
      "NuBu 8 Winter",
      "NuBu 9 Winter",
      "Promotion Winter",
      "Slopes Rises Winter"
    ],
    "map": { "id": 100598, "version": 1 }
  },
  "spawnPoints": [
    {
      "mode": "DM",
      "position": { "x": 9428.274, "y": 12242.311, "z": 0 },
      "rotation": { "x": 0, "y": 0, "z": 0 }
    },
    {
      "team": "BLUE",
      "position": { "x": 6482.647, "y": 13574.659, "z": 0 },
      "rotation": { "x": 0, "y": 0, "z": 0 }
    },
    {
      "team": "RED",
      "position": { "x": -5802.362, "y": -6711.058, "z": 0 },
      "rotation": { "x": 0, "y": 0, "z": 0 }
    },
    {
      "team": "BLUE",
      "position": { "x": -525.22, "y": 12563.775, "z": 0 },
      "rotation": { "x": 0, "y": 0, "z": 0 }
    },
    {
      "team": "RED",
      "position": { "x": 7399.433, "y": -8176.444, "z": 600 },
      "rotation": { "x": 0, "y": 0, "z": 600 }
    },
    {
      "mode": "DM",
      "position": { "x": -3516.368, "y": 8197.749, "z": 0 },
      "rotation": { "x": 0, "y": 0, "z": 0 }
    },
    {
      "team": "BLUE",
      "position": { "x": 7598.413, "y": 13664.512, "z": 0 },
      "rotation": { "x": 0, "y": 0, "z": 0 }
    },
    {
      "team": "RED",
      "position": { "x": -2220.589, "y": -6303.486, "z": 0 },
      "rotation": { "x": 0, "y": 0, "z": 0 }
    },
    {
      "team": "RED",
      "position": { "x": 7930.18, "y": -5098.826, "z": 600 },
      "rotation": { "x": 0, "y": 0, "z": 600 }
    },
    {
      "team": "BLUE",
      "position": { "x": 6870.055, "y": 11954.122, "z": 0 },
      "rotation": { "x": 0, "y": 0, "z": 0 }
    },
    {
      "team": "RED",
      "position": { "x": 3564.509, "y": -7793.562, "z": 600 },
      "rotation": { "x": 0, "y": 0, "z": 600 }
    },
    {
      "mode": "DM",
      "position": { "x": 9513.394, "y": -10286.159, "z": 600 },
      "rotation": { "x": 0, "y": 0, "z": 600 }
    },
    {
      "team": "BLUE",
      "position": { "x": -1784.923, "y": 12613.331, "z": 0 },
      "rotation": { "x": 0, "y": 0, "z": 0 }
    },
    {
      "mode": "DM",
      "position": { "x": -5082.651, "y": -11150.478, "z": 0 },
      "rotation": { "x": 0, "y": 0, "z": 0 }
    },
    {
      "team": "RED",
      "position": { "x": 8966.661, "y": -8119.242, "z": 600 },
      "rotation": { "x": 0, "y": 0, "z": 600 }
    },
    {
      "team": "RED",
      "position": { "x": 7957.424, "y": -6767.218, "z": 600 },
      "rotation": { "x": 0, "y": 0, "z": 600 }
    },
    {
      "mode": "DM",
      "position": { "x": -3636.256, "y": -2516.956, "z": -600 },
      "rotation": { "x": 0, "y": 0, "z": -600 }
    },
    {
      "team": "BLUE",
      "position": { "x": -3149.875, "y": 12712.634, "z": 0 },
      "rotation": { "x": 0, "y": 0, "z": 0 }
    },
    {
      "mode": "DM",
      "position": { "x": -3533.729, "y": 13878.44, "z": 0 },
      "rotation": { "x": 0, "y": 0, "z": 0 }
    },
    {
      "team": "RED",
      "position": { "x": -2603.405, "y": -8565.401, "z": 0 },
      "rotation": { "x": 0, "y": 0, "z": 0 }
    },
    {
      "team": "BLUE",
      "position": { "x": 2017.757, "y": 11613.353, "z": 0 },
      "rotation": { "x": 0, "y": 0, "z": 0 }
    },
    {
      "team": "RED",
      "position": { "x": 5811.847, "y": -6555.679, "z": 600 },
      "rotation": { "x": 0, "y": 0, "z": 600 }
    },
    {
      "team": "RED",
      "position": { "x": 4913.785, "y": -7774.8, "z": 600 },
      "rotation": { "x": 0, "y": 0, "z": 600 }
    },
    {
      "mode": "DM",
      "position": { "x": 882.613, "y": 12913.469, "z": 0 },
      "rotation": { "x": 0, "y": 0, "z": 0 }
    },
    {
      "team": "BLUE",
      "position": { "x": 8433.473, "y": 9864.368, "z": 0 },
      "rotation": { "x": 0, "y": 0, "z": 0 }
    },
    {
      "mode": "DM",
      "position": { "x": 7511.696, "y": 5069.504, "z": 0 },
      "rotation": { "x": 0, "y": 0, "z": 0 }
    },
    {
      "mode": "DM",
      "position": { "x": 2348.082, "y": -11347.083, "z": 600 },
      "rotation": { "x": 0, "y": 0, "z": 600 }
    },
    {
      "mode": "DM",
      "position": { "x": 6445.429, "y": -517.471, "z": -600 },
      "rotation": { "x": 0, "y": 0, "z": -600 }
    },
    {
      "mode": "DM",
      "position": { "x": 1009.443, "y": -217.251, "z": -600 },
      "rotation": { "x": 0, "y": 0, "z": -600 }
    },
    {
      "team": "BLUE",
      "position": { "x": 7519.779, "y": 11004.296, "z": 0 },
      "rotation": { "x": 0, "y": 0, "z": 0 }
    },
    {
      "mode": "DM",
      "position": { "x": 2163.127, "y": -2586.432, "z": 600 },
      "rotation": { "x": 0, "y": 0, "z": 600 }
    },
    {
      "team": "RED",
      "position": { "x": -3100.862, "y": -7981.158, "z": 0 },
      "rotation": { "x": 0, "y": 0, "z": 0 }
    },
    {
      "mode": "DM",
      "position": { "x": 10036.454, "y": 3009.304, "z": 600 },
      "rotation": { "x": 0, "y": 0, "z": 600 }
    },
    {
      "mode": "DM",
      "position": { "x": 9726.899, "y": -3082.336, "z": 600 },
      "rotation": { "x": 0, "y": 0, "z": 600 }
    },
    {
      "team": "BLUE",
      "position": { "x": -4701.977, "y": 12104.98, "z": 0 },
      "rotation": { "x": 0, "y": 0, "z": 0 }
    },
    {
      "team": "BLUE",
      "position": { "x": 591.525, "y": 9280.164, "z": 0 },
      "rotation": { "x": 0, "y": 0, "z": 0 }
    },
    {
      "team": "RED",
      "position": { "x": 2273.998, "y": -5095.102, "z": 600 },
      "rotation": { "x": 0, "y": 0, "z": 600 }
    },
    {
      "team": "BLUE",
      "position": { "x": -956.475, "y": 10775.07, "z": 0 },
      "rotation": { "x": 0, "y": 0, "z": 0 }
    },
    {
      "team": "BLUE",
      "position": { "x": 5068.729, "y": 13588.382, "z": 0 },
      "rotation": { "x": 0, "y": 0, "z": 0 }
    },
    {
      "team": "RED",
      "position": { "x": -1165.195, "y": -9297.43, "z": 0 },
      "rotation": { "x": 0, "y": 0, "z": 0 }
    },
    {
      "team": "BLUE",
      "position": { "x": 9494.144, "y": 12337.895, "z": 0 },
      "rotation": { "x": 0, "y": 0, "z": 0 }
    },
    {
      "mode": "DM",
      "position": { "x": 5555.298, "y": -8215.263, "z": 600 },
      "rotation": { "x": 0, "y": 0, "z": 600 }
    },
    {
      "mode": "DM",
      "position": { "x": -399.148, "y": 7057.808, "z": 0 },
      "rotation": { "x": 0, "y": 0, "z": 0 }
    },
    {
      "mode": "DM",
      "position": { "x": -4960.57, "y": 2511.764, "z": -600 },
      "rotation": { "x": 0, "y": 0, "z": -600 }
    },
    {
      "team": "RED",
      "position": { "x": 9459.4, "y": -9520.081, "z": 600 },
      "rotation": { "x": 0, "y": 0, "z": 600 }
    },
    {
      "team": "RED",
      "position": { "x": 2712.411, "y": -6657.026, "z": 600 },
      "rotation": { "x": 0, "y": 0, "z": 600 }
    },
    {
      "mode": "DM",
      "position": { "x": -3160.183, "y": -8552.458, "z": 0 },
      "rotation": { "x": 0, "y": 0, "z": 0 }
    },
    {
      "mode": "DM",
      "position": { "x": -2327.375, "y": 10613.957, "z": 0 },
      "rotation": { "x": 0, "y": 0, "z": 0 }
    },
    {
      "mode": "DM",
      "position": { "x": 6268.919, "y": 14313.019, "z": 0 },
      "rotation": { "x": 0, "y": 0, "z": 0 }
    },
    {
      "team": "RED",
      "position": { "x": 1756.563, "y": -7996.413, "z": 600 },
      "rotation": { "x": 0, "y": 0, "z": 600 }
    },
    {
      "team": "BLUE",
      "position": { "x": -3809.111, "y": 12333.272, "z": 0 },
      "rotation": { "x": 0, "y": 0, "z": 0 }
    }
  ],
  "flags": {
    "RED": {
      "position": { "x": 6475.732, "y": -7714.532, "z": 600 }
    },
    "BLUE": {
      "position": { "x": 732.936, "y": 11191.262, "z": 0 }
    }
  },
  "points": [
    {
      "id": "D",
      "distance": 1000,
      "free": false,
      "position": { "x": 4250, "y": 9000, "z": 0 }
    },
    {
      "id": "C",
      "distance": 1000,
      "free": false,
      "position": { "x": -2250, "y": -1250, "z": 300 }
    },
    {
      "id": "B",
      "distance": 1000,
      "free": false,
      "position": { "x": -2250, "y": 4250, "z": 0 }
    },
    {
      "id": "A",
      "distance": 1000,
      "free": false,
      "position": { "x": 4250, "y": 4250, "z": 0 }
    },
    {
      "id": "E",
      "distance": 1000,
      "free": false,
      "position": { "x": 4250, "y": -2250, "z": 600 }
    }
  ],
  "bonuses": [
    {
      "name": "free-bonus",
      "free": true,
      "types": [ "nitro" ],
      "modes": [ "TDM", "DM", "CP", "CTF" ],
      "parachute": true,
      "position": {
        "min": { "x": -1000, "y": -8000, "z": 1575 },
        "max": { "x": -500, "y": -7500, "z": 1875 }
      },
      "rotation": { "x": 0, "y": 0, "z": 0 }
    },
    {
      "name": "free-bonus",
      "free": true,
      "types": [ "gold", "crystal" ],
      "modes": [ "TDM", "DM", "CTF" ],
      "parachute": true,
      "position": {
        "min": { "x": 4000, "y": 4000, "z": 1050 },
        "max": { "x": 4500, "y": 4500, "z": 1350 }
      },
      "rotation": { "x": 0, "y": 0, "z": 0 }
    },
    {
      "name": "free-bonus",
      "free": true,
      "types": [ "health" ],
      "modes": [ "TDM", "DM", "CP", "CTF" ],
      "parachute": true,
      "position": {
        "min": { "x": 3874.374, "y": -5466.297, "z": 1500 },
        "max": { "x": 4624.374, "y": -4966.297, "z": 1800 }
      },
      "rotation": { "x": 0, "y": 0, "z": 0 }
    },
    {
      "name": "free-bonus",
      "free": true,
      "types": [ "double_armor" ],
      "modes": [ "TDM", "DM", "CP", "CTF" ],
      "parachute": true,
      "position": {
        "min": { "x": 7375, "y": -6000, "z": 1500 },
        "max": { "x": 7875, "y": -5500, "z": 1800 }
      },
      "rotation": { "x": 0, "y": 0, "z": 0 }
    },
    {
      "name": "free-bonus",
      "free": true,
      "types": [ "double_armor" ],
      "modes": [ "TDM", "DM", "CP", "CTF" ],
      "parachute": true,
      "position": {
        "min": { "x": -4872.326, "y": -6500.572, "z": 1200 },
        "max": { "x": -4372.326, "y": -6000.572, "z": 1500 }
      },
      "rotation": { "x": 0, "y": 0, "z": 0 }
    },
    {
      "name": "free-bonus",
      "free": true,
      "types": [ "health" ],
      "modes": [ "TDM", "DM", "CP", "CTF" ],
      "parachute": true,
      "position": {
        "min": { "x": 3884.057, "y": 10948.725, "z": 900 },
        "max": { "x": 4634.057, "y": 11448.725, "z": 1200 }
      },
      "rotation": { "x": 0, "y": 0, "z": 0 }
    },
    {
      "name": "free-bonus",
      "free": true,
      "types": [ "gold" ],
      "modes": [ "TDM", "DM", "CP", "CTF" ],
      "parachute": true,
      "position": {
        "min": { "x": -4750, "y": 0, "z": 450 },
        "max": { "x": -4000, "y": 750, "z": 750 }
      },
      "rotation": { "x": 0, "y": 0, "z": 0 }
    },
    {
      "name": "free-bonus",
      "free": true,
      "types": [ "nitro" ],
      "modes": [ "TDM", "DM", "CP", "CTF" ],
      "parachute": true,
      "position": {
        "min": { "x": -4259.886, "y": 10979.672, "z": 1125 },
        "max": { "x": -3759.886, "y": 11479.672, "z": 1425 }
      },
      "rotation": { "x": 0, "y": 0, "z": 0 }
    },
    {
      "name": "free-bonus",
      "free": true,
      "types": [ "double_armor" ],
      "modes": [ "TDM", "DM", "CP", "CTF" ],
      "parachute": true,
      "position": {
        "min": { "x": 250, "y": 8125, "z": 900 },
        "max": { "x": 750, "y": 8875, "z": 1200 }
      },
      "rotation": { "x": 0, "y": 0, "z": 0 }
    },
    {
      "name": "free-bonus",
      "free": true,
      "types": [ "nitro" ],
      "modes": [ "TDM", "DM", "CP", "CTF" ],
      "parachute": true,
      "position": {
        "min": { "x": -4750, "y": 4375, "z": 825 },
        "max": { "x": -4250, "y": 4875, "z": 1125 }
      },
      "rotation": { "x": 0, "y": 0, "z": 0 }
    },
    {
      "name": "free-bonus",
      "free": true,
      "types": [ "double_damage" ],
      "modes": [ "TDM", "DM", "CP", "CTF" ],
      "parachute": true,
      "position": {
        "min": { "x": 500, "y": -8000, "z": 1800 },
        "max": { "x": 1000, "y": -7500, "z": 2100 }
      },
      "rotation": { "x": 0, "y": 0, "z": 0 }
    },
    {
      "name": "free-bonus",
      "free": true,
      "types": [ "double_armor" ],
      "modes": [ "TDM", "DM", "CP", "CTF" ],
      "parachute": true,
      "position": {
        "min": { "x": 9125, "y": 7375, "z": 900 },
        "max": { "x": 9625, "y": 7875, "z": 1200 }
      },
      "rotation": { "x": 0, "y": 0, "z": 0 }
    },
    {
      "name": "free-bonus",
      "free": true,
      "types": [ "gold", "crystal", "health" ],
      "modes": [ "TDM", "DM", "CP", "CTF" ],
      "parachute": true,
      "position": {
        "min": { "x": 1375, "y": -1625, "z": 450 },
        "max": { "x": 2125, "y": -875, "z": 750 }
      },
      "rotation": { "x": 0, "y": 0, "z": 0 }
    },
    {
      "name": "free-bonus",
      "free": true,
      "types": [ "gold", "crystal", "health" ],
      "modes": [ "TDM", "DM", "CP", "CTF" ],
      "parachute": true,
      "position": {
        "min": { "x": 685.751, "y": 3305.556, "z": 1050 },
        "max": { "x": 1885.751, "y": 4155.556, "z": 1350 }
      },
      "rotation": { "x": 0, "y": 0, "z": 0 }
    },
    {
      "name": "free-bonus",
      "free": true,
      "types": [ "nitro" ],
      "modes": [ "TDM", "DM", "CP", "CTF" ],
      "parachute": true,
      "position": {
        "min": { "x": 9048.565, "y": -405.2, "z": 1800 },
        "max": { "x": 9298.565, "y": 94.8, "z": 2100 }
      },
      "rotation": { "x": 0, "y": 0, "z": 0 }
    },
    {
      "name": "free-bonus",
      "free": true,
      "types": [ "double_damage" ],
      "modes": [ "TDM", "DM", "CP", "CTF" ],
      "parachute": true,
      "position": {
        "min": { "x": 4000, "y": -7875, "z": 1575 },
        "max": { "x": 4500, "y": -7375, "z": 1875 }
      },
      "rotation": { "x": 0, "y": 0, "z": 0 }
    },
    {
      "name": "free-bonus",
      "free": true,
      "types": [ "gold", "crystal", "health" ],
      "modes": [ "TDM", "DM", "CTF" ],
      "parachute": true,
      "position": {
        "min": { "x": -2717.342, "y": -1518.272, "z": 1350 },
        "max": { "x": -1817.342, "y": 481.728, "z": 1650 }
      },
      "rotation": { "x": 0, "y": 0, "z": 0 }
    },
    {
      "name": "free-bonus",
      "free": true,
      "types": [ "double_damage" ],
      "modes": [ "TDM", "DM", "CP", "CTF" ],
      "parachute": true,
      "position": {
        "min": { "x": 6250, "y": -750, "z": 300 },
        "max": { "x": 6750, "y": -250, "z": 600 }
      },
      "rotation": { "x": 0, "y": 0, "z": 0 }
    },
    {
      "name": "free-bonus",
      "free": true,
      "types": [ "gold", "crystal" ],
      "modes": [ "TDM", "DM", "CTF" ],
      "parachute": true,
      "position": {
        "min": { "x": 2500, "y": 2500, "z": 1050 },
        "max": { "x": 3000, "y": 3000, "z": 1350 }
      },
      "rotation": { "x": 0, "y": 0, "z": 0 }
    },
    {
      "name": "free-bonus",
      "free": true,
      "types": [ "double_damage" ],
      "modes": [ "TDM", "DM", "CP", "CTF" ],
      "parachute": true,
      "position": {
        "min": { "x": 6000, "y": 12750, "z": 900 },
        "max": { "x": 6500, "y": 13250, "z": 1200 }
      },
      "rotation": { "x": 0, "y": 0, "z": 0 }
    },
    {
      "name": "free-bonus",
      "free": true,
      "types": [ "gold", "crystal" ],
      "modes": [ "TDM", "DM", "CTF" ],
      "parachute": true,
      "position": {
        "min": { "x": 5500, "y": 5500, "z": 1050 },
        "max": { "x": 6000, "y": 6000, "z": 1350 }
      },
      "rotation": { "x": 0, "y": 0, "z": 0 }
    },
    {
      "name": "free-bonus",
      "free": true,
      "types": [ "double_armor" ],
      "modes": [ "TDM", "DM", "CP", "CTF" ],
      "parachute": true,
      "position": {
        "min": { "x": -4250, "y": -625, "z": 450 },
        "max": { "x": -3750, "y": 125, "z": 750 }
      },
      "rotation": { "x": 0, "y": 0, "z": 0 }
    },
    {
      "name": "free-bonus",
      "free": true,
      "types": [ "gold", "crystal", "health" ],
      "modes": [ "TDM", "DM", "CP", "CTF" ],
      "parachute": true,
      "position": {
        "min": { "x": 3812.5, "y": 500, "z": 900 },
        "max": { "x": 4662.5, "y": 1500, "z": 1200 }
      },
      "rotation": { "x": 0, "y": 0, "z": 0 }
    }
  ]
}
