{
  "name": "map_rift",
  "theme": "summer_day",

  "id": 943910,
  "preview": 466737,

  "visual": {
    "angleX": -1,
    "angleZ": -0.5,

    "lightColor": 13090219,
    "shadowColor": 5530735,

    "fogAlpha": 0.25,
    "fogColor": 14545407,

    "farLimit": 10000,
    "nearLimit": 5000,

    "gravity": 1000,
    "skyboxRevolutionSpeed": 0,
    "ssaoColor": 3025184,

    "dustAlpha": 0.75,
    "dustDensity": 0.15000000596046448,
    "dustFarDistance": 7000,
    "dustNearDistance": 5000,
    "dustParticle": "summer",
    "dustSize": 200
  },
  "skybox": "Mountains",
  "resources": {
    "proplibs": [
      "Bush",
      "Industrial Bridge",
      "Land Rise",
      "Land Rocks",
      "Land Tiles",
      "Outer Walls",
      "Promotion",
      "Stuffs",
      "Trees",
      "Waffle Fence"
    ],
    "map": { "id": 943910, "version": 1 }
  },
  "spawnPoints": [
    {
      "mode": "DM",
      "position": { "x": 4250, "y": -5750, "z": 0 },
      "rotation": { "x": 0, "y": 0, "z": 0 }
    },
    {
      "mode": "DM",
      "position": { "x": 4000, "y": 2500, "z": 600 },
      "rotation": { "x": 0, "y": 0, "z": 600 }
    },
    {
      "team": "RED",
      "position": { "x": 5000, "y": -4500, "z": 0 },
      "rotation": { "x": 0, "y": 0, "z": 0 }
    },
    {
      "mode": "DM",
      "position": { "x": -2750, "y": -5250, "z": 0 },
      "rotation": { "x": 0, "y": 0, "z": 0 }
    },
    {
      "team": "BLUE",
      "position": { "x": -3250, "y": 3250, "z": 900 },
      "rotation": { "x": 0, "y": 0, "z": 900 }
    },
    {
      "mode": "DM",
      "position": { "x": 3250, "y": -4250, "z": 0 },
      "rotation": { "x": 0, "y": 0, "z": 0 }
    },
    {
      "mode": "DM",
      "position": { "x": 2750, "y": 4750, "z": 0 },
      "rotation": { "x": 0, "y": 0, "z": 0 }
    },
    {
      "team": "RED",
      "position": { "x": 2250, "y": -5750, "z": 0 },
      "rotation": { "x": 0, "y": 0, "z": 0 }
    },
    {
      "team": "BLUE",
      "position": { "x": -1750, "y": 5250, "z": 0 },
      "rotation": { "x": 0, "y": 0, "z": 0 }
    },
    {
      "team": "BLUE",
      "position": { "x": -3500, "y": 4500, "z": 0 },
      "rotation": { "x": 0, "y": 0, "z": 0 }
    },
    {
      "mode": "DM",
      "position": { "x": 4000, "y": -2500, "z": 600 },
      "rotation": { "x": 0, "y": 0, "z": 600 }
    },
    {
      "mode": "DM",
      "position": { "x": -750, "y": 5750, "z": 0 },
      "rotation": { "x": 0, "y": 0, "z": 0 }
    },
    {
      "mode": "DM",
      "position": { "x": 1750, "y": 5750, "z": 0 },
      "rotation": { "x": 0, "y": 0, "z": 0 }
    },
    {
      "mode": "DM",
      "position": { "x": -750, "y": -2750, "z": 0 },
      "rotation": { "x": 0, "y": 0, "z": 0 }
    },
    {
      "mode": "DM",
      "position": { "x": 4750, "y": -5750, "z": 0 },
      "rotation": { "x": 0, "y": 0, "z": 0 }
    },
    {
      "mode": "DM",
      "position": { "x": -750, "y": 2750, "z": 0 },
      "rotation": { "x": 0, "y": 0, "z": 0 }
    },
    {
      "mode": "DM",
      "position": { "x": -2500, "y": 2500, "z": 600 },
      "rotation": { "x": 0, "y": 0, "z": 600 }
    },
    {
      "team": "RED",
      "position": { "x": -3250, "y": -3250, "z": 900 },
      "rotation": { "x": 0, "y": 0, "z": 900 }
    },
    {
      "team": "RED",
      "position": { "x": 5000, "y": -5000, "z": 0 },
      "rotation": { "x": 0, "y": 0, "z": 0 }
    },
    {
      "team": "RED",
      "position": { "x": -3250, "y": -5750, "z": 0 },
      "rotation": { "x": 0, "y": 0, "z": 0 }
    },
    {
      "mode": "DM",
      "position": { "x": 2250, "y": 2750, "z": 0 },
      "rotation": { "x": 0, "y": 0, "z": 0 }
    },
    {
      "mode": "DM",
      "position": { "x": -250, "y": -5750, "z": 0 },
      "rotation": { "x": 0, "y": 0, "z": 0 }
    },
    {
      "team": "BLUE",
      "position": { "x": -3500, "y": 5000, "z": 0 },
      "rotation": { "x": 0, "y": 0, "z": 0 }
    },
    {
      "mode": "DM",
      "position": { "x": 4000, "y": 1000, "z": 1500 },
      "rotation": { "x": 0, "y": 0, "z": 1500 }
    },
    {
      "team": "RED",
      "position": { "x": 4750, "y": -3250, "z": 900 },
      "rotation": { "x": 0, "y": 0, "z": 900 }
    },
    {
      "team": "BLUE",
      "position": { "x": 4750, "y": 3250, "z": 900 },
      "rotation": { "x": 0, "y": 0, "z": 900 }
    },
    {
      "team": "BLUE",
      "position": { "x": -750, "y": 5250, "z": 0 },
      "rotation": { "x": 0, "y": 0, "z": 0 }
    },
    {
      "team": "BLUE",
      "position": { "x": 2250, "y": 5750, "z": 0 },
      "rotation": { "x": 0, "y": 0, "z": 0 }
    },
    {
      "mode": "DM",
      "position": { "x": 2250, "y": -2750, "z": 0 },
      "rotation": { "x": 0, "y": 0, "z": 0 }
    },
    {
      "mode": "DM",
      "position": { "x": 4250, "y": 5250, "z": 0 },
      "rotation": { "x": 0, "y": 0, "z": 0 }
    },
    {
      "team": "RED",
      "position": { "x": -1250, "y": -4750, "z": 0 },
      "rotation": { "x": 0, "y": 0, "z": 0 }
    },
    {
      "mode": "DM",
      "position": { "x": -2500, "y": -2500, "z": 600 },
      "rotation": { "x": 0, "y": 0, "z": 600 }
    },
    {
      "team": "BLUE",
      "position": { "x": 3750, "y": 5250, "z": 0 },
      "rotation": { "x": 0, "y": 0, "z": 0 }
    },
    {
      "team": "BLUE",
      "position": { "x": 4500, "y": 4500, "z": 0 },
      "rotation": { "x": 0, "y": 0, "z": 0 }
    },
    {
      "team": "BLUE",
      "position": { "x": 3250, "y": 6750, "z": 0 },
      "rotation": { "x": 0, "y": 0, "z": 0 }
    },
    {
      "team": "RED",
      "position": { "x": 3250, "y": -5250, "z": 0 },
      "rotation": { "x": 0, "y": 0, "z": 0 }
    },
    {
      "team": "RED",
      "position": { "x": -3000, "y": -4500, "z": 0 },
      "rotation": { "x": 0, "y": 0, "z": 0 }
    },
    {
      "mode": "DM",
      "position": { "x": -3250, "y": 5750, "z": 0 },
      "rotation": { "x": 0, "y": 0, "z": 0 }
    },
    {
      "team": "RED",
      "position": { "x": -1250, "y": -7000, "z": 0 },
      "rotation": { "x": 0, "y": 0, "z": 0 }
    },
    {
      "mode": "DM",
      "position": { "x": -2500, "y": -1000, "z": 1500 },
      "rotation": { "x": 0, "y": 0, "z": 1500 }
    },
    {
      "mode": "DM",
      "position": { "x": 4250, "y": 4750, "z": 0 },
      "rotation": { "x": 0, "y": 0, "z": 0 }
    },
    {
      "mode": "DM",
      "position": { "x": -1750, "y": -4250, "z": 0 },
      "rotation": { "x": 0, "y": 0, "z": 0 }
    }
  ],
  "flags": {
    "RED": {
      "position": { "x": 750, "y": -6750, "z": 0 }
    },
    "BLUE": {
      "position": { "x": 750, "y": 6500, "z": 0 }
    }
  },
  "points": [
    {
      "id": "A",
      "distance": 1000,
      "free": false,
      "position": { "x": 3750, "y": 0, "z": 1500 }
    },
    {
      "id": "B",
      "distance": 1000,
      "free": false,
      "position": { "x": -2250, "y": 0, "z": 1500 }
    }
  ],
  "bonuses": [
    {
      "name": "free-bonus",
      "free": true,
      "types": [ "double_damage" ],
      "modes": [ "CP", "DM", "CTF", "TDM" ],
      "parachute": true,
      "position": {
        "min": { "x": -3000, "y": 4250, "z": 600 },
        "max": { "x": -2000, "y": 4750, "z": 900 }
      },
      "rotation": { "x": 0, "y": 0, "z": 0 }
    },
    {
      "name": "free-bonus",
      "free": true,
      "types": [ "double_damage" ],
      "modes": [ "CP", "DM", "CTF", "TDM" ],
      "parachute": true,
      "position": {
        "min": { "x": 3500, "y": -4750, "z": 600 },
        "max": { "x": 4500, "y": -4250, "z": 900 }
      },
      "rotation": { "x": 0, "y": 0, "z": 0 }
    },
    {
      "name": "free-bonus",
      "free": true,
      "types": [ "double_armor", "crystal" ],
      "modes": [ "CP", "DM", "CTF", "TDM" ],
      "parachute": true,
      "position": {
        "min": { "x": -3000, "y": -4750, "z": 600 },
        "max": { "x": -2000, "y": -4250, "z": 900 }
      },
      "rotation": { "x": 0, "y": 0, "z": 0 }
    },
    {
      "name": "free-bonus",
      "free": true,
      "types": [ "double_armor", "crystal" ],
      "modes": [ "CP", "DM", "TDM", "CTF" ],
      "parachute": true,
      "position": {
        "min": { "x": 3500, "y": 4250, "z": 600 },
        "max": { "x": 4500, "y": 4750, "z": 900 }
      },
      "rotation": { "x": 0, "y": 0, "z": 0 }
    },
    {
      "name": "free-bonus",
      "free": true,
      "types": [ "crystal" ],
      "modes": [ "CP", "DM", "CTF", "TDM" ],
      "parachute": true,
      "position": {
        "min": { "x": 250, "y": -375, "z": 75 },
        "max": { "x": 1250, "y": 375, "z": 375 }
      },
      "rotation": { "x": 0, "y": 0, "z": 0 }
    },
    {
      "name": "free-bonus",
      "free": true,
      "types": [ "gold" ],
      "modes": [ "CP", "DM", "CTF", "TDM" ],
      "parachute": true,
      "position": {
        "min": { "x": 0, "y": -125, "z": 2400 },
        "max": { "x": 1500, "y": 125, "z": 2700 }
      },
      "rotation": { "x": 0, "y": 0, "z": 0 }
    },
    {
      "name": "free-bonus",
      "free": true,
      "types": [ "nitro" ],
      "modes": [ "CP", "DM", "TDM", "CTF" ],
      "parachute": true,
      "position": {
        "min": { "x": 2125, "y": -250, "z": 600 },
        "max": { "x": 2375, "y": 250, "z": 900 }
      },
      "rotation": { "x": 0, "y": 0, "z": 0 }
    },
    {
      "name": "free-bonus",
      "free": true,
      "types": [ "gold", "health", "crystal" ],
      "modes": [ "DM", "CTF", "TDM" ],
      "parachute": true,
      "position": {
        "min": { "x": -2625, "y": -500, "z": 2250 },
        "max": { "x": -2125, "y": 500, "z": 2550 }
      },
      "rotation": { "x": 0, "y": 0, "z": 0 }
    },
    {
      "name": "free-bonus",
      "free": true,
      "types": [ "nitro" ],
      "modes": [ "CP", "DM", "CTF", "TDM" ],
      "parachute": true,
      "position": {
        "min": { "x": -875, "y": -250, "z": 600 },
        "max": { "x": -625, "y": 250, "z": 900 }
      },
      "rotation": { "x": 0, "y": 0, "z": 0 }
    },
    {
      "name": "free-bonus",
      "free": true,
      "types": [ "gold", "health", "crystal" ],
      "modes": [ "CP" ],
      "parachute": true,
      "position": {
        "min": { "x": 5250, "y": -500, "z": 2100 },
        "max": { "x": 5750, "y": 500, "z": 2400 }
      },
      "rotation": { "x": 0, "y": 0, "z": 0 }
    },
    {
      "name": "free-bonus",
      "free": true,
      "types": [ "gold" ],
      "modes": [ "CP" ],
      "parachute": true,
      "position": {
        "min": { "x": 250, "y": -500, "z": 300 },
        "max": { "x": 1250, "y": 250, "z": 600 }
      },
      "rotation": { "x": 0, "y": 0, "z": 0 }
    },
    {
      "name": "free-bonus",
      "free": true,
      "types": [ "gold", "health", "crystal" ],
      "modes": [ "DM", "TDM", "CTF" ],
      "parachute": true,
      "position": {
        "min": { "x": 3625, "y": -500, "z": 2250 },
        "max": { "x": 4125, "y": 500, "z": 2550 }
      },
      "rotation": { "x": 0, "y": 0, "z": 0 }
    },
    {
      "name": "free-bonus",
      "free": true,
      "types": [ "health", "crystal" ],
      "modes": [ "CP" ],
      "parachute": true,
      "position": {
        "min": { "x": -4250, "y": -500, "z": 2100 },
        "max": { "x": -3750, "y": 500, "z": 2400 }
      },
      "rotation": { "x": 0, "y": 0, "z": 0 }
    }
  ]
}
