{
  "id": "wrench",
  "index": 200,

  "name": {
    "en": "Wrench",
    "ru": "Гаечный ключ"
  },
  "description": {
    "en": "A golden wrench is the perfect gift, even for tankers with the most sophisticated taste.",
    "ru": "Золотой гаечный ключ, который не стыдно подарить даже самому искушённому танкисту."
  },

  "baseItemId": 978053,
  "previewResourceId": 978053,

  "rank": 7,
  "price": 10000,

  "properties": [ ]
}
