{
  "name": "map_canyon",
  "theme": "winter_day",

  "id": 849494,
  "preview": 448649,

  "visual": {
    "angleX": -1,
    "angleZ": -0.5,

    "lightColor": 8419955,
    "shadowColor": 6184542,

    "fogAlpha": 0.25,
    "fogColor": 15333375,

    "farLimit": 10000,
    "nearLimit": 5000,

    "gravity": 1000,
    "skyboxRevolutionSpeed": 0,
    "ssaoColor": 2045258,

    "dustAlpha": 0.8999999761581421,
    "dustDensity": 0.15000000596046448,
    "dustFarDistance": 7000,
    "dustNearDistance": 5000,
    "dustParticle": "winter",
    "dustSize": 200
  },
  "skybox": "Winter",
  "resources": {
    "proplibs": [
      "Broken Walls Winter",
      "Bush Winter",
      "City Buildings Winter",
      "City Builds Winter",
      "Desert Houses Winter",
      "Hangars Winter",
      "Industrial Bridge Winter",
      "Industrial Elements Winter",
      "Land Rocks Winter",
      "Land Tiles Winter",
      "Outer Walls Winter",
      "Promotion Winter",
      "Stuffs Winter",
      "Trees Winter",
      "Village Builds Winter",
      "Waffle Fence Winter"
    ],
    "map": { "id": 849494, "version": 1 }
  },
  "spawnPoints": [
    {
      "team": "BLUE",
      "position": { "x": -2750, "y": -2625, "z": 600 },
      "rotation": { "x": 0, "y": 0, "z": 600 }
    },
    {
      "mode": "DM",
      "position": { "x": -1312.5, "y": 2062.5, "z": -300 },
      "rotation": { "x": 0, "y": 0, "z": -300 }
    },
    {
      "mode": "DM",
      "position": { "x": 250, "y": 1250, "z": 0 },
      "rotation": { "x": 0, "y": 0, "z": 0 }
    },
    {
      "mode": "DM",
      "position": { "x": -1750, "y": -3187.5, "z": 0 },
      "rotation": { "x": 0, "y": 0, "z": 0 }
    },
    {
      "team": "RED",
      "position": { "x": 4000, "y": 2250, "z": 300 },
      "rotation": { "x": 0, "y": 0, "z": 300 }
    },
    {
      "mode": "DM",
      "position": { "x": -3750, "y": -1750, "z": 600 },
      "rotation": { "x": 0, "y": 0, "z": 600 }
    },
    {
      "mode": "DM",
      "position": { "x": 1312.5, "y": -5562.5, "z": 1200 },
      "rotation": { "x": 0, "y": 0, "z": 1200 }
    },
    {
      "mode": "DM",
      "position": { "x": 5562.5, "y": -1125, "z": -300 },
      "rotation": { "x": 0, "y": 0, "z": -300 }
    },
    {
      "mode": "DM",
      "position": { "x": -3687.5, "y": 1750, "z": 0 },
      "rotation": { "x": 0, "y": 0, "z": 0 }
    },
    {
      "mode": "DM",
      "position": { "x": -3687.5, "y": 2250, "z": 0 },
      "rotation": { "x": 0, "y": 0, "z": 0 }
    },
    {
      "mode": "DM",
      "position": { "x": 5687.5, "y": -375, "z": -300 },
      "rotation": { "x": 0, "y": 0, "z": -300 }
    },
    {
      "team": "RED",
      "position": { "x": 3250, "y": -3750, "z": 1200 },
      "rotation": { "x": 0, "y": 0, "z": 1200 }
    },
    {
      "team": "BLUE",
      "position": { "x": -3750, "y": 3625, "z": 0 },
      "rotation": { "x": 0, "y": 0, "z": 0 }
    },
    {
      "team": "RED",
      "position": { "x": 4250, "y": -4687.5, "z": 1200 },
      "rotation": { "x": 0, "y": 0, "z": 1200 }
    },
    {
      "team": "BLUE",
      "position": { "x": -2875, "y": -750, "z": 600 },
      "rotation": { "x": 0, "y": 0, "z": 600 }
    },
    {
      "team": "BLUE",
      "position": { "x": -3250, "y": 3625, "z": 0 },
      "rotation": { "x": 0, "y": 0, "z": 0 }
    },
    {
      "mode": "DM",
      "position": { "x": 4000, "y": 437.5, "z": -300 },
      "rotation": { "x": 0, "y": 0, "z": -300 }
    },
    {
      "mode": "DM",
      "position": { "x": 6500, "y": 2250, "z": 1200 },
      "rotation": { "x": 0, "y": 0, "z": 1200 }
    },
    {
      "mode": "DM",
      "position": { "x": -3687.5, "y": 3250, "z": 0 },
      "rotation": { "x": 0, "y": 0, "z": 0 }
    },
    {
      "team": "RED",
      "position": { "x": 5187.5, "y": 4562.5, "z": 1200 },
      "rotation": { "x": 0, "y": 0, "z": 1200 }
    },
    {
      "team": "RED",
      "position": { "x": 6000, "y": -62.5, "z": -300 },
      "rotation": { "x": 0, "y": 0, "z": -300 }
    },
    {
      "mode": "DM",
      "position": { "x": -2187.5, "y": 1062.5, "z": -300 },
      "rotation": { "x": 0, "y": 0, "z": -300 }
    },
    {
      "mode": "DM",
      "position": { "x": 1250, "y": 2250, "z": 900 },
      "rotation": { "x": 0, "y": 0, "z": 900 }
    },
    {
      "team": "BLUE",
      "position": { "x": -3750, "y": -125, "z": -225 },
      "rotation": { "x": 0, "y": 0, "z": -225 }
    },
    {
      "mode": "DM",
      "position": { "x": 5125, "y": 2625, "z": 600 },
      "rotation": { "x": 0, "y": 0, "z": 600 }
    },
    {
      "team": "BLUE",
      "position": { "x": -2750, "y": 250, "z": 600 },
      "rotation": { "x": 0, "y": 0, "z": 600 }
    },
    {
      "mode": "DM",
      "position": { "x": 3125, "y": 4250, "z": 1200 },
      "rotation": { "x": 0, "y": 0, "z": 1200 }
    },
    {
      "mode": "DM",
      "position": { "x": 5250, "y": -2750, "z": 1200 },
      "rotation": { "x": 0, "y": 0, "z": 1200 }
    },
    {
      "mode": "DM",
      "position": { "x": -812.5, "y": 2062.5, "z": -300 },
      "rotation": { "x": 0, "y": 0, "z": -300 }
    },
    {
      "mode": "DM",
      "position": { "x": 6562.5, "y": 2687.5, "z": 1200 },
      "rotation": { "x": 0, "y": 0, "z": 1200 }
    },
    {
      "team": "BLUE",
      "position": { "x": -1375, "y": 1812.5, "z": 600 },
      "rotation": { "x": 0, "y": 0, "z": 600 }
    },
    {
      "team": "RED",
      "position": { "x": 6250, "y": 2750, "z": 1200 },
      "rotation": { "x": 0, "y": 0, "z": 1200 }
    },
    {
      "team": "BLUE",
      "position": { "x": -2812.5, "y": -125, "z": -300 },
      "rotation": { "x": 0, "y": 0, "z": -300 }
    },
    {
      "mode": "DM",
      "position": { "x": 4187.5, "y": -875, "z": -300 },
      "rotation": { "x": 0, "y": 0, "z": -300 }
    },
    {
      "team": "RED",
      "position": { "x": 5937.5, "y": -1125, "z": -300 },
      "rotation": { "x": 0, "y": 0, "z": -300 }
    },
    {
      "mode": "DM",
      "position": { "x": 6750, "y": -4750, "z": 1800 },
      "rotation": { "x": 0, "y": 0, "z": 1800 }
    },
    {
      "team": "BLUE",
      "position": { "x": -1750, "y": 3750, "z": 600 },
      "rotation": { "x": 0, "y": 0, "z": 600 }
    },
    {
      "team": "RED",
      "position": { "x": 5250, "y": 1250, "z": 600 },
      "rotation": { "x": 0, "y": 0, "z": 600 }
    },
    {
      "mode": "DM",
      "position": { "x": -3750, "y": 250, "z": 600 },
      "rotation": { "x": 0, "y": 0, "z": 600 }
    },
    {
      "mode": "DM",
      "position": { "x": 187.5, "y": -3125, "z": 0 },
      "rotation": { "x": 0, "y": 0, "z": 0 }
    },
    {
      "mode": "DM",
      "position": { "x": 5250, "y": 4250, "z": 1200 },
      "rotation": { "x": 0, "y": 0, "z": 1200 }
    },
    {
      "team": "RED",
      "position": { "x": 5375, "y": 0, "z": -300 },
      "rotation": { "x": 0, "y": 0, "z": -300 }
    },
    {
      "team": "RED",
      "position": { "x": 3937.5, "y": -1062.5, "z": -300 },
      "rotation": { "x": 0, "y": 0, "z": -300 }
    },
    {
      "mode": "DM",
      "position": { "x": -750, "y": 4250, "z": 600 },
      "rotation": { "x": 0, "y": 0, "z": 600 }
    },
    {
      "mode": "DM",
      "position": { "x": 6250, "y": -750, "z": 1500 },
      "rotation": { "x": 0, "y": 0, "z": 1500 }
    },
    {
      "mode": "DM",
      "position": { "x": -3312.5, "y": 1750, "z": 0 },
      "rotation": { "x": 0, "y": 0, "z": 0 }
    },
    {
      "mode": "DM",
      "position": { "x": -750, "y": 3250, "z": 600 },
      "rotation": { "x": 0, "y": 0, "z": 600 }
    },
    {
      "team": "RED",
      "position": { "x": 7250, "y": -4750, "z": 1800 },
      "rotation": { "x": 0, "y": 0, "z": 1800 }
    },
    {
      "mode": "DM",
      "position": { "x": -3250, "y": -125, "z": -225 },
      "rotation": { "x": 0, "y": 0, "z": -225 }
    },
    {
      "team": "RED",
      "position": { "x": 3250, "y": 750, "z": 600 },
      "rotation": { "x": 0, "y": 0, "z": 600 }
    },
    {
      "team": "RED",
      "position": { "x": 6000, "y": 250, "z": 600 },
      "rotation": { "x": 0, "y": 0, "z": 600 }
    },
    {
      "team": "RED",
      "position": { "x": 3250, "y": -1250, "z": 600 },
      "rotation": { "x": 0, "y": 0, "z": 600 }
    },
    {
      "mode": "DM",
      "position": { "x": 3750, "y": -4250, "z": 1200 },
      "rotation": { "x": 0, "y": 0, "z": 1200 }
    },
    {
      "mode": "DM",
      "position": { "x": 2562.5, "y": -5687.5, "z": 1200 },
      "rotation": { "x": 0, "y": 0, "z": 1200 }
    },
    {
      "team": "BLUE",
      "position": { "x": -1375, "y": 250, "z": -300 },
      "rotation": { "x": 0, "y": 0, "z": -300 }
    },
    {
      "mode": "DM",
      "position": { "x": -2250, "y": 1750, "z": 600 },
      "rotation": { "x": 0, "y": 0, "z": 600 }
    },
    {
      "mode": "DM",
      "position": { "x": -3750, "y": -750, "z": 600 },
      "rotation": { "x": 0, "y": 0, "z": 600 }
    },
    {
      "team": "BLUE",
      "position": { "x": -3687.5, "y": 2750, "z": 0 },
      "rotation": { "x": 0, "y": 0, "z": 0 }
    },
    {
      "team": "RED",
      "position": { "x": 6000, "y": -1312.5, "z": 600 },
      "rotation": { "x": 0, "y": 0, "z": 600 }
    },
    {
      "mode": "DM",
      "position": { "x": 4250, "y": -4250, "z": 1200 },
      "rotation": { "x": 0, "y": 0, "z": 1200 }
    }
  ],
  "flags": {
    "RED": {
      "position": { "x": 4250, "y": -250, "z": -300 }
    },
    "BLUE": {
      "position": { "x": -3250, "y": 2750, "z": 0 }
    }
  },
  "bonuses": [
    {
      "name": "free-bonus",
      "free": true,
      "types": [ "health" ],
      "modes": [ "CP", "DM", "TDM", "CTF" ],
      "parachute": true,
      "position": {
        "min": { "x": 4750, "y": 3750, "z": 1950 },
        "max": { "x": 5250, "y": 4250, "z": 2250 }
      },
      "rotation": { "x": 0, "y": 0, "z": 0 }
    },
    {
      "name": "free-bonus",
      "free": true,
      "types": [ "nitro" ],
      "modes": [ "CP", "DM", "TDM", "CTF" ],
      "parachute": true,
      "position": {
        "min": { "x": 3500, "y": -3250, "z": 1650 },
        "max": { "x": 4000, "y": -2750, "z": 1950 }
      },
      "rotation": { "x": 0, "y": 0, "z": 0 }
    },
    {
      "name": "free-bonus",
      "free": true,
      "types": [ "double_damage" ],
      "modes": [ "CP", "DM", "TDM", "CTF" ],
      "parachute": true,
      "position": {
        "min": { "x": -3062.5, "y": -2750, "z": 1350 },
        "max": { "x": -2562.5, "y": -2250, "z": 1650 }
      },
      "rotation": { "x": 0, "y": 0, "z": 0 }
    },
    {
      "name": "free-bonus",
      "free": true,
      "types": [ "crystal" ],
      "modes": [ "CP", "DM", "TDM", "CTF" ],
      "parachute": true,
      "position": {
        "min": { "x": 1500, "y": -750, "z": 600 },
        "max": { "x": 2000, "y": -250, "z": 900 }
      },
      "rotation": { "x": 0, "y": 0, "z": 0 }
    },
    {
      "name": "free-bonus",
      "free": true,
      "types": [ "double_armor" ],
      "modes": [ "CP", "DM", "TDM", "CTF" ],
      "parachute": true,
      "position": {
        "min": { "x": -3750, "y": 1750, "z": 1350 },
        "max": { "x": -3250, "y": 2250, "z": 1650 }
      },
      "rotation": { "x": 0, "y": 0, "z": 0 }
    },
    {
      "name": "free-bonus",
      "free": true,
      "types": [ "nitro" ],
      "modes": [ "CP", "DM", "TDM", "CTF" ],
      "parachute": true,
      "position": {
        "min": { "x": -1750, "y": -500, "z": 1650 },
        "max": { "x": -1250, "y": 0, "z": 1950 }
      },
      "rotation": { "x": 0, "y": 0, "z": 0 }
    },
    {
      "name": "free-bonus",
      "free": true,
      "types": [ "health" ],
      "modes": [ "CP", "DM", "TDM", "CTF" ],
      "parachute": true,
      "position": {
        "min": { "x": -3625, "y": -625, "z": 1425 },
        "max": { "x": -2875, "y": 125, "z": 1725 }
      },
      "rotation": { "x": 0, "y": 0, "z": 0 }
    },
    {
      "name": "free-bonus",
      "free": true,
      "types": [ "crystal" ],
      "modes": [ "CP", "DM", "TDM", "CTF" ],
      "parachute": true,
      "position": {
        "min": { "x": -125, "y": 3875, "z": 1425 },
        "max": { "x": 625, "y": 4375, "z": 1725 }
      },
      "rotation": { "x": 0, "y": 0, "z": 0 }
    },
    {
      "name": "free-bonus",
      "free": true,
      "types": [ "gold", "crystal" ],
      "modes": [ "CP", "DM", "TDM", "CTF" ],
      "parachute": true,
      "position": {
        "min": { "x": 0, "y": -2500, "z": 600 },
        "max": { "x": 500, "y": -1500, "z": 1050 }
      },
      "rotation": { "x": 0, "y": 0, "z": 0 }
    },
    {
      "name": "free-bonus",
      "free": true,
      "types": [ "nitro" ],
      "modes": [ "CP", "DM", "TDM", "CTF" ],
      "parachute": true,
      "position": {
        "min": { "x": -1875, "y": 2500, "z": 1350 },
        "max": { "x": -1375, "y": 3000, "z": 1650 }
      },
      "rotation": { "x": 0, "y": 0, "z": 0 }
    },
    {
      "name": "free-bonus",
      "free": true,
      "types": [ "double_armor" ],
      "modes": [ "CP", "DM", "TDM", "CTF" ],
      "parachute": true,
      "position": {
        "min": { "x": -1250, "y": 1125, "z": 1725 },
        "max": { "x": -750, "y": 1375, "z": 2025 }
      },
      "rotation": { "x": 0, "y": 0, "z": 0 }
    },
    {
      "name": "free-bonus",
      "free": true,
      "types": [ "double_armor" ],
      "modes": [ "CP", "DM", "TDM", "CTF" ],
      "parachute": true,
      "position": {
        "min": { "x": 1812.5, "y": 2125, "z": 1725 },
        "max": { "x": 2312.5, "y": 2375, "z": 2025 }
      },
      "rotation": { "x": 0, "y": 0, "z": 0 }
    },
    {
      "name": "free-bonus",
      "free": true,
      "types": [ "double_damage" ],
      "modes": [ "CP", "DM", "TDM", "CTF" ],
      "parachute": true,
      "position": {
        "min": { "x": 6125, "y": -500, "z": 2100 },
        "max": { "x": 6375, "y": 0, "z": 2400 }
      },
      "rotation": { "x": 0, "y": 0, "z": 0 }
    },
    {
      "name": "free-bonus",
      "free": true,
      "types": [ "gold", "crystal" ],
      "modes": [ "CP", "DM", "TDM", "CTF" ],
      "parachute": true,
      "position": {
        "min": { "x": 0, "y": -1000, "z": 600 },
        "max": { "x": 500, "y": 0, "z": 1050 }
      },
      "rotation": { "x": 0, "y": 0, "z": 0 }
    },
    {
      "name": "free-bonus",
      "free": true,
      "types": [ "double_armor" ],
      "modes": [ "CP", "DM", "TDM", "CTF" ],
      "parachute": true,
      "position": {
        "min": { "x": 5625, "y": -750, "z": 750 },
        "max": { "x": 5875, "y": -250, "z": 1050 }
      },
      "rotation": { "x": 0, "y": 0, "z": 0 }
    },
    {
      "name": "free-bonus",
      "free": true,
      "types": [ "nitro" ],
      "modes": [ "CP", "DM", "TDM", "CTF" ],
      "parachute": true,
      "position": {
        "min": { "x": 3750, "y": 1750, "z": 1350 },
        "max": { "x": 4250, "y": 2250, "z": 1650 }
      },
      "rotation": { "x": 0, "y": 0, "z": 0 }
    },
    {
      "name": "free-bonus",
      "free": true,
      "types": [ "crystal" ],
      "modes": [ "CP", "DM", "TDM", "CTF" ],
      "parachute": true,
      "position": {
        "min": { "x": 3375, "y": -4500, "z": 1950 },
        "max": { "x": 4125, "y": -4000, "z": 2250 }
      },
      "rotation": { "x": 0, "y": 0, "z": 0 }
    },
    {
      "name": "free-bonus",
      "free": true,
      "types": [ "crystal" ],
      "modes": [ "CP", "DM", "TDM", "CTF" ],
      "parachute": true,
      "position": {
        "min": { "x": -1625, "y": -3125, "z": 600 },
        "max": { "x": -1125, "y": -2625, "z": 900 }
      },
      "rotation": { "x": 0, "y": 0, "z": 0 }
    }
  ]
}
