{
  "name": "map_stadium",
  "theme": "summer_night",

  "id": 850881,
  "preview": 196847,

  "visual": {
    "angleX": -1,
    "angleZ": -1.899999976158142,

    "lightColor": 4216936,
    "shadowColor": 1382169,

    "fogAlpha": 0.25,
    "fogColor": 68116,

    "farLimit": 10000,
    "nearLimit": 5000,

    "gravity": 1000,
    "skyboxRevolutionSpeed": 0,
    "ssaoColor": 2045258,

    "dustAlpha": 0.75,
    "dustDensity": 0.15000000596046448,
    "dustFarDistance": 7000,
    "dustNearDistance": 5000,
    "dustParticle": "summer",
    "dustSize": 200
  },
  "skybox": "Mountains Night",
  "resources": {
    "proplibs": [
      "Industrial Bridge",
      "Land Tiles",
      "Outer Walls",
      "Promotion",
      "Waffle Fence"
    ],
    "map": { "id": 850881, "version": 1 }
  },
  "spawnPoints": [
    {
      "team": "BLUE",
      "position": { "x": 9875, "y": -8250, "z": 1200 },
      "rotation": { "x": 0, "y": 0, "z": 1200 }
    },
    {
      "team": "BLUE",
      "position": { "x": 9875, "y": 2250, "z": 1200 },
      "rotation": { "x": 0, "y": 0, "z": 1200 }
    },
    {
      "mode": "DM",
      "position": { "x": -9125, "y": -7250, "z": 1200 },
      "rotation": { "x": 0, "y": 0, "z": 1200 }
    },
    {
      "mode": "DM",
      "position": { "x": 8750, "y": 3750, "z": 600 },
      "rotation": { "x": 0, "y": 0, "z": 600 }
    },
    {
      "team": "BLUE",
      "position": { "x": 9875, "y": 250, "z": 1200 },
      "rotation": { "x": 0, "y": 0, "z": 1200 }
    },
    {
      "team": "RED",
      "position": { "x": -8875, "y": 5250, "z": 1200 },
      "rotation": { "x": 0, "y": 0, "z": 1200 }
    },
    {
      "mode": "DM",
      "position": { "x": 7500, "y": -11000, "z": 300 },
      "rotation": { "x": 0, "y": 0, "z": 300 }
    },
    {
      "team": "BLUE",
      "position": { "x": 9875, "y": -10750, "z": 1200 },
      "rotation": { "x": 0, "y": 0, "z": 1200 }
    },
    {
      "mode": "DM",
      "position": { "x": 7125, "y": -7875, "z": 300 },
      "rotation": { "x": 0, "y": 0, "z": 300 }
    },
    {
      "mode": "DM",
      "position": { "x": 8750, "y": -6250, "z": 600 },
      "rotation": { "x": 0, "y": 0, "z": 600 }
    },
    {
      "team": "RED",
      "position": { "x": -8875, "y": 2250, "z": 1200 },
      "rotation": { "x": 0, "y": 0, "z": 1200 }
    },
    {
      "mode": "DM",
      "position": { "x": -6250, "y": 2750, "z": 300 },
      "rotation": { "x": 0, "y": 0, "z": 300 }
    },
    {
      "mode": "DM",
      "position": { "x": 7250, "y": -750, "z": 300 },
      "rotation": { "x": 0, "y": 0, "z": 300 }
    },
    {
      "mode": "DM",
      "position": { "x": 7500, "y": 5500, "z": 300 },
      "rotation": { "x": 0, "y": 0, "z": 300 }
    },
    {
      "mode": "DM",
      "position": { "x": 8750, "y": 250, "z": 600 },
      "rotation": { "x": 0, "y": 0, "z": 600 }
    },
    {
      "team": "BLUE",
      "position": { "x": 9875, "y": -687.5, "z": 1200 },
      "rotation": { "x": 0, "y": 0, "z": 1200 }
    },
    {
      "team": "RED",
      "position": { "x": -8875, "y": -9750, "z": 1200 },
      "rotation": { "x": 0, "y": 0, "z": 1200 }
    },
    {
      "mode": "DM",
      "position": { "x": 10125, "y": 1750, "z": 1200 },
      "rotation": { "x": 0, "y": 0, "z": 1200 }
    },
    {
      "mode": "DM",
      "position": { "x": 8750, "y": -9250, "z": 600 },
      "rotation": { "x": 0, "y": 0, "z": 600 }
    },
    {
      "mode": "DM",
      "position": { "x": -6500, "y": 5500, "z": 300 },
      "rotation": { "x": 0, "y": 0, "z": 300 }
    },
    {
      "team": "RED",
      "position": { "x": -8875, "y": 3250, "z": 1200 },
      "rotation": { "x": 0, "y": 0, "z": 1200 }
    },
    {
      "mode": "DM",
      "position": { "x": -7750, "y": -6250, "z": 600 },
      "rotation": { "x": 0, "y": 0, "z": 600 }
    },
    {
      "team": "RED",
      "position": { "x": -8875, "y": -6250, "z": 1200 },
      "rotation": { "x": 0, "y": 0, "z": 1200 }
    },
    {
      "team": "RED",
      "position": { "x": -8875, "y": -4937.5, "z": 1200 },
      "rotation": { "x": 0, "y": 0, "z": 1200 }
    },
    {
      "team": "RED",
      "position": { "x": -8875, "y": -7812.5, "z": 1200 },
      "rotation": { "x": 0, "y": 0, "z": 1200 }
    },
    {
      "mode": "DM",
      "position": { "x": 7125, "y": -5125, "z": 300 },
      "rotation": { "x": 0, "y": 0, "z": 300 }
    },
    {
      "team": "RED",
      "position": { "x": -8875, "y": -562.5, "z": 1200 },
      "rotation": { "x": 0, "y": 0, "z": 1200 }
    },
    {
      "team": "BLUE",
      "position": { "x": 9875, "y": 4750, "z": 1200 },
      "rotation": { "x": 0, "y": 0, "z": 1200 }
    },
    {
      "team": "BLUE",
      "position": { "x": 9875, "y": -5250, "z": 1200 },
      "rotation": { "x": 0, "y": 0, "z": 1200 }
    },
    {
      "mode": "CP",
      "point": "B",
      "position": { "x": -7750, "y": 750, "z": 600 },
      "rotation": { "x": 0, "y": 0, "z": 600 }
    },
    {
      "team": "BLUE",
      "position": { "x": 9875, "y": 1250, "z": 1200 },
      "rotation": { "x": 0, "y": 0, "z": 1200 }
    },
    {
      "mode": "CP",
      "point": "C",
      "position": { "x": 8750, "y": -9250, "z": 600 },
      "rotation": { "x": 0, "y": 0, "z": 600 }
    },
    {
      "mode": "CP",
      "point": "C",
      "position": { "x": -7750, "y": -6250, "z": 600 },
      "rotation": { "x": 0, "y": 0, "z": 600 }
    },
    {
      "mode": "DM",
      "position": { "x": -9125, "y": 1750, "z": 1200 },
      "rotation": { "x": 0, "y": 0, "z": 1200 }
    },
    {
      "team": "BLUE",
      "position": { "x": 9875, "y": -5750, "z": 1200 },
      "rotation": { "x": 0, "y": 0, "z": 1200 }
    },
    {
      "team": "BLUE",
      "position": { "x": 9875, "y": -7250, "z": 1200 },
      "rotation": { "x": 0, "y": 0, "z": 1200 }
    },
    {
      "mode": "CP",
      "point": "C",
      "position": { "x": -7750, "y": -9250, "z": 600 },
      "rotation": { "x": 0, "y": 0, "z": 600 }
    },
    {
      "team": "RED",
      "position": { "x": -8875, "y": -10750, "z": 1200 },
      "rotation": { "x": 0, "y": 0, "z": 1200 }
    },
    {
      "team": "BLUE",
      "position": { "x": 9875, "y": -9250, "z": 1200 },
      "rotation": { "x": 0, "y": 0, "z": 1200 }
    },
    {
      "mode": "CP",
      "point": "B",
      "position": { "x": 8750, "y": 3750, "z": 600 },
      "rotation": { "x": 0, "y": 0, "z": 600 }
    },
    {
      "mode": "CP",
      "point": "B",
      "position": { "x": -7375, "y": 3750, "z": 600 },
      "rotation": { "x": 0, "y": 0, "z": 600 }
    },
    {
      "mode": "CP",
      "point": "C",
      "position": { "x": 8750, "y": -6250, "z": 600 },
      "rotation": { "x": 0, "y": 0, "z": 600 }
    },
    {
      "mode": "DM",
      "position": { "x": -6250, "y": -5750, "z": 300 },
      "rotation": { "x": 0, "y": 0, "z": 300 }
    },
    {
      "mode": "CP",
      "point": "B",
      "position": { "x": 8750, "y": 250, "z": 600 },
      "rotation": { "x": 0, "y": 0, "z": 600 }
    },
    {
      "team": "RED",
      "position": { "x": -8875, "y": 750, "z": 1200 },
      "rotation": { "x": 0, "y": 0, "z": 1200 }
    },
    {
      "mode": "DM",
      "position": { "x": -7750, "y": 750, "z": 600 },
      "rotation": { "x": 0, "y": 0, "z": 600 }
    },
    {
      "mode": "DM",
      "position": { "x": -7750, "y": -9250, "z": 600 },
      "rotation": { "x": 0, "y": 0, "z": 600 }
    },
    {
      "team": "BLUE",
      "position": { "x": 9875, "y": 2750, "z": 1200 },
      "rotation": { "x": 0, "y": 0, "z": 1200 }
    },
    {
      "mode": "DM",
      "position": { "x": 10125, "y": -7750, "z": 1200 },
      "rotation": { "x": 0, "y": 0, "z": 1200 }
    },
    {
      "mode": "DM",
      "position": { "x": -6125, "y": -750, "z": 300 },
      "rotation": { "x": 0, "y": 0, "z": 300 }
    },
    {
      "mode": "DM",
      "position": { "x": -6500, "y": -11000, "z": 300 },
      "rotation": { "x": 0, "y": 0, "z": 300 }
    },
    {
      "mode": "DM",
      "position": { "x": -7375, "y": 3750, "z": 600 },
      "rotation": { "x": 0, "y": 0, "z": 600 }
    },
    {
      "team": "RED",
      "position": { "x": -8875, "y": 4250, "z": 1200 },
      "rotation": { "x": 0, "y": 0, "z": 1200 }
    },
    {
      "team": "RED",
      "position": { "x": -8875, "y": -8750, "z": 1200 },
      "rotation": { "x": 0, "y": 0, "z": 1200 }
    }
  ],
  "flags": {
    "RED": {
      "position": { "x": 500, "y": 4250, "z": 0 }
    },
    "BLUE": {
      "position": { "x": 500, "y": -9750, "z": 0 }
    }
  },
  "points": [
    {
      "id": "C",
      "distance": 900,
      "free": false,
      "position": { "x": 500, "y": 4000, "z": 0 }
    },
    {
      "id": "A",
      "distance": 1000,
      "free": false,
      "position": { "x": 500, "y": -2750, "z": 0 }
    },
    {
      "id": "B",
      "distance": 900,
      "free": false,
      "position": { "x": 500, "y": -9500, "z": 0 }
    }
  ],
  "bonuses": [
    {
      "name": "free-bonus",
      "free": true,
      "types": [ "nitro", "double_armor" ],
      "modes": [ "CP", "DM", "CTF", "TDM" ],
      "parachute": true,
      "position": {
        "min": { "x": -1500, "y": -1750, "z": 1800 },
        "max": { "x": 0, "y": -250, "z": 2700 }
      },
      "rotation": { "x": 0, "y": 0, "z": 0 }
    },
    {
      "name": "free-bonus",
      "free": true,
      "types": [ "double_damage" ],
      "modes": [ "CP", "DM", "CTF", "TDM" ],
      "parachute": true,
      "position": {
        "min": { "x": -6500, "y": -7500, "z": 1200 },
        "max": { "x": -6000, "y": -6000, "z": 1500 }
      },
      "rotation": { "x": 0, "y": 0, "z": 0 }
    },
    {
      "name": "free-bonus",
      "free": true,
      "types": [ "crystal", "gold" ],
      "modes": [ "DM", "CTF", "TDM" ],
      "parachute": true,
      "position": {
        "min": { "x": -750, "y": -2750, "z": 2100 },
        "max": { "x": 1750, "y": 250, "z": 2700 }
      },
      "rotation": { "x": 0, "y": 0, "z": 0 }
    },
    {
      "name": "free-bonus",
      "free": true,
      "types": [ "crystal", "gold" ],
      "modes": [ "CP" ],
      "parachute": true,
      "position": {
        "min": { "x": -750, "y": -250, "z": 2100 },
        "max": { "x": 1750, "y": 1750, "z": 2700 }
      },
      "rotation": { "x": 0, "y": 0, "z": 0 }
    },
    {
      "name": "free-bonus",
      "free": true,
      "types": [ "crystal", "gold" ],
      "modes": [ "DM", "CTF", "TDM" ],
      "parachute": true,
      "position": {
        "min": { "x": -750, "y": -5750, "z": 2100 },
        "max": { "x": 1750, "y": -2750, "z": 2700 }
      },
      "rotation": { "x": 0, "y": 0, "z": 0 }
    },
    {
      "name": "free-bonus",
      "free": true,
      "types": [ "crystal", "gold" ],
      "modes": [ "CP" ],
      "parachute": true,
      "position": {
        "min": { "x": -750, "y": -7250, "z": 2100 },
        "max": { "x": 1750, "y": -5250, "z": 2700 }
      },
      "rotation": { "x": 0, "y": 0, "z": 0 }
    },
    {
      "name": "free-bonus",
      "free": true,
      "types": [ "health", "double_armor" ],
      "modes": [ "CP", "DM", "CTF", "TDM" ],
      "parachute": true,
      "position": {
        "min": { "x": 6500, "y": -3000, "z": 1800 },
        "max": { "x": 7500, "y": -2500, "z": 2100 }
      },
      "rotation": { "x": 0, "y": 0, "z": 0 }
    },
    {
      "name": "free-bonus",
      "free": true,
      "types": [ "health", "double_armor" ],
      "modes": [ "CP", "DM", "CTF", "TDM" ],
      "parachute": true,
      "position": {
        "min": { "x": -6500, "y": -3000, "z": 1800 },
        "max": { "x": -5500, "y": -2500, "z": 2100 }
      },
      "rotation": { "x": 0, "y": 0, "z": 0 }
    },
    {
      "name": "free-bonus",
      "free": true,
      "types": [ "crystal", "gold" ],
      "modes": [ "CP" ],
      "parachute": true,
      "position": {
        "min": { "x": -750, "y": -6750, "z": 2100 },
        "max": { "x": 1750, "y": -4750, "z": 2700 }
      },
      "rotation": { "x": 0, "y": 0, "z": 0 }
    },
    {
      "name": "free-bonus",
      "free": true,
      "types": [ "nitro" ],
      "modes": [ "CP", "DM", "CTF", "TDM" ],
      "parachute": true,
      "position": {
        "min": { "x": -5875, "y": -11250, "z": 1200 },
        "max": { "x": -5375, "y": -10750, "z": 1500 }
      },
      "rotation": { "x": 0, "y": 0, "z": 0 }
    },
    {
      "name": "free-bonus",
      "free": true,
      "types": [ "double_damage" ],
      "modes": [ "CP", "DM", "CTF", "TDM" ],
      "parachute": true,
      "position": {
        "min": { "x": 7000, "y": 500, "z": 1200 },
        "max": { "x": 7500, "y": 2000, "z": 1500 }
      },
      "rotation": { "x": 0, "y": 0, "z": 0 }
    },
    {
      "name": "free-bonus",
      "free": true,
      "types": [ "nitro" ],
      "modes": [ "CP", "DM", "CTF", "TDM" ],
      "parachute": true,
      "position": {
        "min": { "x": 1625, "y": -3000, "z": 1800 },
        "max": { "x": 2625, "y": -1500, "z": 2700 }
      },
      "rotation": { "x": 0, "y": 0, "z": 0 }
    },
    {
      "name": "free-bonus",
      "free": true,
      "types": [ "nitro" ],
      "modes": [ "CP", "DM", "CTF", "TDM" ],
      "parachute": true,
      "position": {
        "min": { "x": -5875, "y": 5250, "z": 1200 },
        "max": { "x": -5375, "y": 5750, "z": 1500 }
      },
      "rotation": { "x": 0, "y": 0, "z": 0 }
    },
    {
      "name": "free-bonus",
      "free": true,
      "types": [ "nitro", "double_armor" ],
      "modes": [ "CP", "DM", "CTF", "TDM" ],
      "parachute": true,
      "position": {
        "min": { "x": 1000, "y": -5250, "z": 1800 },
        "max": { "x": 2500, "y": -3750, "z": 2700 }
      },
      "rotation": { "x": 0, "y": 0, "z": 0 }
    },
    {
      "name": "free-bonus",
      "free": true,
      "types": [ "double_damage" ],
      "modes": [ "CP", "DM", "CTF", "TDM" ],
      "parachute": true,
      "position": {
        "min": { "x": 7000, "y": -7500, "z": 1200 },
        "max": { "x": 7500, "y": -6000, "z": 1500 }
      },
      "rotation": { "x": 0, "y": 0, "z": 0 }
    },
    {
      "name": "free-bonus",
      "free": true,
      "types": [ "nitro" ],
      "modes": [ "CP", "DM", "CTF", "TDM" ],
      "parachute": true,
      "position": {
        "min": { "x": 6375, "y": 5250, "z": 1200 },
        "max": { "x": 6875, "y": 5750, "z": 1500 }
      },
      "rotation": { "x": 0, "y": 0, "z": 0 }
    },
    {
      "name": "free-bonus",
      "free": true,
      "types": [ "crystal" ],
      "modes": [ "DM", "CTF", "TDM" ],
      "parachute": true,
      "position": {
        "min": { "x": -750, "y": -5750, "z": 2100 },
        "max": { "x": 1750, "y": -2750, "z": 2700 }
      },
      "rotation": { "x": 0, "y": 0, "z": 0 }
    },
    {
      "name": "free-bonus",
      "free": true,
      "types": [ "health", "double_damage" ],
      "modes": [ "CP", "DM", "CTF", "TDM" ],
      "parachute": true,
      "position": {
        "min": { "x": 1000, "y": -500, "z": 1800 },
        "max": { "x": 2500, "y": 1000, "z": 2700 }
      },
      "rotation": { "x": 0, "y": 0, "z": 0 }
    },
    {
      "name": "free-bonus",
      "free": true,
      "types": [ "crystal" ],
      "modes": [ "DM", "CTF", "TDM" ],
      "parachute": true,
      "position": {
        "min": { "x": -750, "y": -2750, "z": 2100 },
        "max": { "x": 1750, "y": 250, "z": 2700 }
      },
      "rotation": { "x": 0, "y": 0, "z": 0 }
    },
    {
      "name": "free-bonus",
      "free": true,
      "types": [ "nitro" ],
      "modes": [ "CP", "DM", "CTF", "TDM" ],
      "parachute": true,
      "position": {
        "min": { "x": 6375, "y": -11250, "z": 1200 },
        "max": { "x": 6875, "y": -10750, "z": 1500 }
      },
      "rotation": { "x": 0, "y": 0, "z": 0 }
    },
    {
      "name": "free-bonus",
      "free": true,
      "types": [ "crystal", "gold" ],
      "modes": [ "CP" ],
      "parachute": true,
      "position": {
        "min": { "x": -750, "y": -750, "z": 2100 },
        "max": { "x": 1750, "y": 1250, "z": 2700 }
      },
      "rotation": { "x": 0, "y": 0, "z": 0 }
    },
    {
      "name": "free-bonus",
      "free": true,
      "types": [ "double_damage" ],
      "modes": [ "CP", "DM", "CTF", "TDM" ],
      "parachute": true,
      "position": {
        "min": { "x": -6500, "y": 500, "z": 1200 },
        "max": { "x": -6000, "y": 2000, "z": 1500 }
      },
      "rotation": { "x": 0, "y": 0, "z": 0 }
    },
    {
      "name": "free-bonus",
      "free": true,
      "types": [ "health", "double_damage" ],
      "modes": [ "CP", "DM", "CTF", "TDM" ],
      "parachute": true,
      "position": {
        "min": { "x": -1500, "y": -6500, "z": 1800 },
        "max": { "x": 0, "y": -5000, "z": 2700 }
      },
      "rotation": { "x": 0, "y": 0, "z": 0 }
    },
    {
      "name": "free-bonus",
      "free": true,
      "types": [ "nitro" ],
      "modes": [ "CP", "DM", "CTF", "TDM" ],
      "parachute": true,
      "position": {
        "min": { "x": -1625, "y": -4000, "z": 1800 },
        "max": { "x": -625, "y": -2500, "z": 2700 }
      },
      "rotation": { "x": 0, "y": 0, "z": 0 }
    }
  ]
}
