{
  "name": "map_trains",
  "theme": "winter_day",

  "id": 423732,
  "preview": 224984,

  "visual": {
    "angleX": -1,
    "angleZ": -0.5,

    "lightColor": 8419955,
    "shadowColor": 6184542,

    "fogAlpha": 0.25,
    "fogColor": 15333375,

    "farLimit": 10000,
    "nearLimit": 5000,

    "gravity": 1000,
    "skyboxRevolutionSpeed": 0,
    "ssaoColor": 2374217,

    "dustAlpha": 0.8999999761581421,
    "dustDensity": 0.15000000596046448,
    "dustFarDistance": 7000,
    "dustNearDistance": 5000,
    "dustParticle": "winter",
    "dustSize": 200
  },
  "skybox": "Winter",
  "resources": {
    "proplibs": [
      "Bush Winter",
      "City Builds Winter",
      "Cliffs Winter",
      "Concrete Tiles Winter",
      "Concrete Walls Winter",
      "Grass Tiles Winter",
      "NuBu 3 Winter",
      "NuBu 5 Winter",
      "NuBu 9 Winter",
      "Promotion Winter",
      "Slopes Rises Winter",
      "Small Bridge Winter",
      "Village Builds Winter"
    ],
    "map": { "id": 423732, "version": 1 }
  },
  "spawnPoints": [
    {
      "position": { "x": 0, "y": 0, "z": 0 },
      "rotation": { "x": 0, "y": 0, "z": 0 }
    }
  ],
  "bonuses": [
  ]
}
