{
  "name": "map_station",
  "theme": "winter_day",

  "id": 162648,
  "preview": 637843,

  "visual": {
    "angleX": -1,
    "angleZ": -0.5,

    "lightColor": 8419955,
    "shadowColor": 6184542,

    "fogAlpha": 0.25,
    "fogColor": 15333375,

    "farLimit": 10000,
    "nearLimit": 5000,

    "gravity": 1000,
    "skyboxRevolutionSpeed": 0,
    "ssaoColor": 2374217,

    "dustAlpha": 0.8999999761581421,
    "dustDensity": 0.15000000596046448,
    "dustFarDistance": 7000,
    "dustNearDistance": 5000,
    "dustParticle": "winter",
    "dustSize": 200
  },
  "skybox": "Winter",
  "resources": {
    "proplibs": [
      "Bush Winter",
      "City Buildings Winter",
      "Desert Houses Winter",
      "Industrial Bridge Winter",
      "Industrial Elements Winter",
      "Land Rocks Winter",
      "Land Tiles Winter",
      "Outer Walls Winter",
      "Promotion Winter",
      "Stuffs Winter",
      "Trees Winter",
      "Waffle Fence Winter"
    ],
    "map": { "id": 162648, "version": 1 }
  },
  "spawnPoints": [
    {
      "team": "RED",
      "position": { "x": -3750, "y": 187.5, "z": 0 },
      "rotation": { "x": 0, "y": 0, "z": 0 }
    },
    {
      "team": "BLUE",
      "position": { "x": 3250, "y": -2250, "z": 0 },
      "rotation": { "x": 0, "y": 0, "z": 0 }
    },
    {
      "team": "BLUE",
      "position": { "x": 2250, "y": -4187.5, "z": 0 },
      "rotation": { "x": 0, "y": 0, "z": 0 }
    },
    {
      "team": "BLUE",
      "position": { "x": 5687.5, "y": 250, "z": 0 },
      "rotation": { "x": 0, "y": 0, "z": 0 }
    },
    {
      "team": "RED",
      "position": { "x": -5187.5, "y": 750, "z": 0 },
      "rotation": { "x": 0, "y": 0, "z": 0 }
    },
    {
      "team": "BLUE",
      "position": { "x": 5687.5, "y": -750, "z": 0 },
      "rotation": { "x": 0, "y": 0, "z": 0 }
    },
    {
      "mode": "DM",
      "position": { "x": -1028.869, "y": 4777.883, "z": 0 },
      "rotation": { "x": 0, "y": 0, "z": 0 }
    },
    {
      "mode": "DM",
      "position": { "x": 2250, "y": -250, "z": 0 },
      "rotation": { "x": 0, "y": 0, "z": 0 }
    },
    {
      "mode": "DM",
      "position": { "x": 3250, "y": -4187.5, "z": 0 },
      "rotation": { "x": 0, "y": 0, "z": 0 }
    },
    {
      "team": "BLUE",
      "position": { "x": 5250, "y": -4250, "z": 0 },
      "rotation": { "x": 0, "y": 0, "z": 0 }
    },
    {
      "mode": "DM",
      "position": { "x": 5687.5, "y": 1250, "z": 0 },
      "rotation": { "x": 0, "y": 0, "z": 0 }
    },
    {
      "team": "RED",
      "position": { "x": -4250, "y": 812.5, "z": 0 },
      "rotation": { "x": 0, "y": 0, "z": 0 }
    },
    {
      "team": "RED",
      "position": { "x": -3750, "y": -4187.5, "z": 0 },
      "rotation": { "x": 0, "y": 0, "z": 0 }
    },
    {
      "mode": "DM",
      "position": { "x": 1750, "y": 750, "z": 0 },
      "rotation": { "x": 0, "y": 0, "z": 0 }
    },
    {
      "mode": "DM",
      "position": { "x": -1750, "y": -4187.5, "z": 0 },
      "rotation": { "x": 0, "y": 0, "z": 0 }
    },
    {
      "team": "BLUE",
      "position": { "x": 5250, "y": -2250, "z": 0 },
      "rotation": { "x": 0, "y": 0, "z": 0 }
    },
    {
      "team": "RED",
      "position": { "x": -3250, "y": -4187.5, "z": 0 },
      "rotation": { "x": 0, "y": 0, "z": 0 }
    },
    {
      "team": "RED",
      "position": { "x": -5187.5, "y": 2750, "z": 0 },
      "rotation": { "x": 0, "y": 0, "z": 0 }
    },
    {
      "mode": "DM",
      "position": { "x": 3687.5, "y": -3250, "z": 0 },
      "rotation": { "x": 0, "y": 0, "z": 0 }
    },
    {
      "team": "RED",
      "position": { "x": -5187.5, "y": 1750, "z": 0 },
      "rotation": { "x": 0, "y": 0, "z": 0 }
    },
    {
      "team": "RED",
      "position": { "x": -3250, "y": 1250, "z": 0 },
      "rotation": { "x": 0, "y": 0, "z": 0 }
    },
    {
      "mode": "DM",
      "position": { "x": -1750, "y": -1250, "z": 0 },
      "rotation": { "x": 0, "y": 0, "z": 0 }
    },
    {
      "mode": "DM",
      "position": { "x": 1250, "y": 750, "z": 0 },
      "rotation": { "x": 0, "y": 0, "z": 0 }
    },
    {
      "mode": "DM",
      "position": { "x": -250, "y": 250, "z": 0 },
      "rotation": { "x": 0, "y": 0, "z": 0 }
    },
    {
      "team": "BLUE",
      "position": { "x": 4250, "y": 4750, "z": 0 },
      "rotation": { "x": 0, "y": 0, "z": 0 }
    },
    {
      "team": "BLUE",
      "position": { "x": 4750, "y": 5250, "z": 0 },
      "rotation": { "x": 0, "y": 0, "z": 0 }
    },
    {
      "mode": "DM",
      "position": { "x": 250, "y": -3750, "z": 0 },
      "rotation": { "x": 0, "y": 0, "z": 0 }
    },
    {
      "team": "RED",
      "position": { "x": -3250, "y": -2750, "z": 0 },
      "rotation": { "x": 0, "y": 0, "z": 0 }
    },
    {
      "mode": "DM",
      "position": { "x": -5250, "y": -4187.5, "z": 0 },
      "rotation": { "x": 0, "y": 0, "z": 0 }
    },
    {
      "team": "BLUE",
      "position": { "x": 2750, "y": -4187.5, "z": 0 },
      "rotation": { "x": 0, "y": 0, "z": 0 }
    },
    {
      "team": "RED",
      "position": { "x": -3750, "y": 4750, "z": 0 },
      "rotation": { "x": 0, "y": 0, "z": 0 }
    },
    {
      "mode": "DM",
      "position": { "x": -4750, "y": 250, "z": 0 },
      "rotation": { "x": 0, "y": 0, "z": 0 }
    },
    {
      "mode": "DM",
      "position": { "x": 1250, "y": 4750, "z": 0 },
      "rotation": { "x": 0, "y": 0, "z": 0 }
    },
    {
      "team": "RED",
      "position": { "x": -5187.5, "y": -250, "z": 0 },
      "rotation": { "x": 0, "y": 0, "z": 0 }
    },
    {
      "mode": "DM",
      "position": { "x": 5687.5, "y": 3750, "z": 0 },
      "rotation": { "x": 0, "y": 0, "z": 0 }
    },
    {
      "team": "BLUE",
      "position": { "x": 3750, "y": 250, "z": 0 },
      "rotation": { "x": 0, "y": 0, "z": 0 }
    },
    {
      "team": "RED",
      "position": { "x": -5250, "y": -3250, "z": 0 },
      "rotation": { "x": 0, "y": 0, "z": 0 }
    },
    {
      "mode": "DM",
      "position": { "x": 1250, "y": -4187.5, "z": 0 },
      "rotation": { "x": 0, "y": 0, "z": 0 }
    },
    {
      "mode": "DM",
      "position": { "x": -4875, "y": 3250, "z": 0 },
      "rotation": { "x": 0, "y": 0, "z": 0 }
    },
    {
      "mode": "DM",
      "position": { "x": 4250, "y": 1250, "z": 0 },
      "rotation": { "x": 0, "y": 0, "z": 0 }
    },
    {
      "mode": "DM",
      "position": { "x": -1250, "y": -3750, "z": 0 },
      "rotation": { "x": 0, "y": 0, "z": 0 }
    },
    {
      "team": "BLUE",
      "position": { "x": 4250, "y": -4250, "z": 0 },
      "rotation": { "x": 0, "y": 0, "z": 0 }
    },
    {
      "mode": "DM",
      "position": { "x": -3187.5, "y": -1750, "z": 0 },
      "rotation": { "x": 0, "y": 0, "z": 0 }
    },
    {
      "mode": "DM",
      "position": { "x": -5187.5, "y": 1250, "z": 0 },
      "rotation": { "x": 0, "y": 0, "z": 0 }
    },
    {
      "mode": "DM",
      "position": { "x": 5250, "y": -250, "z": 0 },
      "rotation": { "x": 0, "y": 0, "z": 0 }
    },
    {
      "team": "BLUE",
      "position": { "x": 4750, "y": 250, "z": 0 },
      "rotation": { "x": 0, "y": 0, "z": 0 }
    },
    {
      "mode": "DM",
      "position": { "x": -4250, "y": 1250, "z": 0 },
      "rotation": { "x": 0, "y": 0, "z": 0 }
    },
    {
      "team": "BLUE",
      "position": { "x": 5687.5, "y": 2750, "z": 0 },
      "rotation": { "x": 0, "y": 0, "z": 0 }
    },
    {
      "mode": "DM",
      "position": { "x": 5250, "y": -1250, "z": 0 },
      "rotation": { "x": 0, "y": 0, "z": 0 }
    },
    {
      "mode": "DM",
      "position": { "x": 1750, "y": -1750, "z": 0 },
      "rotation": { "x": 0, "y": 0, "z": 0 }
    },
    {
      "team": "RED",
      "position": { "x": -3750, "y": -2250, "z": 0 },
      "rotation": { "x": 0, "y": 0, "z": 0 }
    },
    {
      "mode": "DM",
      "position": { "x": -5125, "y": 4250, "z": 0 },
      "rotation": { "x": 0, "y": 0, "z": 0 }
    },
    {
      "team": "BLUE",
      "position": { "x": 3312.5, "y": -1750, "z": 0 },
      "rotation": { "x": 0, "y": 0, "z": 0 }
    },
    {
      "mode": "DM",
      "position": { "x": 5750, "y": 4750, "z": 0 },
      "rotation": { "x": 0, "y": 0, "z": 0 }
    },
    {
      "team": "RED",
      "position": { "x": -4250, "y": 5250, "z": 0 },
      "rotation": { "x": 0, "y": 0, "z": 0 }
    }
  ],
  "flags": {
    "RED": {
      "position": { "x": -4750, "y": -750, "z": 0 }
    },
    "BLUE": {
      "position": { "x": 5750, "y": -2750, "z": 0 }
    }
  },
  "points": [
    {
      "id": "C",
      "distance": 1000,
      "free": false,
      "position": { "x": 1500, "y": -2750, "z": 0 }
    },
    {
      "id": "B",
      "distance": 1000,
      "free": false,
      "position": { "x": -1000, "y": 250, "z": 0 }
    },
    {
      "id": "A",
      "distance": 500,
      "free": false,
      "position": { "x": 250, "y": 3250, "z": 300 }
    }
  ],
  "bonuses": [
    {
      "name": "free-bonus",
      "free": true,
      "types": [ "nitro" ],
      "modes": [ "DM", "TDM", "CP", "CTF" ],
      "parachute": true,
      "position": {
        "min": { "x": -3750, "y": 1500, "z": 600 },
        "max": { "x": -3250, "y": 2000, "z": 900 }
      },
      "rotation": { "x": 0, "y": 0, "z": 0 }
    },
    {
      "name": "free-bonus",
      "free": true,
      "types": [ "health" ],
      "modes": [ "DM", "TDM", "CP", "CTF" ],
      "parachute": true,
      "position": {
        "min": { "x": 1000, "y": 1000, "z": 600 },
        "max": { "x": 1500, "y": 1500, "z": 900 }
      },
      "rotation": { "x": 0, "y": 0, "z": 0 }
    },
    {
      "name": "free-bonus",
      "free": true,
      "types": [ "crystal", "gold" ],
      "modes": [ "TDM", "DM", "CTF" ],
      "parachute": true,
      "position": {
        "min": { "x": -1375, "y": -250, "z": 750 },
        "max": { "x": -375, "y": 750, "z": 1050 }
      },
      "rotation": { "x": 0, "y": 0, "z": 0 }
    },
    {
      "name": "free-bonus",
      "free": true,
      "types": [ "health" ],
      "modes": [ "DM", "TDM", "CP", "CTF" ],
      "parachute": true,
      "position": {
        "min": { "x": 500, "y": -4000, "z": 600 },
        "max": { "x": 1000, "y": -3500, "z": 900 }
      },
      "rotation": { "x": 0, "y": 0, "z": 0 }
    },
    {
      "name": "free-bonus",
      "free": true,
      "types": [ "crystal" ],
      "modes": [ "DM", "TDM", "CP", "CTF" ],
      "parachute": true,
      "position": {
        "min": { "x": -500, "y": 2125, "z": 600 },
        "max": { "x": 0, "y": 2375, "z": 900 }
      },
      "rotation": { "x": 0, "y": 0, "z": 0 }
    },
    {
      "name": "free-bonus",
      "free": true,
      "types": [ "double_damage" ],
      "modes": [ "DM", "TDM", "CP", "CTF" ],
      "parachute": true,
      "position": {
        "min": { "x": 1000, "y": 4125, "z": 600 },
        "max": { "x": 1500, "y": 4375, "z": 900 }
      },
      "rotation": { "x": 0, "y": 0, "z": 0 }
    },
    {
      "name": "free-bonus",
      "free": true,
      "types": [ "nitro" ],
      "modes": [ "DM", "TDM", "CP", "CTF" ],
      "parachute": true,
      "position": {
        "min": { "x": 2500, "y": 2750, "z": 900 },
        "max": { "x": 3000, "y": 3750, "z": 1200 }
      },
      "rotation": { "x": 0, "y": 0, "z": 0 }
    },
    {
      "name": "free-bonus",
      "free": true,
      "types": [ "crystal", "gold" ],
      "modes": [ "DM", "TDM", "CP", "CTF" ],
      "parachute": true,
      "position": {
        "min": { "x": 500, "y": -1750, "z": 750 },
        "max": { "x": 1500, "y": -750, "z": 1050 }
      },
      "rotation": { "x": 0, "y": 0, "z": 0 }
    },
    {
      "name": "free-bonus",
      "free": true,
      "types": [ "double_armor" ],
      "modes": [ "DM", "TDM", "CP", "CTF" ],
      "parachute": true,
      "position": {
        "min": { "x": -1000, "y": 4125, "z": 600 },
        "max": { "x": -500, "y": 4375, "z": 900 }
      },
      "rotation": { "x": 0, "y": 0, "z": 0 }
    },
    {
      "name": "free-bonus",
      "free": true,
      "types": [ "nitro" ],
      "modes": [ "DM", "TDM", "CP", "CTF" ],
      "parachute": true,
      "position": {
        "min": { "x": -2500, "y": 2750, "z": 900 },
        "max": { "x": -2000, "y": 3750, "z": 1200 }
      },
      "rotation": { "x": 0, "y": 0, "z": 0 }
    },
    {
      "name": "free-bonus",
      "free": true,
      "types": [ "crystal", "gold" ],
      "modes": [ "TDM", "DM", "CTF" ],
      "parachute": true,
      "position": {
        "min": { "x": 0, "y": 2875, "z": 1050 },
        "max": { "x": 500, "y": 3625, "z": 1350 }
      },
      "rotation": { "x": 0, "y": 0, "z": 0 }
    },
    {
      "name": "free-bonus",
      "free": true,
      "types": [ "double_armor" ],
      "modes": [ "DM", "TDM", "CP", "CTF" ],
      "parachute": true,
      "position": {
        "min": { "x": -750, "y": -2375, "z": 600 },
        "max": { "x": -250, "y": -2125, "z": 900 }
      },
      "rotation": { "x": 0, "y": 0, "z": 0 }
    },
    {
      "name": "free-bonus",
      "free": true,
      "types": [ "crystal" ],
      "modes": [ "CP" ],
      "parachute": true,
      "position": {
        "min": { "x": -1250, "y": -1250, "z": 600 },
        "max": { "x": -250, "y": -750, "z": 900 }
      },
      "rotation": { "x": 0, "y": 0, "z": 0 }
    },
    {
      "name": "free-bonus",
      "free": true,
      "types": [ "double_damage" ],
      "modes": [ "DM", "TDM", "CP", "CTF" ],
      "parachute": true,
      "position": {
        "min": { "x": 2500, "y": -1250, "z": 600 },
        "max": { "x": 3500, "y": -250, "z": 900 }
      },
      "rotation": { "x": 0, "y": 0, "z": 0 }
    },
    {
      "name": "free-bonus",
      "free": true,
      "types": [ "double_damage" ],
      "modes": [ "DM", "TDM", "CP", "CTF" ],
      "parachute": true,
      "position": {
        "min": { "x": -3000, "y": -3000, "z": 600 },
        "max": { "x": -2500, "y": -2500, "z": 900 }
      },
      "rotation": { "x": 0, "y": 0, "z": 0 }
    },
    {
      "name": "free-bonus",
      "free": true,
      "types": [ "nitro" ],
      "modes": [ "DM", "TDM", "CP", "CTF" ],
      "parachute": true,
      "position": {
        "min": { "x": 2500, "y": -3500, "z": 600 },
        "max": { "x": 3000, "y": -3000, "z": 900 }
      },
      "rotation": { "x": 0, "y": 0, "z": 0 }
    }
  ]
}
