{
  "name": "map_kolhoz",
  "theme": "winter_day",

  "id": 499765,
  "preview": 648625,

  "visual": {
    "angleX": -1,
    "angleZ": -0.5,

    "lightColor": 8419955,
    "shadowColor": 6184542,

    "fogAlpha": 0.25,
    "fogColor": 15333375,

    "farLimit": 10000,
    "nearLimit": 5000,

    "gravity": 1000,
    "skyboxRevolutionSpeed": 0,
    "ssaoColor": 2374217,

    "dustAlpha": 0.8999999761581421,
    "dustDensity": 0.15000000596046448,
    "dustFarDistance": 7000,
    "dustNearDistance": 5000,
    "dustParticle": "winter",
    "dustSize": 200
  },
  "skybox": "Winter",
  "resources": {
    "proplibs": [
      "Bush Winter",
      "Cliffs Winter",
      "Concrete Tiles Winter",
      "Concrete Walls Winter",
      "Grass Tiles Winter",
      "NuBu 2 Winter",
      "NuBu 3 Winter",
      "Promotion Winter",
      "Village Builds Winter"
    ],
    "map": { "id": 499765, "version": 1 }
  },
  "spawnPoints": [
    {
      "team": "RED",
      "position": { "x": 1500, "y": -3375, "z": -600 },
      "rotation": { "x": 0, "y": 0, "z": -600 }
    },
    {
      "team": "BLUE",
      "position": { "x": -17750, "y": -4000, "z": -600 },
      "rotation": { "x": 0, "y": 0, "z": -600 }
    },
    {
      "team": "BLUE",
      "position": { "x": -17250, "y": 3750, "z": 0 },
      "rotation": { "x": 0, "y": 0, "z": 0 }
    },
    {
      "team": "BLUE",
      "position": { "x": -14550.358, "y": 2071.273, "z": 0 },
      "rotation": { "x": 0, "y": 0, "z": 0 }
    },
    {
      "team": "BLUE",
      "position": { "x": -18750, "y": -4250, "z": -600 },
      "rotation": { "x": 0, "y": 0, "z": -600 }
    },
    {
      "team": "BLUE",
      "position": { "x": -17250, "y": -4187.5, "z": -600 },
      "rotation": { "x": 0, "y": 0, "z": -600 }
    },
    {
      "team": "RED",
      "position": { "x": 94.642, "y": -1730.634, "z": 0 },
      "rotation": { "x": 0, "y": 0, "z": 0 }
    },
    {
      "team": "BLUE",
      "position": { "x": -19750, "y": 750, "z": 0 },
      "rotation": { "x": 0, "y": 0, "z": 0 }
    },
    {
      "mode": "DM",
      "position": { "x": -9735.4, "y": -2006.752, "z": -600 },
      "rotation": { "x": 0, "y": 0, "z": -600 }
    },
    {
      "team": "RED",
      "position": { "x": 7250, "y": -1750, "z": 0 },
      "rotation": { "x": 0, "y": 0, "z": 0 }
    },
    {
      "team": "BLUE",
      "position": { "x": -20280.757, "y": -3092.123, "z": 0 },
      "rotation": { "x": 0, "y": 0, "z": 0 }
    },
    {
      "team": "BLUE",
      "position": { "x": -17219.906, "y": 3374.116, "z": 0 },
      "rotation": { "x": 0, "y": 0, "z": 0 }
    },
    {
      "team": "BLUE",
      "position": { "x": -13750, "y": 5750, "z": 0 },
      "rotation": { "x": 0, "y": 0, "z": 0 }
    },
    {
      "team": "BLUE",
      "position": { "x": -18932.563, "y": -3868.642, "z": -600 },
      "rotation": { "x": 0, "y": 0, "z": -600 }
    },
    {
      "team": "RED",
      "position": { "x": 6750, "y": 2250, "z": 0 },
      "rotation": { "x": 0, "y": 0, "z": 0 }
    },
    {
      "mode": "DM",
      "position": { "x": 3375, "y": -2875, "z": 0 },
      "rotation": { "x": 0, "y": 0, "z": 0 }
    },
    {
      "mode": "DM",
      "position": { "x": -7013.849, "y": -2254.487, "z": -600 },
      "rotation": { "x": 0, "y": 0, "z": -600 }
    },
    {
      "mode": "DM",
      "position": { "x": 2750, "y": 3750, "z": 0 },
      "rotation": { "x": 0, "y": 0, "z": 0 }
    },
    {
      "team": "BLUE",
      "position": { "x": -14375, "y": 1750, "z": 0 },
      "rotation": { "x": 0, "y": 0, "z": 0 }
    },
    {
      "mode": "DM",
      "position": { "x": 2250, "y": -1750, "z": 0 },
      "rotation": { "x": 0, "y": 0, "z": 0 }
    },
    {
      "mode": "DM",
      "position": { "x": -19531.199, "y": 5385.488, "z": 0 },
      "rotation": { "x": 0, "y": 0, "z": 0 }
    },
    {
      "team": "RED",
      "position": { "x": 7498.339, "y": 6112.731, "z": 0 },
      "rotation": { "x": 0, "y": 0, "z": 0 }
    },
    {
      "team": "RED",
      "position": { "x": 7614.526, "y": -1970.186, "z": 0 },
      "rotation": { "x": 0, "y": 0, "z": 0 }
    },
    {
      "team": "RED",
      "position": { "x": 7750, "y": 5750, "z": 0 },
      "rotation": { "x": 0, "y": 0, "z": 0 }
    },
    {
      "team": "BLUE",
      "position": { "x": -14421.171, "y": 587.343, "z": 0 },
      "rotation": { "x": 0, "y": 0, "z": 0 }
    },
    {
      "mode": "DM",
      "position": { "x": 7750, "y": 2250, "z": 0 },
      "rotation": { "x": 0, "y": 0, "z": 0 }
    },
    {
      "team": "RED",
      "position": { "x": 4813.959, "y": 1909.331, "z": 0 },
      "rotation": { "x": 0, "y": 0, "z": 0 }
    },
    {
      "team": "RED",
      "position": { "x": -250, "y": -4125, "z": -600 },
      "rotation": { "x": 0, "y": 0, "z": -600 }
    },
    {
      "team": "RED",
      "position": { "x": -2750, "y": 5750, "z": 0 },
      "rotation": { "x": 0, "y": 0, "z": 0 }
    },
    {
      "mode": "DM",
      "position": { "x": -14386.091, "y": 1012.377, "z": 0 },
      "rotation": { "x": 0, "y": 0, "z": 0 }
    },
    {
      "team": "RED",
      "position": { "x": 5599.827, "y": -3097.081, "z": 0 },
      "rotation": { "x": 0, "y": 0, "z": 0 }
    },
    {
      "mode": "DM",
      "position": { "x": 7250, "y": -4750, "z": 0 },
      "rotation": { "x": 0, "y": 0, "z": 0 }
    },
    {
      "team": "RED",
      "position": { "x": 5750, "y": -2750, "z": 0 },
      "rotation": { "x": 0, "y": 0, "z": 0 }
    },
    {
      "mode": "DM",
      "position": { "x": -19944.563, "y": 643.195, "z": 0 },
      "rotation": { "x": 0, "y": 0, "z": 0 }
    },
    {
      "team": "BLUE",
      "position": { "x": -14500, "y": 125, "z": 0 },
      "rotation": { "x": 0, "y": 0, "z": 0 }
    },
    {
      "mode": "DM",
      "position": { "x": 7750, "y": -750, "z": 0 },
      "rotation": { "x": 0, "y": 0, "z": 0 }
    },
    {
      "team": "RED",
      "position": { "x": 4650.272, "y": -1730.423, "z": 0 },
      "rotation": { "x": 0, "y": 0, "z": 0 }
    },
    {
      "team": "RED",
      "position": { "x": 7253.746, "y": 2404.313, "z": 0 },
      "rotation": { "x": 0, "y": 0, "z": 0 }
    },
    {
      "team": "RED",
      "position": { "x": -2800.199, "y": 6183.424, "z": 0 },
      "rotation": { "x": 0, "y": 0, "z": 0 }
    },
    {
      "mode": "DM",
      "position": { "x": -17750, "y": -3750, "z": -600 },
      "rotation": { "x": 0, "y": 0, "z": -600 }
    },
    {
      "team": "BLUE",
      "position": { "x": -20155.217, "y": 672.896, "z": 0 },
      "rotation": { "x": 0, "y": 0, "z": 0 }
    },
    {
      "mode": "DM",
      "position": { "x": -7500, "y": 3500, "z": -600 },
      "rotation": { "x": 0, "y": 0, "z": -600 }
    },
    {
      "team": "BLUE",
      "position": { "x": -14360.981, "y": 5993.611, "z": 0 },
      "rotation": { "x": 0, "y": 0, "z": 0 }
    },
    {
      "team": "BLUE",
      "position": { "x": -20250, "y": -2750, "z": 0 },
      "rotation": { "x": 0, "y": 0, "z": 0 }
    },
    {
      "team": "RED",
      "position": { "x": 4875, "y": 2250, "z": 0 },
      "rotation": { "x": 0, "y": 0, "z": 0 }
    },
    {
      "mode": "DM",
      "position": { "x": -4250, "y": 1750, "z": -600 },
      "rotation": { "x": 0, "y": 0, "z": -600 }
    },
    {
      "team": "RED",
      "position": { "x": -250, "y": -1750, "z": 0 },
      "rotation": { "x": 0, "y": 0, "z": 0 }
    },
    {
      "team": "RED",
      "position": { "x": 4250, "y": -1750, "z": 0 },
      "rotation": { "x": 0, "y": 0, "z": 0 }
    },
    {
      "team": "RED",
      "position": { "x": 6250, "y": -4750, "z": 0 },
      "rotation": { "x": 0, "y": 0, "z": 0 }
    },
    {
      "mode": "DM",
      "position": { "x": -12250, "y": 750, "z": 0 },
      "rotation": { "x": 0, "y": 0, "z": 0 }
    },
    {
      "team": "BLUE",
      "position": { "x": -14250, "y": -2437.5, "z": -600 },
      "rotation": { "x": 0, "y": 0, "z": -600 }
    },
    {
      "mode": "DM",
      "position": { "x": -1750, "y": 5250, "z": 0 },
      "rotation": { "x": 0, "y": 0, "z": 0 }
    },
    {
      "mode": "DM",
      "position": { "x": -12250, "y": 6250, "z": 0 },
      "rotation": { "x": 0, "y": 0, "z": 0 }
    },
    {
      "team": "BLUE",
      "position": { "x": -14625, "y": -2437.5, "z": -600 },
      "rotation": { "x": 0, "y": 0, "z": -600 }
    },
    {
      "mode": "DM",
      "position": { "x": -1250, "y": -1750, "z": 0 },
      "rotation": { "x": 0, "y": 0, "z": 0 }
    }
  ],
  "flags": {
    "RED": {
      "position": { "x": 2750, "y": 250, "z": 0 }
    },
    "BLUE": {
      "position": { "x": -17250, "y": 750, "z": 600 }
    }
  },
  "points": [
    {
      "id": "B",
      "distance": 1000,
      "free": false,
      "position": { "x": -9500, "y": -750, "z": -600 }
    },
    {
      "id": "C",
      "distance": 1000,
      "free": false,
      "position": { "x": -7750, "y": 3500, "z": -600 }
    },
    {
      "id": "A",
      "distance": 1000,
      "free": false,
      "position": { "x": -5750, "y": -250, "z": -600 }
    }
  ],
  "bonuses": [
    {
      "name": "free-bonus",
      "free": true,
      "types": [ "nitro", "double_damage" ],
      "modes": [ "TDM", "DM", "CTF" ],
      "parachute": true,
      "position": {
        "min": { "x": -10000, "y": -1500, "z": 300 },
        "max": { "x": -9500, "y": -500, "z": 600 }
      },
      "rotation": { "x": 0, "y": 0, "z": 0 }
    },
    {
      "name": "free-bonus",
      "free": true,
      "types": [ "nitro", "double_damage", "health" ],
      "modes": [ "CTF" ],
      "parachute": true,
      "position": {
        "min": { "x": 0, "y": -500, "z": 900 },
        "max": { "x": 1500, "y": 1000, "z": 1200 }
      },
      "rotation": { "x": 0, "y": 0, "z": 0 }
    },
    {
      "name": "free-bonus",
      "free": true,
      "types": [ "health", "double_damage" ],
      "modes": [ "TDM", "CP", "DM", "CTF" ],
      "parachute": true,
      "position": {
        "min": { "x": -17875, "y": 125, "z": 1500 },
        "max": { "x": -16625, "y": 1375, "z": 1800 }
      },
      "rotation": { "x": 0, "y": 0, "z": 0 }
    },
    {
      "name": "free-bonus",
      "free": true,
      "types": [ "gold" ],
      "modes": [ "TDM", "DM", "CTF" ],
      "parachute": true,
      "position": {
        "min": { "x": -6000, "y": -500, "z": 600 },
        "max": { "x": -5500, "y": 500, "z": 900 }
      },
      "rotation": { "x": 0, "y": 0, "z": 0 }
    },
    {
      "name": "free-bonus",
      "free": true,
      "types": [ "nitro", "crystal", "gold" ],
      "modes": [ "TDM", "CP", "DM", "CTF" ],
      "parachute": true,
      "position": {
        "min": { "x": -2500, "y": 1750, "z": 900 },
        "max": { "x": -1500, "y": 2750, "z": 1200 }
      },
      "rotation": { "x": 0, "y": 0, "z": 0 }
    },
    {
      "name": "free-bonus",
      "free": true,
      "types": [ "gold" ],
      "modes": [ "TDM", "CP", "DM", "CTF" ],
      "parachute": true,
      "position": {
        "min": { "x": -12250, "y": 500, "z": 1125 },
        "max": { "x": -11750, "y": 1500, "z": 1425 }
      },
      "rotation": { "x": 0, "y": 0, "z": 0 }
    },
    {
      "name": "free-bonus",
      "free": true,
      "types": [ "nitro", "double_damage", "crystal" ],
      "modes": [ "TDM", "CP", "CTF", "DM" ],
      "parachute": true,
      "position": {
        "min": { "x": -12250, "y": 500, "z": 825 },
        "max": { "x": -11750, "y": 1500, "z": 1125 }
      },
      "rotation": { "x": 0, "y": 0, "z": 0 }
    },
    {
      "name": "free-bonus",
      "free": true,
      "types": [ "nitro", "double_damage", "health" ],
      "modes": [ "TDM", "CP", "DM" ],
      "parachute": true,
      "position": {
        "min": { "x": 2000, "y": -500, "z": 900 },
        "max": { "x": 3500, "y": 1000, "z": 1200 }
      },
      "rotation": { "x": 0, "y": 0, "z": 0 }
    },
    {
      "name": "free-bonus",
      "free": true,
      "types": [ "nitro" ],
      "modes": [ "TDM", "CP", "DM", "CTF" ],
      "parachute": true,
      "position": {
        "min": { "x": 1000, "y": -4000, "z": 300 },
        "max": { "x": 2000, "y": -3500, "z": 600 }
      },
      "rotation": { "x": 0, "y": 0, "z": 0 }
    },
    {
      "name": "free-bonus",
      "free": true,
      "types": [ "double_armor", "double_damage", "crystal" ],
      "modes": [ "TDM", "DM", "CTF" ],
      "parachute": true,
      "position": {
        "min": { "x": -6000, "y": -500, "z": 300 },
        "max": { "x": -5500, "y": 500, "z": 600 }
      },
      "rotation": { "x": 0, "y": 0, "z": 0 }
    },
    {
      "name": "free-bonus",
      "free": true,
      "types": [ "nitro", "double_damage" ],
      "modes": [ "TDM", "CP", "DM", "CTF" ],
      "parachute": true,
      "position": {
        "min": { "x": 7068.408, "y": -226.968, "z": 900 },
        "max": { "x": 7818.408, "y": 773.032, "z": 1200 }
      },
      "rotation": { "x": 0, "y": 0, "z": 0 }
    },
    {
      "name": "free-bonus",
      "free": true,
      "types": [ "double_armor", "double_damage" ],
      "modes": [ "TDM", "CP", "DM", "CTF" ],
      "parachute": true,
      "position": {
        "min": { "x": -17250, "y": -2750, "z": 300 },
        "max": { "x": -16250, "y": -2250, "z": 600 }
      },
      "rotation": { "x": 0, "y": 0, "z": 0 }
    },
    {
      "name": "free-bonus",
      "free": true,
      "types": [ "nitro", "double_armor" ],
      "modes": [ "TDM", "CP", "DM", "CTF" ],
      "parachute": true,
      "position": {
        "min": { "x": -6500, "y": 4500, "z": 1200 },
        "max": { "x": -6000, "y": 5500, "z": 1500 }
      },
      "rotation": { "x": 0, "y": 0, "z": 0 }
    },
    {
      "name": "free-bonus",
      "free": true,
      "types": [ "double_damage" ],
      "modes": [ "TDM", "CP", "DM", "CTF" ],
      "parachute": true,
      "position": {
        "min": { "x": 375, "y": 3625, "z": 900 },
        "max": { "x": 1375, "y": 3875, "z": 1200 }
      },
      "rotation": { "x": 0, "y": 0, "z": 0 }
    },
    {
      "name": "free-bonus",
      "free": true,
      "types": [ "nitro", "double_damage" ],
      "modes": [ "CP" ],
      "parachute": true,
      "position": {
        "min": { "x": -10000, "y": 2000, "z": 300 },
        "max": { "x": -9500, "y": 3000, "z": 600 }
      },
      "rotation": { "x": 0, "y": 0, "z": 0 }
    },
    {
      "name": "free-bonus",
      "free": true,
      "types": [ "nitro", "crystal" ],
      "modes": [ "TDM", "CP", "DM", "CTF" ],
      "parachute": true,
      "position": {
        "min": { "x": -10500, "y": -4000, "z": 300 },
        "max": { "x": -9500, "y": -3500, "z": 600 }
      },
      "rotation": { "x": 0, "y": 0, "z": 0 }
    },
    {
      "name": "free-bonus",
      "free": true,
      "types": [ "double_armor", "crystal", "double_damage" ],
      "modes": [ "CP" ],
      "parachute": true,
      "position": {
        "min": { "x": -5250, "y": 1250, "z": 300 },
        "max": { "x": -4250, "y": 1750, "z": 600 }
      },
      "rotation": { "x": 0, "y": 0, "z": 0 }
    },
    {
      "name": "free-bonus",
      "free": true,
      "types": [ "gold" ],
      "modes": [ "TDM", "CP", "DM", "CTF" ],
      "parachute": true,
      "position": {
        "min": { "x": -9625, "y": 750, "z": 1050 },
        "max": { "x": -9125, "y": 1250, "z": 1350 }
      },
      "rotation": { "x": 0, "y": 0, "z": 0 }
    },
    {
      "name": "free-bonus",
      "free": true,
      "types": [ "gold" ],
      "modes": [ "CP" ],
      "parachute": true,
      "position": {
        "min": { "x": -5250, "y": 1250, "z": 600 },
        "max": { "x": -4250, "y": 1750, "z": 900 }
      },
      "rotation": { "x": 0, "y": 0, "z": 0 }
    }
  ]
}
